session,depth,turn,step,inputTokens,cacheReadTokens,outputTokens,reasoningTokens,totalTokens,logicalContext,freshInput,reasoningChars,outputChars,nToolCalls
session-92c9e38d-5c41-403b-8bd0-52dc0ac5c357,0,1,1,9371,1280,674,473,11325,10651,9371,2213,107,2
session-92c9e38d-5c41-403b-8bd0-52dc0ac5c357,0,1,2,169,11264,4989,4636,16422,11433,169,17667,0,2
session-92c9e38d-5c41-403b-8bd0-52dc0ac5c357,0,1,3,230,16256,6360,381,22846,16486,230,1524,150,8
session-92c9e38d-5c41-403b-8bd0-52dc0ac5c357,0,1,4,2404,20736,372,192,23512,23140,2404,757,117,2
session-92c9e38d-5c41-403b-8bd0-52dc0ac5c357,0,1,5,1225,23424,328,118,24977,24649,1225,487,0,3
session-92c9e38d-5c41-403b-8bd0-52dc0ac5c357,0,1,6,209,24960,326,106,25495,25169,209,416,0,2
session-92c9e38d-5c41-403b-8bd0-52dc0ac5c357,0,1,7,295,25472,220,50,25987,25767,295,202,0,1
session-92c9e38d-5c41-403b-8bd0-52dc0ac5c357,0,1,8,167,25856,237,45,26260,26023,167,195,0,2
session-92c9e38d-5c41-403b-8bd0-52dc0ac5c357,0,1,9,1119,26240,439,215,27798,27359,1119,848,0,2
session-92c9e38d-5c41-403b-8bd0-52dc0ac5c357,0,1,10,193,27776,575,243,28544,27969,193,968,0,2
session-92c9e38d-5c41-403b-8bd0-52dc0ac5c357,0,1,11,452,28544,403,113,29399,28996,452,430,0,2
session-92c9e38d-5c41-403b-8bd0-52dc0ac5c357,0,1,12,1079,29312,944,398,31335,30391,1079,1753,0,3
session-92c9e38d-5c41-403b-8bd0-52dc0ac5c357,0,1,13,3422,31232,2412,925,37066,34654,3422,3858,208,5
session-92c9e38d-5c41-403b-8bd0-52dc0ac5c357,0,1,14,1506,36992,1736,298,40234,38498,1506,1208,159,5
session-92c9e38d-5c41-403b-8bd0-52dc0ac5c357,0,1,15,632,40192,625,237,41449,40824,632,961,0,2
session-92c9e38d-5c41-403b-8bd0-52dc0ac5c357,0,1,16,239,41344,607,53,42190,41583,239,216,0,1
session-92c9e38d-5c41-403b-8bd0-52dc0ac5c357,0,1,17,230,41984,240,17,42454,42214,230,82,0,1
session-92c9e38d-5c41-403b-8bd0-52dc0ac5c357,0,1,18,767,42368,999,281,44134,43135,767,1039,0,1
session-92c9e38d-5c41-403b-8bd0-52dc0ac5c357,0,1,19,1778,44032,664,217,46474,45810,1778,778,0,1
session-92c9e38d-5c41-403b-8bd0-52dc0ac5c357,0,1,20,154,46336,300,180,46790,46490,154,769,0,2
session-92c9e38d-5c41-403b-8bd0-52dc0ac5c357,0,1,21,2390,46720,1398,1010,50508,49110,2390,3666,0,2
session-92c9e38d-5c41-403b-8bd0-52dc0ac5c357,0,1,22,361,50432,769,358,51562,50793,361,1388,77,1
session-92c9e38d-5c41-403b-8bd0-52dc0ac5c357,0,1,23,559,51456,956,317,52971,52015,559,1289,0,1
session-92c9e38d-5c41-403b-8bd0-52dc0ac5c357,0,1,24,170,52864,113,0,53147,53034,170,0,0,2
session-92c9e38d-5c41-403b-8bd0-52dc0ac5c357,0,1,25,4599,53120,980,762,58699,57719,4599,3216,86,2
session-92c9e38d-5c41-403b-8bd0-52dc0ac5c357,0,1,26,5666,58624,1181,766,65471,64290,5666,2824,0,2
session-92c9e38d-5c41-403b-8bd0-52dc0ac5c357,0,1,27,3723,65408,1370,936,70501,69131,3723,3688,0,2
session-92c9e38d-5c41-403b-8bd0-52dc0ac5c357,0,1,28,202,70400,497,165,71099,70602,202,689,0,2
session-92c9e38d-5c41-403b-8bd0-52dc0ac5c357,0,1,29,4993,71040,836,532,76869,76033,4993,2157,117,2
session-92c9e38d-5c41-403b-8bd0-52dc0ac5c357,0,1,30,6896,76800,1108,766,84804,83696,6896,2969,0,2
session-92c9e38d-5c41-403b-8bd0-52dc0ac5c357,0,1,31,4938,84736,433,328,90107,89674,4938,1331,0,2
session-92c9e38d-5c41-403b-8bd0-52dc0ac5c357,0,1,32,8771,89984,1481,872,100236,98755,8771,3445,106,2
session-92c9e38d-5c41-403b-8bd0-52dc0ac5c357,0,1,33,698,100224,891,235,101813,100922,698,854,0,2
session-92c9e38d-5c41-403b-8bd0-52dc0ac5c357,0,1,34,6235,101760,1089,704,109084,107995,6235,2494,68,2
session-92c9e38d-5c41-403b-8bd0-52dc0ac5c357,0,1,35,4662,109056,531,353,114249,113718,4662,1308,0,2
session-92c9e38d-5c41-403b-8bd0-52dc0ac5c357,0,1,36,5994,114176,1015,763,121185,120170,5994,3426,0,2
session-92c9e38d-5c41-403b-8bd0-52dc0ac5c357,0,1,37,2767,121088,1105,745,124960,123855,2767,3299,149,2
session-92c9e38d-5c41-403b-8bd0-52dc0ac5c357,0,1,38,3733,124928,902,538,129563,128661,3733,2341,0,2
session-92c9e38d-5c41-403b-8bd0-52dc0ac5c357,0,1,39,876,129536,247,59,130659,130412,876,254,0,1
session-92c9e38d-5c41-403b-8bd0-52dc0ac5c357,0,1,40,208,130560,94,0,130862,130768,208,0,0,1
session-92c9e38d-5c41-403b-8bd0-52dc0ac5c357,0,1,41,5004,130816,1412,1108,137232,135820,5004,4811,91,1
session-92c9e38d-5c41-403b-8bd0-52dc0ac5c357,0,1,42,171,137088,1266,1122,138525,137259,171,4749,0,1
session-92c9e38d-5c41-403b-8bd0-52dc0ac5c357,0,1,43,5842,138496,671,315,145009,144338,5842,1394,79,2
session-92c9e38d-5c41-403b-8bd0-52dc0ac5c357,0,1,44,2380,144896,366,220,147642,147276,2380,796,53,2
session-92c9e38d-5c41-403b-8bd0-52dc0ac5c357,0,1,45,7856,147584,5856,1604,161296,155440,7856,6363,97,1
session-92c9e38d-5c41-403b-8bd0-52dc0ac5c357,0,1,46,1391,161280,8055,793,170726,162671,1391,3193,88,1
session-92c9e38d-5c41-403b-8bd0-52dc0ac5c357,0,1,47,4407,170624,8301,1568,183332,175031,4407,6582,80,1
session-92c9e38d-5c41-403b-8bd0-52dc0ac5c357,0,1,48,848,182528,1651,187,185027,183376,848,717,100,1
session-92c9e38d-5c41-403b-8bd0-52dc0ac5c357,0,1,49,239,184832,238,111,185309,185071,239,394,0,2
session-92c9e38d-5c41-403b-8bd0-52dc0ac5c357,0,1,50,1433,185216,433,265,187082,186649,1433,1047,63,1
session-92c9e38d-5c41-403b-8bd0-52dc0ac5c357,0,1,51,996,187008,353,175,188357,188004,996,563,0,2
session-92c9e38d-5c41-403b-8bd0-52dc0ac5c357,0,1,52,10023,188288,4230,1348,202541,198311,10023,5143,63,1
session-92c9e38d-5c41-403b-8bd0-52dc0ac5c357,0,1,53,2272,202496,886,768,205654,204768,2272,2819,0,2
session-92c9e38d-5c41-403b-8bd0-52dc0ac5c357,0,1,54,550,205568,1534,703,207652,206118,550,2769,31,1
session-92c9e38d-5c41-403b-8bd0-52dc0ac5c357,0,1,55,208,207488,297,94,207993,207696,208,363,0,1
session-92c9e38d-5c41-403b-8bd0-52dc0ac5c357,0,1,56,165,207872,818,285,208855,208037,165,1030,0,1
session-92c9e38d-5c41-403b-8bd0-52dc0ac5c357,0,1,57,6608,208768,1035,481,216411,215376,6608,2145,43,1
session-92c9e38d-5c41-403b-8bd0-52dc0ac5c357,0,1,58,135,216320,795,342,217250,216455,135,1586,0,1
session-92c9e38d-5c41-403b-8bd0-52dc0ac5c357,0,1,59,206,217088,509,155,217803,217294,206,735,0,1
session-92c9e38d-5c41-403b-8bd0-52dc0ac5c357,0,1,60,247,217600,184,60,218031,217847,247,243,0,2
session-92c9e38d-5c41-403b-8bd0-52dc0ac5c357,0,1,61,961,217984,1186,771,220131,218945,961,3371,0,1
session-92c9e38d-5c41-403b-8bd0-52dc0ac5c357,0,1,62,143,220032,895,402,221070,220175,143,1854,86,2
session-92c9e38d-5c41-403b-8bd0-52dc0ac5c357,0,1,63,215,220928,327,60,221470,221143,215,278,0,1
session-92c9e38d-5c41-403b-8bd0-52dc0ac5c357,0,1,64,8441,221440,7586,400,237467,229881,8441,1806,86,1
session-92c9e38d-5c41-403b-8bd0-52dc0ac5c357,0,1,65,1998,235520,127,27,237645,237518,1998,119,0,2
session-92c9e38d-5c41-403b-8bd0-52dc0ac5c357,0,1,66,486,237568,335,135,238389,238054,486,490,67,1
session-92c9e38d-5c41-403b-8bd0-52dc0ac5c357,0,1,67,502,238336,158,67,238996,238838,502,199,0,1
session-92c9e38d-5c41-403b-8bd0-52dc0ac5c357,0,1,68,6406,238976,3041,2016,248423,245382,6406,7873,112,1
session-92c9e38d-5c41-403b-8bd0-52dc0ac5c357,0,1,69,147,248320,2018,464,250485,248467,147,2148,0,1
session-92c9e38d-5c41-403b-8bd0-52dc0ac5c357,0,1,70,161,250368,830,208,251359,250529,161,939,0,1
session-92c9e38d-5c41-403b-8bd0-52dc0ac5c357,0,1,71,139,251264,653,284,252056,251403,139,1101,0,1
session-92c9e38d-5c41-403b-8bd0-52dc0ac5c357,0,1,72,196,251904,485,0,252585,252100,196,0,0,1
session-92c9e38d-5c41-403b-8bd0-52dc0ac5c357,0,1,73,213,252416,207,106,252836,252629,213,442,0,2
session-92c9e38d-5c41-403b-8bd0-52dc0ac5c357,0,1,74,468,252800,187,73,253455,253268,468,274,76,1
session-92c9e38d-5c41-403b-8bd0-52dc0ac5c357,0,1,75,1981,253440,1343,1151,256764,255421,1981,4222,90,2
session-92c9e38d-5c41-403b-8bd0-52dc0ac5c357,0,1,76,3008,256640,2272,756,261920,259648,3008,3108,72,1
session-92c9e38d-5c41-403b-8bd0-52dc0ac5c357,0,1,77,2827,261888,1966,789,266681,264715,2827,3092,80,1
session-92c9e38d-5c41-403b-8bd0-52dc0ac5c357,0,1,78,1323,266624,448,192,268395,267947,1323,736,0,1
session-92c9e38d-5c41-403b-8bd0-52dc0ac5c357,0,1,79,151,268288,640,233,269079,268439,151,1051,0,1
session-92c9e38d-5c41-403b-8bd0-52dc0ac5c357,0,1,80,195,268928,543,0,269666,269123,195,0,0,1
session-92c9e38d-5c41-403b-8bd0-52dc0ac5c357,0,1,81,142,269568,243,55,269953,269710,142,263,33,1
session-92c9e38d-5c41-403b-8bd0-52dc0ac5c357,0,1,82,696,269952,348,168,270996,270648,696,697,0,1
session-92c9e38d-5c41-403b-8bd0-52dc0ac5c357,0,1,83,1299,270976,505,193,272780,272275,1299,833,0,1
session-92c9e38d-5c41-403b-8bd0-52dc0ac5c357,0,1,84,184,272640,1263,676,274087,272824,184,2814,0,1
session-92c9e38d-5c41-403b-8bd0-52dc0ac5c357,0,1,85,779,274048,515,175,275342,274827,779,703,139,1
session-92c9e38d-5c41-403b-8bd0-52dc0ac5c357,0,1,86,186,275200,464,0,275850,275386,186,0,0,1
session-92c9e38d-5c41-403b-8bd0-52dc0ac5c357,0,1,87,246,275712,881,80,276839,275958,246,366,3684,0
session-92c9e38d-5c41-403b-8bd0-52dc0ac5c357,0,2,1,927,276736,2212,1079,279875,277663,927,4044,74,1
session-92c9e38d-5c41-403b-8bd0-52dc0ac5c357,0,2,2,239,279680,491,0,280410,279919,239,0,0,1
session-92c9e38d-5c41-403b-8bd0-52dc0ac5c357,0,2,3,134,280320,217,91,280671,280454,134,390,0,1
session-92c9e38d-5c41-403b-8bd0-52dc0ac5c357,0,2,4,429,280576,469,106,281474,281005,429,428,0,1
session-92c9e38d-5c41-403b-8bd0-52dc0ac5c357,0,2,5,167,281344,314,135,281825,281511,167,672,0,1
session-92c9e38d-5c41-403b-8bd0-52dc0ac5c357,0,2,6,259,281600,575,0,282434,281859,259,0,2439,0
session-92c9e38d-5c41-403b-8bd0-52dc0ac5c357,0,3,1,1283,282368,1042,675,284693,283651,1283,2598,63,1
session-92c9e38d-5c41-403b-8bd0-52dc0ac5c357,0,3,2,186,284544,781,0,285511,284730,186,0,0,1
session-92c9e38d-5c41-403b-8bd0-52dc0ac5c357,0,3,3,243,285312,551,235,286106,285555,243,1079,0,1
session-92c9e38d-5c41-403b-8bd0-52dc0ac5c357,0,3,4,198,285952,168,31,286318,286150,198,144,0,1
session-92c9e38d-5c41-403b-8bd0-52dc0ac5c357,0,3,5,608,286208,220,57,287036,286816,608,238,0,1
session-92c9e38d-5c41-403b-8bd0-52dc0ac5c357,0,3,6,222,286848,542,0,287612,287070,222,0,2462,0
session-92c9e38d-5c41-403b-8bd0-52dc0ac5c357,0,4,1,1168,287488,1284,834,289940,288656,1168,3229,57,1
session-92c9e38d-5c41-403b-8bd0-52dc0ac5c357,0,4,2,192,289792,628,0,290612,289984,192,0,0,1
session-92c9e38d-5c41-403b-8bd0-52dc0ac5c357,0,4,3,224,290432,308,81,290964,290656,224,381,0,1
session-92c9e38d-5c41-403b-8bd0-52dc0ac5c357,0,4,4,192,290816,165,26,291173,291008,192,84,0,1
session-92c9e38d-5c41-403b-8bd0-52dc0ac5c357,0,4,5,433,291072,282,136,291787,291505,433,606,0,1
session-92c9e38d-5c41-403b-8bd0-52dc0ac5c357,0,4,6,237,291584,639,0,292460,291821,237,0,3010,0
session-92c9e38d-5c41-403b-8bd0-52dc0ac5c357,0,5,1,774,292352,198,163,293324,293126,774,775,0,2
session-92c9e38d-5c41-403b-8bd0-52dc0ac5c357,0,5,2,368,293248,496,382,294112,293616,368,1693,0,1
session-92c9e38d-5c41-403b-8bd0-52dc0ac5c357,0,5,3,259,294016,180,89,294455,294275,259,340,0,1
session-92c9e38d-5c41-403b-8bd0-52dc0ac5c357,0,5,4,2012,294400,1515,855,297927,296412,2012,3421,58,1
session-92c9e38d-5c41-403b-8bd0-52dc0ac5c357,0,5,5,243,297728,429,0,298400,297971,243,0,0,1
session-92c9e38d-5c41-403b-8bd0-52dc0ac5c357,0,5,6,1408,298368,2039,1005,301815,299776,1408,4336,127,1
session-92c9e38d-5c41-403b-8bd0-52dc0ac5c357,0,5,7,2362,301696,1681,1285,305739,304058,2362,4990,66,1
session-92c9e38d-5c41-403b-8bd0-52dc0ac5c357,0,5,8,922,305664,1407,723,307993,306586,922,2789,0,1
session-92c9e38d-5c41-403b-8bd0-52dc0ac5c357,0,5,9,197,307840,563,0,308600,308037,197,0,0,1
session-92c9e38d-5c41-403b-8bd0-52dc0ac5c357,0,5,10,164,308480,547,208,309191,308644,164,860,0,1
session-92c9e38d-5c41-403b-8bd0-52dc0ac5c357,0,5,11,243,308992,179,40,309414,309235,243,201,0,1
session-92c9e38d-5c41-403b-8bd0-52dc0ac5c357,0,5,12,226,309248,174,0,309648,309474,226,0,0,1
session-92c9e38d-5c41-403b-8bd0-52dc0ac5c357,0,5,13,178,309504,599,0,310281,309682,178,0,2865,0
session-92c9e38d-5c41-403b-8bd0-52dc0ac5c357,0,6,1,155,310144,815,522,311114,310299,155,2208,50,2
session-92c9e38d-5c41-403b-8bd0-52dc0ac5c357,0,6,2,410,311040,695,417,312145,311450,410,1686,264,1
session-92c9e38d-5c41-403b-8bd0-52dc0ac5c357,0,6,3,240,311936,539,256,312715,312176,240,960,100,1
session-92c9e38d-5c41-403b-8bd0-52dc0ac5c357,0,6,4,273,312704,1000,796,313977,312977,273,2810,0,1
session-92c9e38d-5c41-403b-8bd0-52dc0ac5c357,0,6,5,1475,313856,627,446,315958,315331,1475,1635,0,1
session-92c9e38d-5c41-403b-8bd0-52dc0ac5c357,0,6,6,246,315776,1685,698,317707,316022,246,2694,45,1
session-92c9e38d-5c41-403b-8bd0-52dc0ac5c357,0,6,7,172,317568,266,38,318006,317740,172,151,0,1
session-92c9e38d-5c41-403b-8bd0-52dc0ac5c357,0,6,8,374,317952,303,163,318629,318326,374,561,0,1
session-92c9e38d-5c41-403b-8bd0-52dc0ac5c357,0,6,9,151,318592,503,193,319246,318743,151,730,60,1
session-92c9e38d-5c41-403b-8bd0-52dc0ac5c357,0,6,10,209,319104,152,0,319465,319313,209,0,0,1
session-92c9e38d-5c41-403b-8bd0-52dc0ac5c357,0,6,11,171,319360,297,83,319828,319531,171,331,0,1
session-92c9e38d-5c41-403b-8bd0-52dc0ac5c357,0,6,12,235,319744,332,83,320311,319979,235,348,0,1
session-92c9e38d-5c41-403b-8bd0-52dc0ac5c357,0,6,13,268,320256,496,0,321020,320524,268,0,1843,0
session-92c9e38d-5c41-403b-8bd0-52dc0ac5c357,0,7,1,820,320896,2927,2602,324643,321716,820,11877,86,2
session-92c9e38d-5c41-403b-8bd0-52dc0ac5c357,0,7,2,215,324608,287,138,325110,324823,215,611,132,1
session-92c9e38d-5c41-403b-8bd0-52dc0ac5c357,0,7,3,1098,324992,7377,397,333467,326090,1098,1656,79,8
session-92c9e38d-5c41-403b-8bd0-52dc0ac5c357,0,7,4,322,333440,391,227,334153,333762,322,1012,85,1
session-92c9e38d-5c41-403b-8bd0-52dc0ac5c357,0,7,5,5726,334080,1291,865,341097,339806,5726,3498,82,1
session-92c9e38d-5c41-403b-8bd0-52dc0ac5c357,0,7,6,178,340992,493,370,341663,341170,178,1572,0,1
session-92c9e38d-5c41-403b-8bd0-52dc0ac5c357,0,7,7,1276,341632,191,69,343099,342908,1276,261,89,1
session-92c9e38d-5c41-403b-8bd0-52dc0ac5c357,0,7,8,220,342912,250,19,343382,343132,220,63,0,1
session-92c9e38d-5c41-403b-8bd0-52dc0ac5c357,0,7,9,498,343296,282,119,344076,343794,498,417,0,1
session-92c9e38d-5c41-403b-8bd0-52dc0ac5c357,0,7,10,371,344064,665,261,345100,344435,371,931,92,2
session-92c9e38d-5c41-403b-8bd0-52dc0ac5c357,0,7,11,1241,345088,613,311,346942,346329,1241,1287,139,1
session-92c9e38d-5c41-403b-8bd0-52dc0ac5c357,0,7,12,45475,346880,311,199,392666,392355,45475,839,76,1
session-92c9e38d-5c41-403b-8bd0-52dc0ac5c357,0,7,13,225,392576,273,105,393074,392801,225,371,0,1
session-92c9e38d-5c41-403b-8bd0-52dc0ac5c357,0,7,14,329,392960,304,131,393593,393289,329,542,0,1
session-92c9e38d-5c41-403b-8bd0-52dc0ac5c357,0,7,15,750,393472,357,202,394579,394222,750,993,0,1
session-92c9e38d-5c41-403b-8bd0-52dc0ac5c357,0,7,16,552,394496,425,207,395473,395048,552,1051,80,1
session-92c9e38d-5c41-403b-8bd0-52dc0ac5c357,0,7,17,849,395392,506,372,396747,396241,849,1808,60,2
session-92c9e38d-5c41-403b-8bd0-52dc0ac5c357,0,7,18,650,396672,998,703,398320,397322,650,2871,74,1
session-92c9e38d-5c41-403b-8bd0-52dc0ac5c357,0,7,19,140,398208,5948,0,404296,398348,140,0,0,1
session-92c9e38d-5c41-403b-8bd0-52dc0ac5c357,0,7,20,260,404096,142,51,404498,404356,260,232,0,1
session-92c9e38d-5c41-403b-8bd0-52dc0ac5c357,0,7,21,163,404352,623,497,405138,404515,163,1813,75,1
session-92c9e38d-5c41-403b-8bd0-52dc0ac5c357,0,7,22,457,405120,3449,1084,409026,405577,457,4542,88,1
session-92c9e38d-5c41-403b-8bd0-52dc0ac5c357,0,7,23,240,408832,168,60,409240,409072,240,269,0,1
session-92c9e38d-5c41-403b-8bd0-52dc0ac5c357,0,7,24,184,409088,130,41,409402,409272,184,152,47,1
session-92c9e38d-5c41-403b-8bd0-52dc0ac5c357,0,7,25,2315,409344,475,342,412134,411659,2315,1577,76,1
session-92c9e38d-5c41-403b-8bd0-52dc0ac5c357,0,7,26,140,412032,94,0,412266,412172,140,0,0,1
session-92c9e38d-5c41-403b-8bd0-52dc0ac5c357,0,7,27,906,412160,1123,358,414189,413066,906,1651,68,1
session-92c9e38d-5c41-403b-8bd0-52dc0ac5c357,0,7,28,155,414080,1068,139,415303,414235,155,597,0,1
session-92c9e38d-5c41-403b-8bd0-52dc0ac5c357,0,7,29,245,415104,1059,77,416408,415349,245,313,0,1
session-92c9e38d-5c41-403b-8bd0-52dc0ac5c357,0,7,30,198,416256,421,40,416875,416454,198,143,0,1
session-92c9e38d-5c41-403b-8bd0-52dc0ac5c357,0,7,31,153,416768,91,0,417012,416921,153,0,0,1
session-92c9e38d-5c41-403b-8bd0-52dc0ac5c357,0,7,32,141,416896,1928,436,418965,417037,141,1950,57,1
session-92c9e38d-5c41-403b-8bd0-52dc0ac5c357,0,7,33,195,418816,272,155,419283,419011,195,589,0,1
session-92c9e38d-5c41-403b-8bd0-52dc0ac5c357,0,7,34,259,419072,420,252,419751,419331,259,1135,104,1
session-92c9e38d-5c41-403b-8bd0-52dc0ac5c357,0,7,35,2885,419712,442,354,423039,422597,2885,1492,0,1
session-92c9e38d-5c41-403b-8bd0-52dc0ac5c357,0,7,36,152,422912,1891,494,424955,423064,152,2127,100,1
session-92c9e38d-5c41-403b-8bd0-52dc0ac5c357,0,7,37,169,424832,150,32,425151,425001,169,135,0,2
session-92c9e38d-5c41-403b-8bd0-52dc0ac5c357,0,7,38,678,425088,321,124,426087,425766,678,443,54,1
session-92c9e38d-5c41-403b-8bd0-52dc0ac5c357,0,7,39,713,425984,269,87,426966,426697,713,326,0,2
session-92c9e38d-5c41-403b-8bd0-52dc0ac5c357,0,7,40,3770,426880,2549,1036,433199,430650,3770,4109,99,1
session-92c9e38d-5c41-403b-8bd0-52dc0ac5c357,0,7,41,221,433024,841,137,434086,433245,221,546,0,1
session-92c9e38d-5c41-403b-8bd0-52dc0ac5c357,0,7,42,212,433920,263,109,434395,434132,212,454,0,1
session-92c9e38d-5c41-403b-8bd0-52dc0ac5c357,0,7,43,1442,434304,3573,1083,439319,435746,1442,4813,192,1
session-92c9e38d-5c41-403b-8bd0-52dc0ac5c357,0,7,44,197,439168,503,374,439868,439365,197,1287,0,1
session-92c9e38d-5c41-403b-8bd0-52dc0ac5c357,0,7,45,390,439808,268,144,440466,440198,390,609,0,1
session-92c9e38d-5c41-403b-8bd0-52dc0ac5c357,0,7,46,799,440448,1851,578,443098,441247,799,2637,83,1
session-92c9e38d-5c41-403b-8bd0-52dc0ac5c357,0,7,47,136,443008,160,77,443304,443144,136,260,0,1
session-92c9e38d-5c41-403b-8bd0-52dc0ac5c357,0,7,48,241,443136,151,84,443528,443377,241,310,0,1
session-92c9e38d-5c41-403b-8bd0-52dc0ac5c357,0,7,49,7237,443520,2985,1234,453742,450757,7237,5514,103,1
session-92c9e38d-5c41-403b-8bd0-52dc0ac5c357,0,7,50,156,453632,160,54,453948,453788,156,185,0,1
session-92c9e38d-5c41-403b-8bd0-52dc0ac5c357,0,7,51,161,453888,6173,649,460222,454049,161,2761,52,1
session-92c9e38d-5c41-403b-8bd0-52dc0ac5c357,0,7,52,2013,460160,1608,906,463781,462173,2013,3407,81,1
session-92c9e38d-5c41-403b-8bd0-52dc0ac5c357,0,7,53,211,463616,767,199,464594,463827,211,872,0,1
session-92c9e38d-5c41-403b-8bd0-52dc0ac5c357,0,7,54,256,464384,803,133,465443,464640,256,593,0,1
session-92c9e38d-5c41-403b-8bd0-52dc0ac5c357,0,7,55,209,465280,217,71,465706,465489,209,315,0,2
session-92c9e38d-5c41-403b-8bd0-52dc0ac5c357,0,7,56,1640,465664,1616,845,468920,467304,1640,3667,81,1
session-92c9e38d-5c41-403b-8bd0-52dc0ac5c357,0,7,57,670,468864,631,140,470165,469534,670,567,0,1
session-92c9e38d-5c41-403b-8bd0-52dc0ac5c357,0,7,58,195,470016,236,129,470447,470211,195,429,0,1
session-92c9e38d-5c41-403b-8bd0-52dc0ac5c357,0,7,59,1658,470400,586,478,472644,472058,1658,2000,48,1
session-92c9e38d-5c41-403b-8bd0-52dc0ac5c357,0,7,60,840,472576,565,392,473981,473416,840,1737,0,1
session-92c9e38d-5c41-403b-8bd0-52dc0ac5c357,0,7,61,171,473856,843,0,474870,474027,171,0,0,1
session-92c9e38d-5c41-403b-8bd0-52dc0ac5c357,0,7,62,164,474752,204,103,475120,474916,164,368,0,1
session-92c9e38d-5c41-403b-8bd0-52dc0ac5c357,0,7,63,258,475008,169,0,475435,475266,258,0,0,1
session-92c9e38d-5c41-403b-8bd0-52dc0ac5c357,0,7,64,217,475264,238,50,475719,475481,217,226,36,1
session-92c9e38d-5c41-403b-8bd0-52dc0ac5c357,0,7,65,1525,475648,1461,751,478634,477173,1525,2340,67,1
session-92c9e38d-5c41-403b-8bd0-52dc0ac5c357,0,7,66,409,478592,307,112,479308,479001,409,499,0,1
session-92c9e38d-5c41-403b-8bd0-52dc0ac5c357,0,7,67,202,479232,451,227,479885,479434,202,903,44,1
session-92c9e38d-5c41-403b-8bd0-52dc0ac5c357,0,7,68,319,479872,422,212,480613,480191,319,846,76,1
session-92c9e38d-5c41-403b-8bd0-52dc0ac5c357,0,7,69,503,480512,597,414,481612,481015,503,1520,65,1
session-92c9e38d-5c41-403b-8bd0-52dc0ac5c357,0,7,70,245,481536,574,288,482355,481781,245,1072,0,1
session-92c9e38d-5c41-403b-8bd0-52dc0ac5c357,0,7,71,157,482304,380,206,482841,482461,157,898,0,1
session-92c9e38d-5c41-403b-8bd0-52dc0ac5c357,0,7,72,281,482816,442,210,483539,483097,281,908,87,1
session-92c9e38d-5c41-403b-8bd0-52dc0ac5c357,0,7,73,250,483328,214,45,483792,483578,250,184,0,1
session-92c9e38d-5c41-403b-8bd0-52dc0ac5c357,0,7,74,191,483712,702,123,484605,483903,191,461,59,1
session-92c9e38d-5c41-403b-8bd0-52dc0ac5c357,0,7,75,241,484480,303,57,485024,484721,241,272,78,1
session-92c9e38d-5c41-403b-8bd0-52dc0ac5c357,0,7,76,234,484864,202,93,485300,485098,234,404,0,2
session-92c9e38d-5c41-403b-8bd0-52dc0ac5c357,0,7,77,780,485248,463,292,486491,486028,780,1355,40,1
session-92c9e38d-5c41-403b-8bd0-52dc0ac5c357,0,7,78,252,486272,622,105,487146,486524,252,483,0,1
session-92c9e38d-5c41-403b-8bd0-52dc0ac5c357,0,7,79,233,487040,988,0,488261,487273,233,0,4725,0
session-92c9e38d-5c41-403b-8bd0-52dc0ac5c357,0,8,1,1484,488192,988,813,490664,489676,1484,3273,140,1
session-92c9e38d-5c41-403b-8bd0-52dc0ac5c357,0,8,2,450,490624,813,229,491887,491074,450,787,80,1
session-92c9e38d-5c41-403b-8bd0-52dc0ac5c357,0,8,3,172,491776,144,46,492092,491948,172,196,0,1
session-92c9e38d-5c41-403b-8bd0-52dc0ac5c357,0,8,4,683,492032,559,0,493274,492715,683,0,0,1
session-92c9e38d-5c41-403b-8bd0-52dc0ac5c357,0,8,5,136,493184,228,130,493548,493320,136,458,0,1
session-92c9e38d-5c41-403b-8bd0-52dc0ac5c357,0,8,6,859,493440,656,0,494955,494299,859,0,0,1
session-92c9e38d-5c41-403b-8bd0-52dc0ac5c357,0,8,7,153,494848,965,295,495966,495001,153,1259,0,1
session-92c9e38d-5c41-403b-8bd0-52dc0ac5c357,0,8,8,140,495872,336,139,496348,496012,140,504,0,1
session-92c9e38d-5c41-403b-8bd0-52dc0ac5c357,0,8,9,138,496256,270,0,496664,496394,138,0,0,1
session-92c9e38d-5c41-403b-8bd0-52dc0ac5c357,0,8,10,198,496512,596,189,497306,496710,198,845,0,1
session-92c9e38d-5c41-403b-8bd0-52dc0ac5c357,0,8,11,200,497152,837,188,498189,497352,200,805,0,1
session-92c9e38d-5c41-403b-8bd0-52dc0ac5c357,0,8,12,187,498048,552,87,498787,498235,187,377,30,1
session-92c9e38d-5c41-403b-8bd0-52dc0ac5c357,0,8,13,185,498688,226,39,499099,498873,185,209,0,1
session-92c9e38d-5c41-403b-8bd0-52dc0ac5c357,0,8,14,212,498944,707,0,499863,499156,212,0,3420,0
session-92c9e38d-5c41-403b-8bd0-52dc0ac5c357,0,9,1,1762,499840,2135,1242,503737,501602,1762,4794,122,1
session-92c9e38d-5c41-403b-8bd0-52dc0ac5c357,0,9,2,1268,503680,216,114,505164,504948,1268,470,0,1
session-92c9e38d-5c41-403b-8bd0-52dc0ac5c357,0,9,3,232,505088,592,443,505912,505320,232,1589,0,1
session-92c9e38d-5c41-403b-8bd0-52dc0ac5c357,0,9,4,1284,505856,1231,302,508371,507140,1284,1333,91,1
session-92c9e38d-5c41-403b-8bd0-52dc0ac5c357,0,9,5,257,508160,339,0,508756,508417,257,0,0,1
session-92c9e38d-5c41-403b-8bd0-52dc0ac5c357,0,9,6,267,508672,582,475,509521,508939,267,1742,49,1
session-92c9e38d-5c41-403b-8bd0-52dc0ac5c357,0,9,7,323,509440,533,0,510296,509763,323,0,0,1
session-92c9e38d-5c41-403b-8bd0-52dc0ac5c357,0,9,8,134,510208,620,112,510962,510342,134,435,0,1
session-92c9e38d-5c41-403b-8bd0-52dc0ac5c357,0,9,9,160,510848,426,168,511434,511008,160,694,0,1
session-92c9e38d-5c41-403b-8bd0-52dc0ac5c357,0,9,10,248,511232,406,0,511886,511480,248,0,0,1
session-92c9e38d-5c41-403b-8bd0-52dc0ac5c357,0,9,11,188,511744,527,102,512459,511932,188,425,79,1
session-92c9e38d-5c41-403b-8bd0-52dc0ac5c357,0,9,12,256,512256,408,108,512920,512512,256,445,0,1
session-92c9e38d-5c41-403b-8bd0-52dc0ac5c357,0,9,13,198,512768,546,0,513512,512966,198,0,0,1
session-92c9e38d-5c41-403b-8bd0-52dc0ac5c357,0,9,14,172,513408,202,38,513782,513580,172,189,0,1
session-92c9e38d-5c41-403b-8bd0-52dc0ac5c357,0,9,15,169,513664,202,0,514035,513833,169,0,0,1
session-92c9e38d-5c41-403b-8bd0-52dc0ac5c357,0,9,16,171,513920,816,0,514907,514091,171,0,3609,0
session-92c9e38d-5c41-403b-8bd0-52dc0ac5c357,0,10,1,985,514816,856,647,516657,515801,985,2716,84,1
session-92c9e38d-5c41-403b-8bd0-52dc0ac5c357,0,10,2,1254,516608,794,344,518656,517862,1254,1453,103,1
session-92c9e38d-5c41-403b-8bd0-52dc0ac5c357,0,10,3,174,518528,333,0,519035,518702,174,0,0,1
session-92c9e38d-5c41-403b-8bd0-52dc0ac5c357,0,10,4,169,518912,388,290,519469,519081,169,1318,0,1
session-92c9e38d-5c41-403b-8bd0-52dc0ac5c357,0,10,5,313,519424,421,197,520158,519737,313,792,0,1
session-92c9e38d-5c41-403b-8bd0-52dc0ac5c357,0,10,6,1355,520064,1833,947,523252,521419,1355,3773,99,1
session-92c9e38d-5c41-403b-8bd0-52dc0ac5c357,0,10,7,162,523136,658,226,523956,523298,162,995,0,1
session-92c9e38d-5c41-403b-8bd0-52dc0ac5c357,0,10,8,226,523776,586,0,524588,524002,226,0,0,1
session-92c9e38d-5c41-403b-8bd0-52dc0ac5c357,0,10,9,218,524416,703,166,525337,524634,218,691,0,1
session-92c9e38d-5c41-403b-8bd0-52dc0ac5c357,0,10,10,199,525184,475,131,525858,525383,199,481,0,1
session-92c9e38d-5c41-403b-8bd0-52dc0ac5c357,0,10,11,208,525696,669,0,526573,525904,208,0,0,1
session-92c9e38d-5c41-403b-8bd0-52dc0ac5c357,0,10,12,187,526464,207,105,526858,526651,187,525,0,1
session-92c9e38d-5c41-403b-8bd0-52dc0ac5c357,0,10,13,202,526720,254,0,527176,526922,202,0,0,1
session-92c9e38d-5c41-403b-8bd0-52dc0ac5c357,0,10,14,246,526976,271,0,527493,527222,246,0,0,1
session-92c9e38d-5c41-403b-8bd0-52dc0ac5c357,0,10,15,192,527360,269,113,527821,527552,192,487,0,1
session-92c9e38d-5c41-403b-8bd0-52dc0ac5c357,0,10,16,219,527744,205,0,528168,527963,219,0,0,1
session-92c9e38d-5c41-403b-8bd0-52dc0ac5c357,0,10,17,226,528000,765,0,528991,528226,226,0,3548,0
session-92c9e38d-5c41-403b-8bd0-52dc0ac5c357,0,11,1,939,528896,1727,1065,531562,529835,939,4478,108,1
session-92c9e38d-5c41-403b-8bd0-52dc0ac5c357,0,11,2,152,531456,827,158,532435,531608,152,625,0,1
session-92c9e38d-5c41-403b-8bd0-52dc0ac5c357,0,11,3,257,532224,512,244,532993,532481,257,1005,0,1
session-92c9e38d-5c41-403b-8bd0-52dc0ac5c357,0,11,4,175,532864,646,133,533685,533039,175,579,0,1
session-92c9e38d-5c41-403b-8bd0-52dc0ac5c357,0,11,5,227,533504,693,0,534424,533731,227,0,0,1
session-92c9e38d-5c41-403b-8bd0-52dc0ac5c357,0,11,6,231,534272,269,45,534772,534503,231,196,0,1
session-92c9e38d-5c41-403b-8bd0-52dc0ac5c357,0,11,7,187,534656,191,0,535034,534843,187,0,0,1
session-92c9e38d-5c41-403b-8bd0-52dc0ac5c357,0,11,8,179,534912,794,0,535885,535091,179,0,3768,0
session-92c9e38d-5c41-403b-8bd0-52dc0ac5c357,0,12,1,2176,535808,2056,1761,540040,537984,2176,6836,87,1
session-92c9e38d-5c41-403b-8bd0-52dc0ac5c357,0,12,2,2446,540032,1632,787,544110,542478,2446,3228,74,1
session-92c9e38d-5c41-403b-8bd0-52dc0ac5c357,0,12,3,154,544000,305,0,544459,544154,154,0,0,1
session-92c9e38d-5c41-403b-8bd0-52dc0ac5c357,0,12,4,247,544256,668,312,545171,544503,247,1165,0,1
session-92c9e38d-5c41-403b-8bd0-52dc0ac5c357,0,12,5,1142,545152,1163,1043,547457,546294,1142,4219,93,1
session-92c9e38d-5c41-403b-8bd0-52dc0ac5c357,0,12,6,386,547456,520,0,548362,547842,386,0,0,1
session-92c9e38d-5c41-403b-8bd0-52dc0ac5c357,0,12,7,184,548224,604,347,549012,548408,184,1438,0,1
session-92c9e38d-5c41-403b-8bd0-52dc0ac5c357,0,12,8,364,548992,689,149,550045,549356,364,544,78,1
session-92c9e38d-5c41-403b-8bd0-52dc0ac5c357,0,12,9,218,549888,103,0,550209,550106,218,0,0,1
session-92c9e38d-5c41-403b-8bd0-52dc0ac5c357,0,12,10,237,550144,681,0,551062,550381,237,0,0,1
session-92c9e38d-5c41-403b-8bd0-52dc0ac5c357,0,12,11,211,550912,191,93,551314,551123,211,385,0,1
session-92c9e38d-5c41-403b-8bd0-52dc0ac5c357,0,12,12,290,551296,579,0,552165,551586,290,0,0,1
session-92c9e38d-5c41-403b-8bd0-52dc0ac5c357,0,12,13,147,552064,235,130,552446,552211,147,441,0,1
session-92c9e38d-5c41-403b-8bd0-52dc0ac5c357,0,12,14,155,552320,98,0,552573,552475,155,0,0,1
session-92c9e38d-5c41-403b-8bd0-52dc0ac5c357,0,12,15,544,552448,576,0,553568,552992,544,0,0,1
session-92c9e38d-5c41-403b-8bd0-52dc0ac5c357,0,12,16,142,553472,169,71,553783,553614,142,276,0,1
session-92c9e38d-5c41-403b-8bd0-52dc0ac5c357,0,12,17,393,553728,737,0,554858,554121,393,0,0,1
session-92c9e38d-5c41-403b-8bd0-52dc0ac5c357,0,12,18,152,554752,1096,194,556000,554904,152,826,0,1
session-92c9e38d-5c41-403b-8bd0-52dc0ac5c357,0,12,19,224,555904,340,147,556468,556128,224,628,0,1
session-92c9e38d-5c41-403b-8bd0-52dc0ac5c357,0,12,20,185,556416,219,0,556820,556601,185,0,0,1
session-92c9e38d-5c41-403b-8bd0-52dc0ac5c357,0,12,21,216,556672,953,0,557841,556888,216,0,4479,0
session-92c9e38d-5c41-403b-8bd0-52dc0ac5c357,0,13,1,1111,557824,1482,862,560417,558935,1111,3567,60,1
session-92c9e38d-5c41-403b-8bd0-52dc0ac5c357,0,13,2,601,560384,778,205,561763,560985,601,828,0,1
session-92c9e38d-5c41-403b-8bd0-52dc0ac5c357,0,13,3,145,561664,523,0,562332,561809,145,0,0,1
session-92c9e38d-5c41-403b-8bd0-52dc0ac5c357,0,13,4,202,562176,721,42,563099,562378,202,164,0,1
session-92c9e38d-5c41-403b-8bd0-52dc0ac5c357,0,13,5,134,563072,194,0,563400,563206,134,0,0,1
session-92c9e38d-5c41-403b-8bd0-52dc0ac5c357,0,13,6,257,563200,799,0,564256,563457,257,0,3765,0
session-92c9e38d-5c41-403b-8bd0-52dc0ac5c357,0,14,1,1117,564224,897,781,566238,565341,1117,3019,58,1
session-92c9e38d-5c41-403b-8bd0-52dc0ac5c357,0,14,2,1005,566144,457,111,567606,567149,1005,457,0,1
session-92c9e38d-5c41-403b-8bd0-52dc0ac5c357,0,14,3,228,567424,454,0,568106,567652,228,0,0,1
session-92c9e38d-5c41-403b-8bd0-52dc0ac5c357,0,14,4,216,567936,873,217,569025,568152,216,998,0,1
session-92c9e38d-5c41-403b-8bd0-52dc0ac5c357,0,14,5,239,568832,785,0,569856,569071,239,0,0,1
session-92c9e38d-5c41-403b-8bd0-52dc0ac5c357,0,14,6,257,569728,145,0,570130,569985,257,0,0,1
session-92c9e38d-5c41-403b-8bd0-52dc0ac5c357,0,14,7,189,569984,784,0,570957,570173,189,0,3477,0
session-92c9e38d-5c41-403b-8bd0-52dc0ac5c357,0,15,1,1704,570880,1280,1149,573864,572584,1704,4619,83,1
session-92c9e38d-5c41-403b-8bd0-52dc0ac5c357,0,15,2,738,573824,701,288,575263,574562,738,1174,0,1
session-92c9e38d-5c41-403b-8bd0-52dc0ac5c357,0,15,3,203,575104,253,138,575560,575307,203,546,103,1
session-92c9e38d-5c41-403b-8bd0-52dc0ac5c357,0,15,4,414,575488,96,0,575998,575902,414,0,0,1
session-92c9e38d-5c41-403b-8bd0-52dc0ac5c357,0,15,5,153,575872,99,0,576124,576025,153,0,0,1
session-92c9e38d-5c41-403b-8bd0-52dc0ac5c357,0,15,6,473,576000,868,0,577341,576473,473,0,0,1
session-92c9e38d-5c41-403b-8bd0-52dc0ac5c357,0,15,7,235,577152,254,152,577641,577387,235,589,0,1
session-92c9e38d-5c41-403b-8bd0-52dc0ac5c357,0,15,8,141,577536,99,0,577776,577677,141,0,0,1
session-92c9e38d-5c41-403b-8bd0-52dc0ac5c357,0,15,9,398,577664,834,0,578896,578062,398,0,0,1
session-92c9e38d-5c41-403b-8bd0-52dc0ac5c357,0,15,10,254,578688,345,243,579287,578942,254,988,0,1
session-92c9e38d-5c41-403b-8bd0-52dc0ac5c357,0,15,11,152,579200,99,0,579451,579352,152,0,0,1
session-92c9e38d-5c41-403b-8bd0-52dc0ac5c357,0,15,12,362,579328,558,0,580248,579690,362,0,0,1
session-92c9e38d-5c41-403b-8bd0-52dc0ac5c357,0,15,13,198,580096,742,0,581036,580294,198,0,0,1
session-92c9e38d-5c41-403b-8bd0-52dc0ac5c357,0,15,14,171,580992,232,57,581395,581163,171,233,0,1
session-92c9e38d-5c41-403b-8bd0-52dc0ac5c357,0,15,15,209,581376,177,0,581762,581585,209,0,0,1
session-92c9e38d-5c41-403b-8bd0-52dc0ac5c357,0,15,16,184,581632,851,0,582667,581816,184,0,4030,0
session-92c9e38d-5c41-403b-8bd0-52dc0ac5c357,0,16,1,819,582656,517,398,583992,583475,819,1490,57,1
session-92c9e38d-5c41-403b-8bd0-52dc0ac5c357,0,16,2,257,583808,98,0,584163,584065,257,0,0,1
session-92c9e38d-5c41-403b-8bd0-52dc0ac5c357,0,16,3,324,584064,712,0,585100,584388,324,0,0,1
session-92c9e38d-5c41-403b-8bd0-52dc0ac5c357,0,16,4,186,584960,224,0,585370,585146,186,0,0,1
session-92c9e38d-5c41-403b-8bd0-52dc0ac5c357,0,16,5,200,585216,672,69,586088,585416,200,293,0,1
session-92c9e38d-5c41-403b-8bd0-52dc0ac5c357,0,16,6,217,585984,165,0,586366,586201,217,0,0,1
session-92c9e38d-5c41-403b-8bd0-52dc0ac5c357,0,16,7,180,586240,709,0,587129,586420,180,0,3038,0
session-92c9e38d-5c41-403b-8bd0-52dc0ac5c357,0,17,1,1017,587008,702,585,588727,588025,1017,2485,94,1
session-92c9e38d-5c41-403b-8bd0-52dc0ac5c357,0,17,2,135,588672,98,0,588905,588807,135,0,0,1
session-92c9e38d-5c41-403b-8bd0-52dc0ac5c357,0,17,3,291,588800,655,0,589746,589091,291,0,0,1
session-92c9e38d-5c41-403b-8bd0-52dc0ac5c357,0,17,4,224,589568,316,0,590108,589792,224,0,0,1
session-92c9e38d-5c41-403b-8bd0-52dc0ac5c357,0,17,5,248,590080,548,44,590876,590328,248,189,0,1
session-92c9e38d-5c41-403b-8bd0-52dc0ac5c357,0,17,6,240,590720,181,0,591141,590960,240,0,0,1
session-92c9e38d-5c41-403b-8bd0-52dc0ac5c357,0,17,7,219,590976,710,0,591905,591195,219,0,3216,0
session-92c9e38d-5c41-403b-8bd0-52dc0ac5c357,0,18,1,1158,591872,1126,1009,594156,593030,1158,4158,108,1
session-92c9e38d-5c41-403b-8bd0-52dc0ac5c357,0,18,2,773,594048,98,0,594919,594821,773,0,0,1
session-92c9e38d-5c41-403b-8bd0-52dc0ac5c357,0,18,3,201,594816,991,0,596008,595017,201,0,0,1
session-92c9e38d-5c41-403b-8bd0-52dc0ac5c357,0,18,4,214,595840,252,154,596306,596054,214,606,0,1
session-92c9e38d-5c41-403b-8bd0-52dc0ac5c357,0,18,5,158,596224,98,0,596480,596382,158,0,0,1
session-92c9e38d-5c41-403b-8bd0-52dc0ac5c357,0,18,6,148,596480,339,0,596967,596628,148,0,0,1
session-92c9e38d-5c41-403b-8bd0-52dc0ac5c357,0,18,7,149,596864,859,0,597872,597013,149,0,0,1
session-92c9e38d-5c41-403b-8bd0-52dc0ac5c357,0,18,8,253,597760,187,0,598200,598013,253,0,0,1
session-92c9e38d-5c41-403b-8bd0-52dc0ac5c357,0,18,9,238,598016,856,0,599110,598254,238,0,3995,0
00b48589-437f-4e6d-9dea-4db4e0da97f3,3,1,1,2733,7936,181,0,10850,10669,2733,0,108,2
00b48589-437f-4e6d-9dea-4db4e0da97f3,3,1,2,5310,10752,269,60,16331,16062,5310,301,72,2
00b48589-437f-4e6d-9dea-4db4e0da97f3,3,1,3,4312,16256,253,81,20821,20568,4312,349,70,2
00b48589-437f-4e6d-9dea-4db4e0da97f3,3,1,4,5203,20736,299,133,26238,25939,5203,659,60,2
00b48589-437f-4e6d-9dea-4db4e0da97f3,3,1,5,26481,26112,269,80,52862,52593,26481,389,148,2
00b48589-437f-4e6d-9dea-4db4e0da97f3,3,1,6,19215,52736,329,190,72280,71951,19215,914,104,2
00b48589-437f-4e6d-9dea-4db4e0da97f3,3,1,7,27094,72192,433,254,99719,99286,27094,1208,86,2
00b48589-437f-4e6d-9dea-4db4e0da97f3,3,1,8,11855,99712,211,35,111778,111567,11855,176,0,2
00b48589-437f-4e6d-9dea-4db4e0da97f3,3,1,9,2014,111744,324,160,114082,113758,2014,711,0,2
00b48589-437f-4e6d-9dea-4db4e0da97f3,3,1,10,27697,114048,190,53,141935,141745,27697,279,0,2
00b48589-437f-4e6d-9dea-4db4e0da97f3,3,1,11,31654,141824,320,147,173798,173478,31654,780,0,2
00b48589-437f-4e6d-9dea-4db4e0da97f3,3,1,12,36054,173696,2331,311,212081,209750,36054,1493,126,1
00b48589-437f-4e6d-9dea-4db4e0da97f3,3,1,13,155,211968,2482,0,214605,212123,155,0,9155,0
00e8d90f-0854-4fba-84ad-ab19fe7fb462,2,1,1,2807,7936,246,102,10989,10743,2807,451,83,2
00e8d90f-0854-4fba-84ad-ab19fe7fb462,2,1,2,1553,10880,239,55,12672,12433,1553,242,92,3
00e8d90f-0854-4fba-84ad-ab19fe7fb462,2,1,3,965,12672,349,191,13986,13637,965,655,0,3
00e8d90f-0854-4fba-84ad-ab19fe7fb462,2,1,4,7333,13952,628,399,21913,21285,7333,1535,77,4
010532ac-1274-460b-a461-1b7566bc3f87,3,1,1,3234,7936,175,0,11345,11170,3234,0,85,3
010532ac-1274-460b-a461-1b7566bc3f87,3,1,2,14209,11264,633,107,26106,25473,14209,440,0,2
010532ac-1274-460b-a461-1b7566bc3f87,3,1,3,3545,25984,574,34,30103,29529,3545,155,0,2
010532ac-1274-460b-a461-1b7566bc3f87,3,1,4,2023,30080,366,37,32469,32103,2023,186,76,2
010532ac-1274-460b-a461-1b7566bc3f87,3,1,5,16477,32384,959,280,49820,48861,16477,1039,0,2
010532ac-1274-460b-a461-1b7566bc3f87,3,1,6,7889,49792,742,271,58423,57681,7889,1040,97,2
010532ac-1274-460b-a461-1b7566bc3f87,3,1,7,1519,58368,274,41,60161,59887,1519,159,0,2
010532ac-1274-460b-a461-1b7566bc3f87,3,1,8,363,60160,965,293,61488,60523,363,1219,0,2
010532ac-1274-460b-a461-1b7566bc3f87,3,1,9,137,61440,1146,333,62723,61577,137,1303,0,1
010532ac-1274-460b-a461-1b7566bc3f87,3,1,10,174,62592,639,185,63405,62766,174,777,73,1
010532ac-1274-460b-a461-1b7566bc3f87,3,1,11,639,63360,592,108,64591,63999,639,415,0,1
010532ac-1274-460b-a461-1b7566bc3f87,3,1,12,246,64384,606,94,65236,64630,246,396,0,2
010532ac-1274-460b-a461-1b7566bc3f87,3,1,13,289,65152,849,290,66290,65441,289,1129,0,2
010532ac-1274-460b-a461-1b7566bc3f87,3,1,14,7143,66176,720,286,74039,73319,7143,1057,0,1
010532ac-1274-460b-a461-1b7566bc3f87,3,1,15,221,73856,534,160,74611,74077,221,610,0,2
010532ac-1274-460b-a461-1b7566bc3f87,3,1,16,6744,74496,1382,777,82622,81240,6744,2407,67,1
010532ac-1274-460b-a461-1b7566bc3f87,3,1,17,729,82560,103,7,83392,83289,729,28,0,1
010532ac-1274-460b-a461-1b7566bc3f87,3,1,18,10901,83328,332,234,94561,94229,10901,763,0,1
010532ac-1274-460b-a461-1b7566bc3f87,3,1,19,3411,94464,391,284,98266,97875,3411,878,0,1
010532ac-1274-460b-a461-1b7566bc3f87,3,1,20,7117,98176,774,397,106067,105293,7117,1345,0,1
010532ac-1274-460b-a461-1b7566bc3f87,3,1,21,2496,105984,1617,867,110097,108480,2496,2472,93,1
010532ac-1274-460b-a461-1b7566bc3f87,3,1,22,880,110080,107,0,111067,110960,880,0,0,1
010532ac-1274-460b-a461-1b7566bc3f87,3,1,23,6656,110976,572,47,118204,117632,6656,187,0,2
010532ac-1274-460b-a461-1b7566bc3f87,3,1,24,16814,118144,1325,807,136283,134958,16814,2613,0,1
010532ac-1274-460b-a461-1b7566bc3f87,3,1,25,1006,136192,280,32,137478,137198,1006,118,0,1
010532ac-1274-460b-a461-1b7566bc3f87,3,1,26,336,137472,437,161,138245,137808,336,568,0,1
010532ac-1274-460b-a461-1b7566bc3f87,3,1,27,304,138240,220,28,138764,138544,304,107,0,1
010532ac-1274-460b-a461-1b7566bc3f87,3,1,28,217,138624,299,0,139140,138841,217,0,0,1
010532ac-1274-460b-a461-1b7566bc3f87,3,1,29,360,139136,572,80,140068,139496,360,249,71,2
010532ac-1274-460b-a461-1b7566bc3f87,3,1,30,2996,140032,1247,642,144275,143028,2996,2210,0,2
010532ac-1274-460b-a461-1b7566bc3f87,3,1,31,595,144256,234,85,145085,144851,595,310,0,1
010532ac-1274-460b-a461-1b7566bc3f87,3,1,32,367,145024,670,106,146061,145391,367,392,0,1
010532ac-1274-460b-a461-1b7566bc3f87,3,1,33,1253,146048,761,375,148062,147301,1253,1447,0,2
010532ac-1274-460b-a461-1b7566bc3f87,3,1,34,789,147968,730,180,149487,148757,789,647,0,2
010532ac-1274-460b-a461-1b7566bc3f87,3,1,35,1405,149376,589,325,151370,150781,1405,1220,0,1
010532ac-1274-460b-a461-1b7566bc3f87,3,1,36,261,151296,924,704,152481,151557,261,2463,84,2
010532ac-1274-460b-a461-1b7566bc3f87,3,1,37,4492,152448,280,33,157220,156940,4492,150,0,1
010532ac-1274-460b-a461-1b7566bc3f87,3,1,38,1076,157184,844,159,159104,158260,1076,519,0,2
010532ac-1274-460b-a461-1b7566bc3f87,3,1,39,1669,159104,534,80,161307,160773,1669,319,70,1
010532ac-1274-460b-a461-1b7566bc3f87,3,1,40,553,161280,609,225,162442,161833,553,734,0,1
010532ac-1274-460b-a461-1b7566bc3f87,3,1,41,157,162304,127,14,162588,162461,157,60,0,1
010532ac-1274-460b-a461-1b7566bc3f87,3,1,42,7158,162560,448,385,170166,169718,7158,1305,0,1
010532ac-1274-460b-a461-1b7566bc3f87,3,1,43,585,170112,629,147,171326,170697,585,587,77,2
010532ac-1274-460b-a461-1b7566bc3f87,3,1,44,444,171264,106,0,171814,171708,444,0,0,1
010532ac-1274-460b-a461-1b7566bc3f87,3,1,45,3633,171776,388,312,175797,175409,3633,1124,0,1
010532ac-1274-460b-a461-1b7566bc3f87,3,1,46,342,175744,120,45,176206,176086,342,204,0,1
010532ac-1274-460b-a461-1b7566bc3f87,3,1,47,1262,176128,660,175,178050,177390,1262,558,0,2
010532ac-1274-460b-a461-1b7566bc3f87,3,1,48,878,177536,225,119,178639,178414,878,435,0,1
010532ac-1274-460b-a461-1b7566bc3f87,3,1,49,3601,178560,1197,817,183358,182161,3601,2954,0,2
010532ac-1274-460b-a461-1b7566bc3f87,3,1,50,2399,183296,115,39,185810,185695,2399,188,0,1
03610d94-497f-4c66-86a1-26dedb722877,3,1,1,3016,7936,262,62,11214,10952,3016,317,73,2
03610d94-497f-4c66-86a1-26dedb722877,3,1,2,3163,11136,641,116,14940,14299,3163,472,0,3
03610d94-497f-4c66-86a1-26dedb722877,3,1,3,2940,14848,947,410,18735,17788,2940,1522,218,2
03610d94-497f-4c66-86a1-26dedb722877,3,1,4,268,18688,432,24,19388,18956,268,110,0,1
03610d94-497f-4c66-86a1-26dedb722877,3,1,5,1648,19328,573,305,21549,20976,1648,969,0,2
03610d94-497f-4c66-86a1-26dedb722877,3,1,6,1224,21504,117,39,22845,22728,1224,176,0,1
03610d94-497f-4c66-86a1-26dedb722877,3,1,7,1600,22784,510,431,24894,24384,1600,1493,0,1
03610d94-497f-4c66-86a1-26dedb722877,3,1,8,2096,24832,196,117,27124,26928,2096,466,0,1
03610d94-497f-4c66-86a1-26dedb722877,3,1,9,1752,27008,856,321,29616,28760,1752,1195,122,2
03610d94-497f-4c66-86a1-26dedb722877,3,1,10,1631,29568,623,219,31822,31199,1631,845,0,2
03610d94-497f-4c66-86a1-26dedb722877,3,1,11,4488,31744,658,440,36890,36232,4488,1522,0,1
03610d94-497f-4c66-86a1-26dedb722877,3,1,12,1360,36864,372,48,38596,38224,1360,204,0,3
03610d94-497f-4c66-86a1-26dedb722877,3,1,13,910,38528,782,461,40220,39438,910,1798,114,2
03610d94-497f-4c66-86a1-26dedb722877,3,1,14,752,40192,338,122,41282,40944,752,428,71,2
03610d94-497f-4c66-86a1-26dedb722877,3,1,15,4688,41216,451,201,46355,45904,4688,674,0,2
03610d94-497f-4c66-86a1-26dedb722877,3,1,16,6864,46336,504,224,53704,53200,6864,890,103,2
03610d94-497f-4c66-86a1-26dedb722877,3,1,17,3209,53632,685,254,57526,56841,3209,941,117,2
03610d94-497f-4c66-86a1-26dedb722877,3,1,18,3334,57472,836,364,61642,60806,3334,1298,87,2
03610d94-497f-4c66-86a1-26dedb722877,3,1,19,3715,61568,830,334,66113,65283,3715,1309,0,2
03610d94-497f-4c66-86a1-26dedb722877,3,1,20,3986,66048,1118,414,71152,70034,3986,1522,96,2
03610d94-497f-4c66-86a1-26dedb722877,3,1,21,3705,71040,1641,970,76386,74745,3705,3195,0,2
03610d94-497f-4c66-86a1-26dedb722877,3,1,22,1929,76288,1236,816,79453,78217,1929,2721,115,2
03610d94-497f-4c66-86a1-26dedb722877,3,1,23,4737,79360,1025,421,85122,84097,4737,1590,0,2
03610d94-497f-4c66-86a1-26dedb722877,3,1,24,889,85120,1573,1078,87582,86009,889,3856,0,2
03610d94-497f-4c66-86a1-26dedb722877,3,1,25,7025,87552,1521,771,96098,94577,7025,2878,0,2
03610d94-497f-4c66-86a1-26dedb722877,3,1,26,1912,96000,1453,918,99365,97912,1912,2532,0,2
03610d94-497f-4c66-86a1-26dedb722877,3,1,27,2991,97920,805,478,101716,100911,2991,1350,0,2
03610d94-497f-4c66-86a1-26dedb722877,3,1,28,845,101632,609,329,103086,102477,845,1101,0,2
03610d94-497f-4c66-86a1-26dedb722877,3,1,29,2374,103040,964,345,106378,105414,2374,1127,0,2
03610d94-497f-4c66-86a1-26dedb722877,3,1,30,186,106368,307,21,106861,106554,186,101,0,2
03610d94-497f-4c66-86a1-26dedb722877,3,1,31,9968,106496,1778,1389,118242,116464,9968,4420,74,2
03610d94-497f-4c66-86a1-26dedb722877,3,1,32,9696,118144,842,474,128682,127840,9696,1587,0,2
03610d94-497f-4c66-86a1-26dedb722877,3,1,33,3439,128640,686,159,132765,132079,3439,636,0,2
03610d94-497f-4c66-86a1-26dedb722877,3,1,34,202,132736,721,125,133659,132938,202,405,0,2
03610d94-497f-4c66-86a1-26dedb722877,3,1,35,1955,133632,871,317,136458,135587,1955,1181,0,3
03610d94-497f-4c66-86a1-26dedb722877,3,1,36,843,136448,684,201,137975,137291,843,702,0,2
03610d94-497f-4c66-86a1-26dedb722877,3,1,37,704,137856,779,294,139339,138560,704,1023,0,2
03610d94-497f-4c66-86a1-26dedb722877,3,1,38,2082,139264,737,180,142083,141346,2082,685,0,3
03610d94-497f-4c66-86a1-26dedb722877,3,1,39,171,141952,323,118,142446,142123,171,478,0,1
03610d94-497f-4c66-86a1-26dedb722877,3,1,40,584,142080,862,366,143526,142664,584,1430,0,2
03610d94-497f-4c66-86a1-26dedb722877,3,1,41,1689,143488,672,216,145849,145177,1689,788,0,2
03610d94-497f-4c66-86a1-26dedb722877,3,1,42,142,145792,257,146,146191,145934,142,567,0,2
03610d94-497f-4c66-86a1-26dedb722877,3,1,43,317,146176,820,384,147313,146493,317,1464,0,2
03610d94-497f-4c66-86a1-26dedb722877,3,1,44,3567,147200,420,180,151187,150767,3567,724,0,2
03610d94-497f-4c66-86a1-26dedb722877,3,1,45,3800,151168,249,91,155217,154968,3800,417,0,1
03610d94-497f-4c66-86a1-26dedb722877,3,1,46,1712,155136,14056,3551,170904,156848,1712,9515,59,1
03610d94-497f-4c66-86a1-26dedb722877,3,1,47,207,170752,158,30,171117,170959,207,138,0,1
03610d94-497f-4c66-86a1-26dedb722877,3,1,48,179,171008,698,299,171885,171187,179,1411,0,2
03610d94-497f-4c66-86a1-26dedb722877,3,1,49,155,171776,1228,0,173159,171931,155,0,0,1
03610d94-497f-4c66-86a1-26dedb722877,3,1,50,142,173056,298,12,173496,173198,142,57,0,1
03610d94-497f-4c66-86a1-26dedb722877,3,1,51,212,173312,743,0,174267,173524,212,0,2353,0
061dc849-dc73-4073-a541-119ab5377aa9,3,1,1,2534,7936,211,0,10681,10470,2534,0,100,2
061dc849-dc73-4073-a541-119ab5377aa9,3,1,2,1647,10624,356,40,12627,12271,1647,211,67,3
061dc849-dc73-4073-a541-119ab5377aa9,3,1,3,5369,12544,437,82,18350,17913,5369,351,0,3
061dc849-dc73-4073-a541-119ab5377aa9,3,1,4,4335,18304,562,256,23201,22639,4335,927,0,4
061dc849-dc73-4073-a541-119ab5377aa9,3,1,5,4446,23168,675,277,28289,27614,4446,1114,0,4
061dc849-dc73-4073-a541-119ab5377aa9,3,1,6,4760,28288,596,309,33644,33048,4760,1344,0,4
061dc849-dc73-4073-a541-119ab5377aa9,3,1,7,10243,33536,936,312,44715,43779,10243,1242,0,4
061dc849-dc73-4073-a541-119ab5377aa9,3,1,8,3138,44672,566,201,48376,47810,3138,765,89,3
061dc849-dc73-4073-a541-119ab5377aa9,3,1,9,9212,48256,646,238,58114,57468,9212,893,101,4
061dc849-dc73-4073-a541-119ab5377aa9,3,1,10,4124,58112,874,374,63110,62236,4124,1401,95,4
061dc849-dc73-4073-a541-119ab5377aa9,3,1,11,2380,63104,425,82,65909,65484,2380,368,0,2
061dc849-dc73-4073-a541-119ab5377aa9,3,1,12,181,65792,384,47,66357,65973,181,190,0,2
061dc849-dc73-4073-a541-119ab5377aa9,3,1,13,4021,66304,609,276,70934,70325,4021,1007,0,2
061dc849-dc73-4073-a541-119ab5377aa9,3,1,14,174,70784,415,95,71373,70958,174,379,0,2
061dc849-dc73-4073-a541-119ab5377aa9,3,1,15,2497,71296,690,287,74483,73793,2497,1057,97,2
061dc849-dc73-4073-a541-119ab5377aa9,3,1,16,4441,74368,1710,1062,80519,78809,4441,4111,127,4
0995197a-2bd6-40b0-9e9f-95c97303a4b0,3,1,1,3014,8064,140,0,11218,11078,3014,0,53,2
0995197a-2bd6-40b0-9e9f-95c97303a4b0,3,1,2,2820,11136,714,44,14670,13956,2820,176,102,2
0995197a-2bd6-40b0-9e9f-95c97303a4b0,3,1,3,247,14592,544,61,15383,14839,247,254,0,2
0995197a-2bd6-40b0-9e9f-95c97303a4b0,3,1,4,1663,15360,639,112,17662,17023,1663,427,0,2
0995197a-2bd6-40b0-9e9f-95c97303a4b0,3,1,5,759,17536,1229,552,19524,18295,759,1905,106,2
0995197a-2bd6-40b0-9e9f-95c97303a4b0,3,1,6,264,19456,970,484,20690,19720,264,1639,0,2
0995197a-2bd6-40b0-9e9f-95c97303a4b0,3,1,7,1249,20608,822,213,22679,21857,1249,650,97,2
0995197a-2bd6-40b0-9e9f-95c97303a4b0,3,1,8,2187,22656,913,389,25756,24843,2187,1301,116,2
0995197a-2bd6-40b0-9e9f-95c97303a4b0,3,1,9,1879,25728,1501,1198,29108,27607,1879,4120,102,2
0995197a-2bd6-40b0-9e9f-95c97303a4b0,3,1,10,2622,29056,1964,1443,33642,31678,2622,4858,137,2
0995197a-2bd6-40b0-9e9f-95c97303a4b0,3,1,11,3533,33536,1883,1484,38952,37069,3533,5072,103,2
0995197a-2bd6-40b0-9e9f-95c97303a4b0,3,1,12,2836,38912,3006,2145,44754,41748,2836,7148,86,2
0995197a-2bd6-40b0-9e9f-95c97303a4b0,3,1,13,560,44672,1102,293,46334,45232,560,1084,93,2
0995197a-2bd6-40b0-9e9f-95c97303a4b0,3,1,14,338,46208,1928,1220,48474,46546,338,4239,118,2
0995197a-2bd6-40b0-9e9f-95c97303a4b0,3,1,15,1448,48384,244,69,50076,49832,1448,332,0,2
0995197a-2bd6-40b0-9e9f-95c97303a4b0,3,1,16,148,50048,823,159,51019,50196,148,609,66,2
0995197a-2bd6-40b0-9e9f-95c97303a4b0,3,1,17,254,50816,476,154,51546,51070,254,634,0,1
0995197a-2bd6-40b0-9e9f-95c97303a4b0,3,1,18,258,51328,1080,642,52666,51586,258,2327,102,2
0995197a-2bd6-40b0-9e9f-95c97303a4b0,3,1,19,653,52608,108,67,53369,53261,653,285,0,1
0995197a-2bd6-40b0-9e9f-95c97303a4b0,3,1,20,636,53248,477,159,54361,53884,636,491,0,2
0995197a-2bd6-40b0-9e9f-95c97303a4b0,3,1,21,1824,54272,588,282,56684,56096,1824,918,89,2
0995197a-2bd6-40b0-9e9f-95c97303a4b0,3,1,22,2040,56576,4446,520,63062,58616,2040,2067,109,3
0995197a-2bd6-40b0-9e9f-95c97303a4b0,3,1,23,603,62976,1170,752,64749,63579,603,2350,77,2
0995197a-2bd6-40b0-9e9f-95c97303a4b0,3,1,24,1770,64640,995,630,67405,66410,1770,2379,0,2
0995197a-2bd6-40b0-9e9f-95c97303a4b0,3,1,25,1263,67328,658,277,69249,68591,1263,1030,0,2
0995197a-2bd6-40b0-9e9f-95c97303a4b0,3,1,26,1474,69248,649,73,71371,70722,1474,256,55,2
0995197a-2bd6-40b0-9e9f-95c97303a4b0,3,1,27,3061,71296,1394,501,75751,74357,3061,1994,0,2
0995197a-2bd6-40b0-9e9f-95c97303a4b0,3,1,28,431,75648,449,174,76528,76079,431,655,0,1
0995197a-2bd6-40b0-9e9f-95c97303a4b0,3,1,29,180,76416,6658,2637,83254,76596,180,9247,61,1
0995197a-2bd6-40b0-9e9f-95c97303a4b0,3,1,30,233,83072,3294,243,86599,83305,233,1089,100,1
0995197a-2bd6-40b0-9e9f-95c97303a4b0,3,1,31,1146,85504,4350,178,91000,86650,1146,771,0,3
0995197a-2bd6-40b0-9e9f-95c97303a4b0,3,1,32,234,90880,3199,91,94313,91114,234,414,10168,0
0bad5fb6-bd2c-4a53-9a01-4b5f2a60311f,3,1,1,2752,7936,146,0,10834,10688,2752,0,77,2
0bad5fb6-bd2c-4a53-9a01-4b5f2a60311f,3,1,2,2689,10752,704,116,14145,13441,2689,401,0,3
0bad5fb6-bd2c-4a53-9a01-4b5f2a60311f,3,1,3,282,14080,429,49,14791,14362,282,198,0,2
0bad5fb6-bd2c-4a53-9a01-4b5f2a60311f,3,1,4,2584,14720,319,58,17623,17304,2584,232,0,2
0bad5fb6-bd2c-4a53-9a01-4b5f2a60311f,3,1,5,964,17536,418,189,18918,18500,964,709,0,1
0bad5fb6-bd2c-4a53-9a01-4b5f2a60311f,3,1,6,5522,18816,548,290,24886,24338,5522,1060,0,1
0bad5fb6-bd2c-4a53-9a01-4b5f2a60311f,3,1,7,230,24704,268,6,25202,24934,230,17,0,1
0bad5fb6-bd2c-4a53-9a01-4b5f2a60311f,3,1,8,135,25088,217,16,25440,25223,135,65,0,1
0bad5fb6-bd2c-4a53-9a01-4b5f2a60311f,3,1,9,297,25344,276,18,25917,25641,297,63,0,1
0bad5fb6-bd2c-4a53-9a01-4b5f2a60311f,3,1,10,2249,25856,786,377,28891,28105,2249,1422,0,2
0bad5fb6-bd2c-4a53-9a01-4b5f2a60311f,3,1,11,449,28800,866,160,30115,29249,449,554,0,2
0bad5fb6-bd2c-4a53-9a01-4b5f2a60311f,3,1,12,134,30080,304,41,30518,30214,134,155,0,1
0bad5fb6-bd2c-4a53-9a01-4b5f2a60311f,3,1,13,2370,30464,1284,756,34118,32834,2370,2643,0,2
0bad5fb6-bd2c-4a53-9a01-4b5f2a60311f,3,1,14,813,34048,608,177,35469,34861,813,662,0,2
0bad5fb6-bd2c-4a53-9a01-4b5f2a60311f,3,1,15,1509,35456,937,423,37902,36965,1509,1410,0,2
0bad5fb6-bd2c-4a53-9a01-4b5f2a60311f,3,1,16,1407,37888,1152,473,40447,39295,1407,1687,0,2
0bad5fb6-bd2c-4a53-9a01-4b5f2a60311f,3,1,17,6776,40320,1012,573,48108,47096,6776,1795,0,2
0bad5fb6-bd2c-4a53-9a01-4b5f2a60311f,3,1,18,1173,48000,1135,302,50308,49173,1173,876,0,2
0bad5fb6-bd2c-4a53-9a01-4b5f2a60311f,3,1,19,1449,50304,437,99,52190,51753,1449,338,0,1
0bad5fb6-bd2c-4a53-9a01-4b5f2a60311f,3,1,20,6040,52096,836,304,58972,58136,6040,1026,0,2
0bad5fb6-bd2c-4a53-9a01-4b5f2a60311f,3,1,21,274,58880,1308,683,60462,59154,274,2568,0,1
0bad5fb6-bd2c-4a53-9a01-4b5f2a60311f,3,1,22,227,60288,413,0,60928,60515,227,0,0,2
0bad5fb6-bd2c-4a53-9a01-4b5f2a60311f,3,1,23,164,60800,158,18,61122,60964,164,72,0,1
0bad5fb6-bd2c-4a53-9a01-4b5f2a60311f,3,1,24,422,61056,720,522,62198,61478,422,1825,0,2
0bad5fb6-bd2c-4a53-9a01-4b5f2a60311f,3,1,25,12195,62080,827,456,75102,74275,12195,1365,0,1
0bad5fb6-bd2c-4a53-9a01-4b5f2a60311f,3,1,26,6879,75008,1152,539,83039,81887,6879,1670,117,1
0bad5fb6-bd2c-4a53-9a01-4b5f2a60311f,3,1,27,207,82944,650,25,83801,83151,207,91,0,1
0bad5fb6-bd2c-4a53-9a01-4b5f2a60311f,3,1,28,6859,83456,1210,796,91525,90315,6859,2772,0,1
0bad5fb6-bd2c-4a53-9a01-4b5f2a60311f,3,1,29,193,91392,631,319,92216,91585,193,1197,0,1
0bad5fb6-bd2c-4a53-9a01-4b5f2a60311f,3,1,30,1883,92160,258,57,94301,94043,1883,207,0,1
0bad5fb6-bd2c-4a53-9a01-4b5f2a60311f,3,1,31,793,94208,2275,606,97276,95001,793,1771,0,1
0bad5fb6-bd2c-4a53-9a01-4b5f2a60311f,3,1,32,174,97152,1687,0,99013,97326,174,0,0,1
0bad5fb6-bd2c-4a53-9a01-4b5f2a60311f,3,1,33,243,98816,1774,35,100833,99059,243,142,0,1
0bad5fb6-bd2c-4a53-9a01-4b5f2a60311f,3,1,34,139,100736,88,13,100963,100875,139,57,0,1
0bad5fb6-bd2c-4a53-9a01-4b5f2a60311f,3,1,35,260,100736,1808,0,102804,100996,260,0,5703,0
0c0085ae-9b77-4f1a-a065-50ca523039a1,2,1,1,2341,7936,221,0,10498,10277,2341,0,98,2
0c0085ae-9b77-4f1a-a065-50ca523039a1,2,1,2,468,10496,217,31,11181,10964,468,119,87,2
0c0085ae-9b77-4f1a-a065-50ca523039a1,2,1,3,581,11136,229,59,11946,11717,581,257,121,2
0c0085ae-9b77-4f1a-a065-50ca523039a1,2,1,4,899,11904,792,264,13595,12803,899,956,160,2
0c0085ae-9b77-4f1a-a065-50ca523039a1,2,1,5,197,13568,175,28,13940,13765,197,125,58,1
0c0085ae-9b77-4f1a-a065-50ca523039a1,2,1,6,188,13824,511,171,14523,14012,188,594,75,1
0c0085ae-9b77-4f1a-a065-50ca523039a1,2,1,7,254,14336,355,66,14945,14590,254,313,0,1
0c0085ae-9b77-4f1a-a065-50ca523039a1,2,1,8,457,14848,893,298,16198,15305,457,1176,95,2
0c0085ae-9b77-4f1a-a065-50ca523039a1,2,1,9,5701,16128,1001,494,22830,21829,5701,1926,111,2
0c0085ae-9b77-4f1a-a065-50ca523039a1,2,1,10,2335,22784,863,431,25982,25119,2335,1546,107,1
0c0085ae-9b77-4f1a-a065-50ca523039a1,2,1,11,366,25856,687,226,26909,26222,366,912,0,2
0c0085ae-9b77-4f1a-a065-50ca523039a1,2,1,12,505,26880,520,96,27905,27385,505,364,55,2
0c0085ae-9b77-4f1a-a065-50ca523039a1,2,1,13,2078,27904,777,386,30759,29982,2078,1428,82,1
0c0085ae-9b77-4f1a-a065-50ca523039a1,2,1,14,1107,30720,841,231,32668,31827,1107,882,96,2
0c0085ae-9b77-4f1a-a065-50ca523039a1,2,1,15,238,32512,331,19,33081,32750,238,89,0,1
0c0085ae-9b77-4f1a-a065-50ca523039a1,2,1,16,631,33024,439,131,34094,33655,631,450,0,1
0c0085ae-9b77-4f1a-a065-50ca523039a1,2,1,17,163,34048,844,318,35055,34211,163,1266,95,2
0c0085ae-9b77-4f1a-a065-50ca523039a1,2,1,18,1184,34944,680,336,36808,36128,1184,1390,141,1
0c0085ae-9b77-4f1a-a065-50ca523039a1,2,1,19,1543,36736,265,79,38544,38279,1543,309,0,1
0c0085ae-9b77-4f1a-a065-50ca523039a1,2,1,20,2251,38528,702,254,41481,40779,2251,938,79,2
0c0085ae-9b77-4f1a-a065-50ca523039a1,2,1,21,5719,41472,1022,731,48213,47191,5719,2799,107,2
0c0085ae-9b77-4f1a-a065-50ca523039a1,2,1,22,2125,48128,1283,523,51536,50253,2125,1651,79,2
0c0085ae-9b77-4f1a-a065-50ca523039a1,2,1,23,176,51456,216,160,51848,51632,176,646,0,1
0c0085ae-9b77-4f1a-a065-50ca523039a1,2,1,24,391,51840,836,181,53067,52231,391,735,118,2
0c0085ae-9b77-4f1a-a065-50ca523039a1,2,1,25,3142,52992,763,267,56897,56134,3142,952,118,1
0c0085ae-9b77-4f1a-a065-50ca523039a1,2,1,26,270,56832,342,62,57444,57102,270,281,104,1
0c0085ae-9b77-4f1a-a065-50ca523039a1,2,1,27,1164,57344,770,378,59278,58508,1164,1420,186,2
0c0085ae-9b77-4f1a-a065-50ca523039a1,2,1,28,2701,59264,992,414,62957,61965,2701,1555,82,2
0c0085ae-9b77-4f1a-a065-50ca523039a1,2,1,29,2722,62848,477,254,66047,65570,2722,934,77,1
0c0085ae-9b77-4f1a-a065-50ca523039a1,2,1,30,1193,65920,900,352,68013,67113,1193,1101,0,2
0c0085ae-9b77-4f1a-a065-50ca523039a1,2,1,31,1234,67968,823,303,70025,69202,1234,1041,0,2
0c0085ae-9b77-4f1a-a065-50ca523039a1,2,1,32,2311,70016,751,377,73078,72327,2311,1461,0,2
0c0085ae-9b77-4f1a-a065-50ca523039a1,2,1,33,3020,72960,834,345,76814,75980,3020,1299,102,2
0c0085ae-9b77-4f1a-a065-50ca523039a1,2,1,34,1285,76800,613,370,78698,78085,1285,1261,96,1
0c0085ae-9b77-4f1a-a065-50ca523039a1,2,1,35,197,78592,649,288,79438,78789,197,1173,78,1
0c0085ae-9b77-4f1a-a065-50ca523039a1,2,1,36,1294,79360,874,250,81528,80654,1294,828,94,2
0c0085ae-9b77-4f1a-a065-50ca523039a1,2,1,37,1951,81408,909,390,84268,83359,1951,1435,111,2
0c0085ae-9b77-4f1a-a065-50ca523039a1,2,1,38,1593,84224,326,140,86143,85817,1593,516,0,1
0c0085ae-9b77-4f1a-a065-50ca523039a1,2,1,39,3078,86016,767,309,89861,89094,3078,1228,103,2
0c0085ae-9b77-4f1a-a065-50ca523039a1,2,1,40,4009,89856,1031,580,94896,93865,4009,2178,92,2
0c0085ae-9b77-4f1a-a065-50ca523039a1,2,1,41,265,94848,232,69,95345,95113,265,291,0,1
0c0085ae-9b77-4f1a-a065-50ca523039a1,2,1,42,1794,95232,635,295,97661,97026,1794,1029,82,2
0c0085ae-9b77-4f1a-a065-50ca523039a1,2,1,43,2364,97536,751,330,100651,99900,2364,1227,72,2
0c0085ae-9b77-4f1a-a065-50ca523039a1,2,1,44,137,100608,299,71,101044,100745,137,290,0,1
0c0085ae-9b77-4f1a-a065-50ca523039a1,2,1,45,1823,100992,597,207,103412,102815,1823,826,101,2
0c0085ae-9b77-4f1a-a065-50ca523039a1,2,1,46,3109,103296,804,554,107209,106405,3109,2216,171,1
0c0085ae-9b77-4f1a-a065-50ca523039a1,2,1,47,374,107136,542,252,108052,107510,374,1073,0,2
0c0085ae-9b77-4f1a-a065-50ca523039a1,2,1,48,633,108032,520,297,109185,108665,633,1238,0,1
0c0085ae-9b77-4f1a-a065-50ca523039a1,2,1,49,676,109184,627,481,110487,109860,676,1921,0,1
0c0085ae-9b77-4f1a-a065-50ca523039a1,2,1,50,292,110464,212,60,110968,110756,292,217,53,1
0c0085ae-9b77-4f1a-a065-50ca523039a1,2,1,51,185,110848,579,335,111612,111033,185,1395,0,1
0c0085ae-9b77-4f1a-a065-50ca523039a1,2,1,52,970,111488,445,147,112903,112458,970,520,0,1
0c0085ae-9b77-4f1a-a065-50ca523039a1,2,1,53,1601,112896,5418,5283,119915,114497,1601,17775,69,1
0c0085ae-9b77-4f1a-a065-50ca523039a1,2,1,54,771,119808,160,72,120739,120579,771,267,55,1
0c0085ae-9b77-4f1a-a065-50ca523039a1,2,1,55,1913,120704,4827,513,127444,122617,1913,2079,83,1
0c0085ae-9b77-4f1a-a065-50ca523039a1,2,1,56,140,127360,366,118,127866,127500,140,481,0,1
0c0085ae-9b77-4f1a-a065-50ca523039a1,2,1,57,173,127744,4875,752,132792,127917,173,2338,75,1
0c0085ae-9b77-4f1a-a065-50ca523039a1,2,1,58,240,132608,255,38,133103,132848,240,164,0,1
0c0085ae-9b77-4f1a-a065-50ca523039a1,2,1,59,156,132992,464,311,133612,133148,156,1199,55,1
0c0085ae-9b77-4f1a-a065-50ca523039a1,2,1,60,252,133376,2658,0,136286,133628,252,0,0,1
0c0085ae-9b77-4f1a-a065-50ca523039a1,2,1,61,249,136064,303,114,136616,136313,249,423,0,1
0c0085ae-9b77-4f1a-a065-50ca523039a1,2,1,62,175,136576,1518,167,138269,136751,175,419,47,2
0c0085ae-9b77-4f1a-a065-50ca523039a1,2,1,63,139,138240,2800,154,141179,138379,139,544,77,1
0c0085ae-9b77-4f1a-a065-50ca523039a1,2,1,64,273,141056,2994,491,144323,141329,273,1658,74,1
0c0085ae-9b77-4f1a-a065-50ca523039a1,2,1,65,222,144128,2212,206,146562,144350,222,836,55,1
0c0085ae-9b77-4f1a-a065-50ca523039a1,2,1,66,165,146432,1465,222,148062,146597,165,900,0,1
0c0085ae-9b77-4f1a-a065-50ca523039a1,2,1,67,249,147840,942,132,149031,148089,249,493,0,1
0c0085ae-9b77-4f1a-a065-50ca523039a1,2,1,68,309,148992,249,55,149550,149301,309,244,85,1
0c0085ae-9b77-4f1a-a065-50ca523039a1,2,1,69,231,149504,1356,0,151091,149735,231,0,82,2
0c0085ae-9b77-4f1a-a065-50ca523039a1,2,1,70,252,150912,486,34,151650,151164,252,146,1589,0
0c1ed671-3cc2-4e4b-9068-6dd263c5f1b6,3,1,1,2641,7936,203,0,10780,10577,2641,0,74,2
0c1ed671-3cc2-4e4b-9068-6dd263c5f1b6,3,1,2,364,10752,276,23,11392,11116,364,89,95,2
0c1ed671-3cc2-4e4b-9068-6dd263c5f1b6,3,1,3,823,11392,462,133,12677,12215,823,475,132,2
0c1ed671-3cc2-4e4b-9068-6dd263c5f1b6,3,1,4,2189,12672,428,82,15289,14861,2189,305,117,2
0c1ed671-3cc2-4e4b-9068-6dd263c5f1b6,3,1,5,927,15232,443,124,16602,16159,927,483,125,2
0c1ed671-3cc2-4e4b-9068-6dd263c5f1b6,3,1,6,4994,16512,596,251,22102,21506,4994,1011,113,2
0c1ed671-3cc2-4e4b-9068-6dd263c5f1b6,3,1,7,548,22016,522,122,23086,22564,548,489,138,3
0c1ed671-3cc2-4e4b-9068-6dd263c5f1b6,3,1,8,1105,23040,681,229,24826,24145,1105,873,59,3
0c1ed671-3cc2-4e4b-9068-6dd263c5f1b6,3,1,9,621,24704,675,222,26000,25325,621,758,95,3
0c1ed671-3cc2-4e4b-9068-6dd263c5f1b6,3,1,10,1162,25984,884,572,28030,27146,1162,2463,62,2
0c1ed671-3cc2-4e4b-9068-6dd263c5f1b6,3,1,11,413,27904,390,104,28707,28317,413,445,97,2
0c1ed671-3cc2-4e4b-9068-6dd263c5f1b6,3,1,12,290,28672,629,196,29591,28962,290,817,86,2
0c1ed671-3cc2-4e4b-9068-6dd263c5f1b6,3,1,13,560,29568,768,256,30896,30128,560,1118,104,2
0c1ed671-3cc2-4e4b-9068-6dd263c5f1b6,3,1,14,217,30720,889,586,31826,30937,217,2240,0,2
0c1ed671-3cc2-4e4b-9068-6dd263c5f1b6,3,1,15,455,31744,462,266,32661,32199,455,1088,61,2
0c1ed671-3cc2-4e4b-9068-6dd263c5f1b6,3,1,16,741,32640,389,135,33770,33381,741,539,87,2
0c1ed671-3cc2-4e4b-9068-6dd263c5f1b6,3,1,17,669,33664,1208,924,35541,34333,669,3906,84,2
0c1ed671-3cc2-4e4b-9068-6dd263c5f1b6,3,1,18,763,35456,865,545,37084,36219,763,2229,82,2
0c1ed671-3cc2-4e4b-9068-6dd263c5f1b6,3,1,19,850,36992,684,200,38526,37842,850,839,112,3
0c1ed671-3cc2-4e4b-9068-6dd263c5f1b6,3,1,20,756,38400,1181,683,40337,39156,756,2795,48,2
0c1ed671-3cc2-4e4b-9068-6dd263c5f1b6,3,1,21,437,40320,645,286,41402,40757,437,1252,66,1
0c1ed671-3cc2-4e4b-9068-6dd263c5f1b6,3,1,22,518,41344,900,346,42762,41862,518,1423,100,2
0c1ed671-3cc2-4e4b-9068-6dd263c5f1b6,3,1,23,318,42752,5237,1584,48307,43070,318,6011,59,1
0c1ed671-3cc2-4e4b-9068-6dd263c5f1b6,3,1,24,218,48128,973,0,49319,48346,218,0,3471,0
0d16099c-35f0-4538-a480-5c5c15cf5b87,3,1,1,2844,7936,189,0,10969,10780,2844,0,98,2
0d16099c-35f0-4538-a480-5c5c15cf5b87,3,1,2,2401,10880,327,75,13608,13281,2401,343,0,2
0d16099c-35f0-4538-a480-5c5c15cf5b87,3,1,3,1283,13568,504,261,15355,14851,1283,1044,0,2
0d16099c-35f0-4538-a480-5c5c15cf5b87,3,1,4,2023,15232,2927,259,20182,17255,2023,963,106,2
0d16099c-35f0-4538-a480-5c5c15cf5b87,3,1,5,258,19968,864,421,21090,20226,258,1537,100,2
0d16099c-35f0-4538-a480-5c5c15cf5b87,3,1,6,720,20992,531,297,22243,21712,720,1143,0,2
0d16099c-35f0-4538-a480-5c5c15cf5b87,3,1,7,430,22144,691,203,23265,22574,430,759,0,2
0d16099c-35f0-4538-a480-5c5c15cf5b87,3,1,8,1539,23168,1025,406,25732,24707,1539,1493,0,2
0d16099c-35f0-4538-a480-5c5c15cf5b87,3,1,9,4372,25728,587,192,30687,30100,4372,690,59,2
0d16099c-35f0-4538-a480-5c5c15cf5b87,3,1,10,747,30592,488,270,31827,31339,747,1082,71,2
0d16099c-35f0-4538-a480-5c5c15cf5b87,3,1,11,5541,31744,205,47,37490,37285,5541,212,62,2
0d16099c-35f0-4538-a480-5c5c15cf5b87,3,1,12,6193,37376,215,70,43784,43569,6193,240,0,2
0d16099c-35f0-4538-a480-5c5c15cf5b87,3,1,13,7187,43776,1624,1132,52587,50963,7187,4049,54,2
0d16099c-35f0-4538-a480-5c5c15cf5b87,3,1,14,563,52480,811,464,53854,53043,563,1673,86,2
0d16099c-35f0-4538-a480-5c5c15cf5b87,3,1,15,1311,53760,718,405,55789,55071,1311,1560,0,2
0d16099c-35f0-4538-a480-5c5c15cf5b87,3,1,16,2254,55680,922,536,58856,57934,2254,2178,0,2
0d16099c-35f0-4538-a480-5c5c15cf5b87,3,1,17,890,58752,639,218,60281,59642,890,866,0,2
0d16099c-35f0-4538-a480-5c5c15cf5b87,3,1,18,364,60160,766,233,61290,60524,364,778,0,2
0d16099c-35f0-4538-a480-5c5c15cf5b87,3,1,19,552,61184,260,81,61996,61736,552,347,0,1
0d16099c-35f0-4538-a480-5c5c15cf5b87,3,1,20,364,61952,520,67,62836,62316,364,251,77,2
0d16099c-35f0-4538-a480-5c5c15cf5b87,3,1,21,3255,62720,977,539,66952,65975,3255,1979,0,2
0d16099c-35f0-4538-a480-5c5c15cf5b87,3,1,22,472,66944,1060,702,68476,67416,472,2633,0,2
0d16099c-35f0-4538-a480-5c5c15cf5b87,3,1,23,237,68352,701,256,69290,68589,237,893,0,2
0d16099c-35f0-4538-a480-5c5c15cf5b87,3,1,24,2417,69248,1154,427,72819,71665,2417,1558,0,2
0d16099c-35f0-4538-a480-5c5c15cf5b87,3,1,25,4573,72704,685,191,77962,77277,4573,665,0,2
0d16099c-35f0-4538-a480-5c5c15cf5b87,3,1,26,186,77952,1174,398,79312,78138,186,1317,0,2
0d16099c-35f0-4538-a480-5c5c15cf5b87,3,1,27,9686,79232,1329,530,90247,88918,9686,1883,87,2
0d16099c-35f0-4538-a480-5c5c15cf5b87,3,1,28,1275,90240,868,492,92383,91515,1275,1853,0,2
0d16099c-35f0-4538-a480-5c5c15cf5b87,3,1,29,140,92288,1527,990,93955,92428,140,3525,82,2
0d16099c-35f0-4538-a480-5c5c15cf5b87,3,1,30,408,93952,1347,861,95707,94360,408,3279,0,2
0d16099c-35f0-4538-a480-5c5c15cf5b87,3,1,31,1102,95616,890,336,97608,96718,1102,1303,0,2
0d16099c-35f0-4538-a480-5c5c15cf5b87,3,1,32,4360,97536,1150,645,103046,101896,4360,2427,0,2
0d16099c-35f0-4538-a480-5c5c15cf5b87,3,1,33,3382,103040,713,184,107135,106422,3382,555,67,2
0d16099c-35f0-4538-a480-5c5c15cf5b87,3,1,34,562,107008,641,284,108211,107570,562,1048,0,2
0d16099c-35f0-4538-a480-5c5c15cf5b87,3,1,35,1708,108160,1206,728,111074,109868,1708,2650,107,2
0d16099c-35f0-4538-a480-5c5c15cf5b87,3,1,36,215,110976,980,289,112171,111191,215,855,0,2
0d16099c-35f0-4538-a480-5c5c15cf5b87,3,1,37,840,112128,874,448,113842,112968,840,1544,0,2
0d16099c-35f0-4538-a480-5c5c15cf5b87,3,1,38,335,113792,842,419,114969,114127,335,1541,0,2
0d16099c-35f0-4538-a480-5c5c15cf5b87,3,1,39,857,114944,526,90,116327,115801,857,334,0,2
0d16099c-35f0-4538-a480-5c5c15cf5b87,3,1,40,761,116224,885,409,117870,116985,761,1476,0,2
0d16099c-35f0-4538-a480-5c5c15cf5b87,3,1,41,1792,117760,1059,577,120611,119552,1792,2329,0,2
0d16099c-35f0-4538-a480-5c5c15cf5b87,3,1,42,443,120576,556,142,121575,121019,443,488,84,2
0d16099c-35f0-4538-a480-5c5c15cf5b87,3,1,43,2493,121472,457,246,124422,123965,2493,955,0,2
0d16099c-35f0-4538-a480-5c5c15cf5b87,3,1,44,1701,124416,420,138,126537,126117,1701,592,83,2
0d16099c-35f0-4538-a480-5c5c15cf5b87,3,1,45,345,126464,5931,272,132740,126809,345,946,54,1
0d16099c-35f0-4538-a480-5c5c15cf5b87,3,1,46,190,132608,151,45,132949,132798,190,159,0,1
0d16099c-35f0-4538-a480-5c5c15cf5b87,3,1,47,242,132736,4470,117,137448,132978,242,498,49,1
0d16099c-35f0-4538-a480-5c5c15cf5b87,3,1,48,162,137344,105,0,137611,137506,162,0,0,1
0d16099c-35f0-4538-a480-5c5c15cf5b87,3,1,49,165,137472,4373,243,142010,137637,165,925,45,1
0d16099c-35f0-4538-a480-5c5c15cf5b87,3,1,50,244,141824,98,0,142166,142068,244,0,0,1
0d16099c-35f0-4538-a480-5c5c15cf5b87,3,1,51,141,142080,1394,419,143615,142221,141,1745,70,2
0d16099c-35f0-4538-a480-5c5c15cf5b87,3,1,52,211,143488,1681,0,145380,143699,211,0,0,1
0d16099c-35f0-4538-a480-5c5c15cf5b87,3,1,53,144,145280,89,0,145513,145424,144,0,0,1
0d16099c-35f0-4538-a480-5c5c15cf5b87,3,1,54,256,145280,1551,492,147087,145536,256,2034,0,2
0d16099c-35f0-4538-a480-5c5c15cf5b87,3,1,55,227,146944,506,285,147677,147171,227,1218,0,1
0d16099c-35f0-4538-a480-5c5c15cf5b87,3,1,56,473,147584,1419,586,149476,148057,473,1922,0,2
0d16099c-35f0-4538-a480-5c5c15cf5b87,3,1,57,177,149376,727,0,150280,149553,177,0,2310,0
109e924b-6fb2-4a09-822c-b44e4256f317,1,1,1,2555,7936,198,0,10689,10491,2555,0,100,2
109e924b-6fb2-4a09-822c-b44e4256f317,1,1,2,1166,10624,340,96,12130,11790,1166,370,45,4
109e924b-6fb2-4a09-822c-b44e4256f317,1,1,3,14884,12032,226,42,27142,26916,14884,189,95,2
109e924b-6fb2-4a09-822c-b44e4256f317,1,1,4,314,27136,154,52,27604,27450,314,232,60,2
109e924b-6fb2-4a09-822c-b44e4256f317,1,1,5,392,27520,490,378,28402,27912,392,1396,0,2
109e924b-6fb2-4a09-822c-b44e4256f317,1,1,6,354,28288,144,14,28786,28642,354,47,0,2
109e924b-6fb2-4a09-822c-b44e4256f317,1,1,7,1577,28672,148,47,30397,30249,1577,166,0,2
109e924b-6fb2-4a09-822c-b44e4256f317,1,1,8,928,30336,705,461,31969,31264,928,1521,105,4
109e924b-6fb2-4a09-822c-b44e4256f317,1,1,9,8644,31872,1105,962,41621,40516,8644,3637,95,1
109e924b-6fb2-4a09-822c-b44e4256f317,1,1,10,210,41472,407,136,42089,41682,210,523,55,1
109e924b-6fb2-4a09-822c-b44e4256f317,1,1,11,152,41984,301,65,42437,42136,152,256,0,1
109e924b-6fb2-4a09-822c-b44e4256f317,1,1,12,2177,42368,863,203,45408,44545,2177,640,0,1
109e924b-6fb2-4a09-822c-b44e4256f317,1,1,13,546,45312,514,230,46372,45858,546,891,0,1
109e924b-6fb2-4a09-822c-b44e4256f317,1,1,14,251,46208,534,38,46993,46459,251,142,0,1
109e924b-6fb2-4a09-822c-b44e4256f317,1,1,15,159,46848,275,56,47282,47007,159,253,0,1
109e924b-6fb2-4a09-822c-b44e4256f317,1,1,16,214,47104,461,195,47779,47318,214,773,0,1
109e924b-6fb2-4a09-822c-b44e4256f317,1,1,17,499,47744,209,47,48452,48243,499,211,0,2
109e924b-6fb2-4a09-822c-b44e4256f317,1,1,18,654,48384,551,159,49589,49038,654,680,0,2
109e924b-6fb2-4a09-822c-b44e4256f317,1,1,19,6889,49536,964,555,57389,56425,6889,2181,91,1
109e924b-6fb2-4a09-822c-b44e4256f317,1,1,20,309,57344,580,98,58233,57653,309,414,0,1
109e924b-6fb2-4a09-822c-b44e4256f317,1,1,21,483,58112,788,404,59383,58595,483,1685,0,1
109e924b-6fb2-4a09-822c-b44e4256f317,1,1,22,795,59264,197,34,60256,60059,795,146,0,1
109e924b-6fb2-4a09-822c-b44e4256f317,1,1,23,247,60032,504,249,60783,60279,247,666,0,1
109e924b-6fb2-4a09-822c-b44e4256f317,1,1,24,220,60672,478,226,61370,60892,220,857,0,1
109e924b-6fb2-4a09-822c-b44e4256f317,1,1,25,1568,61312,764,402,63644,62880,1568,1391,75,1
109e924b-6fb2-4a09-822c-b44e4256f317,1,1,26,1867,63616,224,22,65707,65483,1867,94,0,1
109e924b-6fb2-4a09-822c-b44e4256f317,1,1,27,2777,65664,233,30,68674,68441,2777,116,0,1
109e924b-6fb2-4a09-822c-b44e4256f317,1,1,28,1271,68608,3185,2699,73064,69879,1271,10071,73,2
109e924b-6fb2-4a09-822c-b44e4256f317,1,1,29,7330,72960,1008,383,81298,80290,7330,1453,77,2
109e924b-6fb2-4a09-822c-b44e4256f317,1,1,30,7970,81280,807,345,90057,89250,7970,1232,0,2
109e924b-6fb2-4a09-822c-b44e4256f317,1,1,31,1303,89984,368,48,91655,91287,1303,180,0,2
109e924b-6fb2-4a09-822c-b44e4256f317,1,1,32,1696,91648,1324,430,94668,93344,1696,1537,75,1
109e924b-6fb2-4a09-822c-b44e4256f317,1,1,33,136,94592,180,67,94908,94728,136,254,0,1
109e924b-6fb2-4a09-822c-b44e4256f317,1,1,34,1877,94848,552,224,97277,96725,1877,939,0,1
109e924b-6fb2-4a09-822c-b44e4256f317,1,1,35,828,97152,735,322,98715,97980,828,1124,0,2
109e924b-6fb2-4a09-822c-b44e4256f317,1,1,36,5020,98688,586,175,104294,103708,5020,673,0,2
109e924b-6fb2-4a09-822c-b44e4256f317,1,1,37,1401,104192,1019,381,106612,105593,1401,1409,0,2
109e924b-6fb2-4a09-822c-b44e4256f317,1,1,38,785,106496,335,108,107616,107281,785,337,0,1
109e924b-6fb2-4a09-822c-b44e4256f317,1,1,39,197,107520,147,25,107864,107717,197,112,0,1
109e924b-6fb2-4a09-822c-b44e4256f317,1,1,40,1393,107776,510,315,109679,109169,1393,1275,0,1
109e924b-6fb2-4a09-822c-b44e4256f317,1,1,41,186,109568,323,36,110077,109754,186,129,0,1
109e924b-6fb2-4a09-822c-b44e4256f317,1,1,42,179,109952,1006,395,111137,110131,179,1535,0,2
109e924b-6fb2-4a09-822c-b44e4256f317,1,1,43,1787,111104,291,178,113182,112891,1787,600,0,1
109e924b-6fb2-4a09-822c-b44e4256f317,1,1,44,194,113152,295,74,113641,113346,194,250,0,1
109e924b-6fb2-4a09-822c-b44e4256f317,1,1,45,457,113536,730,336,114723,113993,457,1323,0,1
109e924b-6fb2-4a09-822c-b44e4256f317,1,1,46,1008,114688,784,196,116480,115696,1008,692,0,2
109e924b-6fb2-4a09-822c-b44e4256f317,1,1,47,1836,116480,1509,856,119825,118316,1836,2987,77,2
109e924b-6fb2-4a09-822c-b44e4256f317,1,1,48,798,119808,524,218,121130,120606,798,808,0,2
109e924b-6fb2-4a09-822c-b44e4256f317,1,1,49,2288,121088,1926,1157,125302,123376,2288,4376,0,2
109e924b-6fb2-4a09-822c-b44e4256f317,1,1,50,271,125184,505,90,125960,125455,271,322,0,2
109e924b-6fb2-4a09-822c-b44e4256f317,1,1,51,1064,125952,723,316,127739,127016,1064,1202,0,2
109e924b-6fb2-4a09-822c-b44e4256f317,1,1,52,625,127616,991,695,129232,128241,625,2570,0,1
109e924b-6fb2-4a09-822c-b44e4256f317,1,1,53,215,129152,851,480,130218,129367,215,2101,0,2
109e924b-6fb2-4a09-822c-b44e4256f317,1,1,54,239,130176,1091,702,131506,130415,239,2536,0,2
109e924b-6fb2-4a09-822c-b44e4256f317,1,1,55,2192,131456,283,141,133931,133648,2192,540,0,1
109e924b-6fb2-4a09-822c-b44e4256f317,1,1,56,2049,133888,365,123,136302,135937,2049,527,0,1
109e924b-6fb2-4a09-822c-b44e4256f317,1,1,57,859,136192,299,143,137350,137051,859,501,0,1
109e924b-6fb2-4a09-822c-b44e4256f317,1,1,58,2036,137344,426,130,139806,139380,2036,569,0,2
109e924b-6fb2-4a09-822c-b44e4256f317,1,1,59,1863,139776,701,197,142340,141639,1863,790,72,2
109e924b-6fb2-4a09-822c-b44e4256f317,1,1,60,3817,142336,503,379,146656,146153,3817,1621,0,1
109e924b-6fb2-4a09-822c-b44e4256f317,1,1,61,1770,146560,13871,5609,162201,148330,1770,22726,22,1
109e924b-6fb2-4a09-822c-b44e4256f317,1,1,62,208,162048,117,20,162373,162256,208,90,0,1
109e924b-6fb2-4a09-822c-b44e4256f317,1,1,63,256,162176,216,87,162648,162432,256,355,0,1
109e924b-6fb2-4a09-822c-b44e4256f317,1,1,64,242,162432,378,285,163052,162674,242,1127,0,1
109e924b-6fb2-4a09-822c-b44e4256f317,1,1,65,146,162944,2242,0,165332,163090,146,0,0,1
109e924b-6fb2-4a09-822c-b44e4256f317,1,1,66,255,165120,518,0,165893,165375,255,0,2250,0
160bfb86-67c6-40e3-921b-b3686e80f6df,3,1,1,2658,8192,871,0,11721,10850,2658,0,141,4
160bfb86-67c6-40e3-921b-b3686e80f6df,3,1,2,2909,11648,795,65,15352,14557,2909,293,119,2
160bfb86-67c6-40e3-921b-b3686e80f6df,3,1,3,883,15232,1490,478,17605,16115,883,1863,131,4
160bfb86-67c6-40e3-921b-b3686e80f6df,3,1,4,757,17536,1650,760,19943,18293,757,3227,88,4
160bfb86-67c6-40e3-921b-b3686e80f6df,3,1,5,8715,19840,2961,1771,31516,28555,8715,7417,103,3
160bfb86-67c6-40e3-921b-b3686e80f6df,3,1,6,4421,31488,2159,1189,38068,35909,4421,4818,202,3
160bfb86-67c6-40e3-921b-b3686e80f6df,3,1,7,361,38016,1392,837,39769,38377,361,3209,124,3
160bfb86-67c6-40e3-921b-b3686e80f6df,3,1,8,9280,39680,2484,1648,51444,48960,9280,6592,95,2
160bfb86-67c6-40e3-921b-b3686e80f6df,3,1,9,1420,51328,1658,929,54406,52748,1420,3763,157,2
160bfb86-67c6-40e3-921b-b3686e80f6df,3,1,10,377,54400,325,151,55102,54777,377,632,88,1
160bfb86-67c6-40e3-921b-b3686e80f6df,3,1,11,818,55040,2288,1132,58146,55858,818,4462,132,3
160bfb86-67c6-40e3-921b-b3686e80f6df,3,1,12,248,58112,2454,1318,60814,58360,248,5834,180,3
160bfb86-67c6-40e3-921b-b3686e80f6df,3,1,13,2819,60800,2475,1314,66094,63619,2819,5037,165,3
160bfb86-67c6-40e3-921b-b3686e80f6df,3,1,14,1243,66048,2643,2016,69934,67291,1243,7875,127,3
160bfb86-67c6-40e3-921b-b3686e80f6df,3,1,15,657,69888,1598,950,72143,70545,657,3342,121,2
160bfb86-67c6-40e3-921b-b3686e80f6df,3,1,16,555,72064,718,375,73337,72619,555,1255,94,1
160bfb86-67c6-40e3-921b-b3686e80f6df,3,1,17,524,73216,901,423,74641,73740,524,1386,0,2
160bfb86-67c6-40e3-921b-b3686e80f6df,3,1,18,173,74624,774,228,75571,74797,173,841,0,1
160bfb86-67c6-40e3-921b-b3686e80f6df,3,1,19,593,75520,1596,871,77709,76113,593,3241,124,2
160bfb86-67c6-40e3-921b-b3686e80f6df,3,1,20,338,77696,2499,1732,80533,78034,338,6976,92,2
160bfb86-67c6-40e3-921b-b3686e80f6df,3,1,21,558,80512,4141,2634,85211,81070,558,10170,39,1
160bfb86-67c6-40e3-921b-b3686e80f6df,3,1,22,260,84992,1579,43,86831,85252,260,188,5930,0
16a40545-5872-4714-bcb8-3b7c88271b52,3,1,1,3073,7936,190,0,11199,11009,3073,0,75,2
16a40545-5872-4714-bcb8-3b7c88271b52,3,1,2,1241,11136,544,61,12921,12377,1241,315,0,2
16a40545-5872-4714-bcb8-3b7c88271b52,3,1,3,3795,12800,610,63,17205,16595,3795,333,62,2
16a40545-5872-4714-bcb8-3b7c88271b52,3,1,4,1016,17152,532,62,18700,18168,1016,294,0,2
16a40545-5872-4714-bcb8-3b7c88271b52,3,1,5,2871,18688,620,98,22179,21559,2871,444,115,2
16a40545-5872-4714-bcb8-3b7c88271b52,3,1,6,259,22144,591,66,22994,22403,259,307,78,2
16a40545-5872-4714-bcb8-3b7c88271b52,3,1,7,158,22912,427,94,23497,23070,158,447,0,2
16a40545-5872-4714-bcb8-3b7c88271b52,3,1,8,585,23424,527,56,24536,24009,585,236,51,2
16a40545-5872-4714-bcb8-3b7c88271b52,3,1,9,246,24320,630,149,25196,24566,246,703,0,2
16a40545-5872-4714-bcb8-3b7c88271b52,3,1,10,1717,25088,363,66,27168,26805,1717,333,0,1
16a40545-5872-4714-bcb8-3b7c88271b52,3,1,11,1756,27136,2788,255,31680,28892,1756,1090,0,3
16a40545-5872-4714-bcb8-3b7c88271b52,3,1,12,1255,31616,413,73,33284,32871,1255,334,145,2
16a40545-5872-4714-bcb8-3b7c88271b52,3,1,13,1737,33280,755,182,35772,35017,1737,870,109,2
16a40545-5872-4714-bcb8-3b7c88271b52,3,1,14,2686,35712,745,143,39143,38398,2686,755,0,2
16a40545-5872-4714-bcb8-3b7c88271b52,3,1,15,1211,39040,616,108,40867,40251,1211,583,50,2
16a40545-5872-4714-bcb8-3b7c88271b52,3,1,16,930,40832,633,147,42395,41762,930,606,0,2
16a40545-5872-4714-bcb8-3b7c88271b52,3,1,17,1394,42368,590,123,44352,43762,1394,581,0,2
16a40545-5872-4714-bcb8-3b7c88271b52,3,1,18,1721,44288,634,141,46643,46009,1721,637,0,2
16a40545-5872-4714-bcb8-3b7c88271b52,3,1,19,1853,46592,563,72,49008,48445,1853,320,0,2
16a40545-5872-4714-bcb8-3b7c88271b52,3,1,20,2869,48896,601,259,52366,51765,2869,1185,0,2
16a40545-5872-4714-bcb8-3b7c88271b52,3,1,21,539,52352,380,170,53271,52891,539,738,0,2
16a40545-5872-4714-bcb8-3b7c88271b52,3,1,22,1461,53248,403,106,55112,54709,1461,469,0,2
16a40545-5872-4714-bcb8-3b7c88271b52,3,1,23,1139,55040,710,111,56889,56179,1139,587,65,2
16a40545-5872-4714-bcb8-3b7c88271b52,3,1,24,2183,56832,577,100,59592,59015,2183,467,0,2
16a40545-5872-4714-bcb8-3b7c88271b52,3,1,25,1706,59520,504,57,61730,61226,1706,272,0,2
1788fcf5-a3e3-46db-9345-cdeacf0a4fa5,2,1,1,3111,7936,217,0,11264,11047,3111,0,100,2
1788fcf5-a3e3-46db-9345-cdeacf0a4fa5,2,1,2,4573,11264,628,259,16465,15837,4573,1030,0,4
1788fcf5-a3e3-46db-9345-cdeacf0a4fa5,2,1,3,9289,16384,811,266,26484,25673,9289,1096,0,4
1788fcf5-a3e3-46db-9345-cdeacf0a4fa5,2,1,4,5222,26368,231,32,31821,31590,5222,154,0,2
1788fcf5-a3e3-46db-9345-cdeacf0a4fa5,2,1,5,11858,31744,1105,687,44707,43602,11858,2693,0,3
1788fcf5-a3e3-46db-9345-cdeacf0a4fa5,2,1,6,9477,44672,673,488,54822,54149,9477,1827,0,2
1788fcf5-a3e3-46db-9345-cdeacf0a4fa5,2,1,7,2369,54784,804,139,57957,57153,2369,546,0,2
1788fcf5-a3e3-46db-9345-cdeacf0a4fa5,2,1,8,145,57856,201,50,58202,58001,145,195,0,1
1788fcf5-a3e3-46db-9345-cdeacf0a4fa5,2,1,9,500,58112,329,125,58941,58612,500,368,0,1
1788fcf5-a3e3-46db-9345-cdeacf0a4fa5,2,1,10,231,58880,512,279,59623,59111,231,1079,0,4
1788fcf5-a3e3-46db-9345-cdeacf0a4fa5,2,1,11,14780,59520,946,429,75246,74300,14780,1665,0,2
1788fcf5-a3e3-46db-9345-cdeacf0a4fa5,2,1,12,635,75136,512,232,76283,75771,635,937,0,1
1788fcf5-a3e3-46db-9345-cdeacf0a4fa5,2,1,13,252,76160,568,334,76980,76412,252,1326,0,2
1788fcf5-a3e3-46db-9345-cdeacf0a4fa5,2,1,14,18227,76928,286,86,95441,95155,18227,391,0,2
1788fcf5-a3e3-46db-9345-cdeacf0a4fa5,2,1,15,829,95360,512,231,96701,96189,829,916,0,2
1788fcf5-a3e3-46db-9345-cdeacf0a4fa5,2,1,16,2438,96640,700,425,99778,99078,2438,1499,0,2
1788fcf5-a3e3-46db-9345-cdeacf0a4fa5,2,1,17,2220,99712,1381,592,103313,101932,2220,2182,0,3
1788fcf5-a3e3-46db-9345-cdeacf0a4fa5,2,1,18,1181,103296,303,183,104780,104477,1181,634,0,2
1788fcf5-a3e3-46db-9345-cdeacf0a4fa5,2,1,19,4963,104704,1100,703,110767,109667,4963,2488,0,2
1788fcf5-a3e3-46db-9345-cdeacf0a4fa5,2,1,20,770,110720,212,60,111702,111490,770,202,0,2
1788fcf5-a3e3-46db-9345-cdeacf0a4fa5,2,1,21,881,111616,979,702,113476,112497,881,2746,0,2
1788fcf5-a3e3-46db-9345-cdeacf0a4fa5,2,1,22,1217,113408,883,604,115508,114625,1217,2302,0,2
1788fcf5-a3e3-46db-9345-cdeacf0a4fa5,2,1,23,2730,115456,1061,643,119247,118186,2730,2331,0,2
1788fcf5-a3e3-46db-9345-cdeacf0a4fa5,2,1,24,1040,119168,409,163,120617,120208,1040,669,0,2
1788fcf5-a3e3-46db-9345-cdeacf0a4fa5,2,1,25,1136,120576,281,104,121993,121712,1136,378,0,1
1788fcf5-a3e3-46db-9345-cdeacf0a4fa5,2,1,26,3631,121984,759,302,126374,125615,3631,1186,0,2
1788fcf5-a3e3-46db-9345-cdeacf0a4fa5,2,1,27,481,126336,1522,1121,128339,126817,481,3834,0,2
1788fcf5-a3e3-46db-9345-cdeacf0a4fa5,2,1,28,534,128256,625,269,129415,128790,534,1052,0,2
1788fcf5-a3e3-46db-9345-cdeacf0a4fa5,2,1,29,676,129408,549,324,130633,130084,676,1460,0,2
1788fcf5-a3e3-46db-9345-cdeacf0a4fa5,2,1,30,1150,130560,682,356,132392,131710,1150,1518,0,2
1788fcf5-a3e3-46db-9345-cdeacf0a4fa5,2,1,31,454,132352,515,217,133321,132806,454,778,0,2
1788fcf5-a3e3-46db-9345-cdeacf0a4fa5,2,1,32,3357,133248,773,368,137378,136605,3357,1363,0,2
1788fcf5-a3e3-46db-9345-cdeacf0a4fa5,2,1,33,1211,137344,5531,5114,144086,138555,1211,17703,0,2
1788fcf5-a3e3-46db-9345-cdeacf0a4fa5,2,1,34,453,144000,889,534,145342,144453,453,2035,0,2
1788fcf5-a3e3-46db-9345-cdeacf0a4fa5,2,1,35,685,145280,370,109,146335,145965,685,433,63,1
1788fcf5-a3e3-46db-9345-cdeacf0a4fa5,2,1,36,187,146176,7861,0,154224,146363,187,0,0,1
1788fcf5-a3e3-46db-9345-cdeacf0a4fa5,2,1,37,168,154112,939,726,155219,154280,168,2702,0,1
1788fcf5-a3e3-46db-9345-cdeacf0a4fa5,2,1,38,250,155008,7106,252,162364,155258,250,864,81,1
1788fcf5-a3e3-46db-9345-cdeacf0a4fa5,2,1,39,244,162176,219,0,162639,162420,244,0,0,1
1788fcf5-a3e3-46db-9345-cdeacf0a4fa5,2,1,40,148,162560,6946,290,169654,162708,148,1011,31,1
1788fcf5-a3e3-46db-9345-cdeacf0a4fa5,2,1,41,238,169472,209,0,169919,169710,238,0,0,1
1788fcf5-a3e3-46db-9345-cdeacf0a4fa5,2,1,42,232,169728,227,42,170187,169960,232,171,0,1
1788fcf5-a3e3-46db-9345-cdeacf0a4fa5,2,1,43,325,170112,6910,378,177347,170437,325,1161,0,1
1788fcf5-a3e3-46db-9345-cdeacf0a4fa5,2,1,44,251,177152,205,0,177608,177403,251,0,0,1
1788fcf5-a3e3-46db-9345-cdeacf0a4fa5,2,1,45,238,177408,7558,1131,185204,177646,238,4249,73,1
1788fcf5-a3e3-46db-9345-cdeacf0a4fa5,2,1,46,172,185088,205,0,185465,185260,172,0,0,1
1788fcf5-a3e3-46db-9345-cdeacf0a4fa5,2,1,47,159,185344,3641,389,189144,185503,159,1602,0,1
1788fcf5-a3e3-46db-9345-cdeacf0a4fa5,2,1,48,247,188928,3855,749,193030,189175,247,2813,0,1
1788fcf5-a3e3-46db-9345-cdeacf0a4fa5,2,1,49,164,192896,494,312,193554,193060,164,1287,0,1
1788fcf5-a3e3-46db-9345-cdeacf0a4fa5,2,1,50,331,193536,1252,92,195119,193867,331,334,0,2
1788fcf5-a3e3-46db-9345-cdeacf0a4fa5,2,1,51,231,194944,248,0,195423,195175,231,0,0,1
1788fcf5-a3e3-46db-9345-cdeacf0a4fa5,2,1,52,251,195200,788,0,196239,195451,251,0,2950,0
17a084cf-9432-43a8-b80b-8919b47feba3,3,1,1,2661,7936,202,0,10799,10597,2661,0,72,2
17a084cf-9432-43a8-b80b-8919b47feba3,3,1,2,3411,10752,407,146,14570,14163,3411,560,0,2
17a084cf-9432-43a8-b80b-8919b47feba3,3,1,3,916,14464,470,283,15850,15380,916,1023,0,2
17a084cf-9432-43a8-b80b-8919b47feba3,3,1,4,891,15744,298,90,16933,16635,891,296,0,2
17a084cf-9432-43a8-b80b-8919b47feba3,3,1,5,3351,16896,359,40,20606,20247,3351,146,0,2
17a084cf-9432-43a8-b80b-8919b47feba3,3,1,6,236,20480,595,110,21311,20716,236,447,0,2
17a084cf-9432-43a8-b80b-8919b47feba3,3,1,7,787,21248,845,148,22880,22035,787,507,0,2
17a084cf-9432-43a8-b80b-8919b47feba3,3,1,8,1242,22784,462,251,24488,24026,1242,900,0,2
17a084cf-9432-43a8-b80b-8919b47feba3,3,1,9,1581,24448,961,578,26990,26029,1581,2161,0,2
17a084cf-9432-43a8-b80b-8919b47feba3,3,1,10,908,26880,663,155,28451,27788,908,626,0,2
17a084cf-9432-43a8-b80b-8919b47feba3,3,1,11,209,28288,296,47,28793,28497,209,187,0,2
17a084cf-9432-43a8-b80b-8919b47feba3,3,1,12,1989,28672,862,248,31523,30661,1989,847,0,2
17a084cf-9432-43a8-b80b-8919b47feba3,3,1,13,1565,31232,744,184,33541,32797,1565,674,0,2
17a084cf-9432-43a8-b80b-8919b47feba3,3,1,14,317,33536,547,77,34400,33853,317,319,0,2
17a084cf-9432-43a8-b80b-8919b47feba3,3,1,15,1786,34304,1038,625,37128,36090,1786,2417,0,2
17a084cf-9432-43a8-b80b-8919b47feba3,3,1,16,2510,37120,772,515,40402,39630,2510,1941,0,2
17a084cf-9432-43a8-b80b-8919b47feba3,3,1,17,2396,40320,369,209,43085,42716,2396,847,0,2
17a084cf-9432-43a8-b80b-8919b47feba3,3,1,18,564,43008,925,356,44497,43572,564,1444,0,2
17a084cf-9432-43a8-b80b-8919b47feba3,3,1,19,243,44288,756,216,45287,44531,243,911,0,2
17a084cf-9432-43a8-b80b-8919b47feba3,3,1,20,742,45184,491,338,46417,45926,742,1332,0,2
17a084cf-9432-43a8-b80b-8919b47feba3,3,1,21,526,46336,522,209,47384,46862,526,814,0,2
17a084cf-9432-43a8-b80b-8919b47feba3,3,1,22,206,47232,252,38,47690,47438,206,155,0,2
17a084cf-9432-43a8-b80b-8919b47feba3,3,1,23,289,47616,898,580,48803,47905,289,2242,0,2
17a084cf-9432-43a8-b80b-8919b47feba3,3,1,24,4514,48768,1157,499,54439,53282,4514,1832,0,2
17a084cf-9432-43a8-b80b-8919b47feba3,3,1,25,1214,54400,670,212,56284,55614,1214,743,0,2
17a084cf-9432-43a8-b80b-8919b47feba3,3,1,26,2249,56192,531,136,58972,58441,2249,492,0,2
17a084cf-9432-43a8-b80b-8919b47feba3,3,1,27,2330,58880,521,155,61731,61210,2330,531,0,2
17a084cf-9432-43a8-b80b-8919b47feba3,3,1,28,1494,61696,1367,1037,64557,63190,1494,4154,0,2
17a084cf-9432-43a8-b80b-8919b47feba3,3,1,29,1365,64512,365,75,66242,65877,1365,308,0,2
17a084cf-9432-43a8-b80b-8919b47feba3,3,1,30,5003,66176,1133,734,72312,71179,5003,2688,0,2
17a084cf-9432-43a8-b80b-8919b47feba3,3,1,31,1519,72192,644,437,74355,73711,1519,1313,0,2
17a084cf-9432-43a8-b80b-8919b47feba3,3,1,32,1822,74240,777,521,76839,76062,1822,1847,0,2
17a084cf-9432-43a8-b80b-8919b47feba3,3,1,33,1901,76800,730,299,79431,78701,1901,1120,0,2
17a084cf-9432-43a8-b80b-8919b47feba3,3,1,34,578,79360,534,138,80472,79938,578,489,0,2
17a084cf-9432-43a8-b80b-8919b47feba3,3,1,35,283,80384,1207,621,81874,80667,283,2639,0,2
17a084cf-9432-43a8-b80b-8919b47feba3,3,1,36,2485,81792,812,547,85089,84277,2485,2134,0,2
17a084cf-9432-43a8-b80b-8919b47feba3,3,1,37,1791,84992,893,453,87676,86783,1791,1859,0,2
17a084cf-9432-43a8-b80b-8919b47feba3,3,1,38,2379,87552,662,413,90593,89931,2379,1605,0,2
17a084cf-9432-43a8-b80b-8919b47feba3,3,1,39,2767,90496,496,179,93759,93263,2767,658,0,2
17a084cf-9432-43a8-b80b-8919b47feba3,3,1,40,1449,93696,866,334,96011,95145,1449,1261,0,2
17a084cf-9432-43a8-b80b-8919b47feba3,3,1,41,1010,96000,903,641,97913,97010,1010,2397,0,2
17a084cf-9432-43a8-b80b-8919b47feba3,3,1,42,1664,97792,7525,2868,106981,99456,1664,9278,61,1
17a084cf-9432-43a8-b80b-8919b47feba3,3,1,43,156,106880,564,74,107600,107036,156,297,0,1
17a084cf-9432-43a8-b80b-8919b47feba3,3,1,44,442,107520,4391,212,112353,107962,442,948,93,1
17a084cf-9432-43a8-b80b-8919b47feba3,3,1,45,152,112256,98,0,112506,112408,152,0,0,1
17a084cf-9432-43a8-b80b-8919b47feba3,3,1,46,148,112384,1639,131,114171,112532,148,482,0,1
17a084cf-9432-43a8-b80b-8919b47feba3,3,1,47,164,114048,1048,0,115260,114212,164,0,0,1
17a084cf-9432-43a8-b80b-8919b47feba3,3,1,48,229,115072,457,0,115758,115301,229,0,0,1
17a084cf-9432-43a8-b80b-8919b47feba3,3,1,49,215,115584,105,0,115904,115799,215,0,0,1
17a084cf-9432-43a8-b80b-8919b47feba3,3,1,50,267,115840,248,137,116355,116107,267,549,0,1
17a084cf-9432-43a8-b80b-8919b47feba3,3,1,51,169,116224,886,0,117279,116393,169,0,0,1
17a084cf-9432-43a8-b80b-8919b47feba3,3,1,52,199,117120,549,0,117868,117319,199,0,1732,0
1b475704-43dc-4507-a2f9-d7efa55e7b9c,3,1,1,2613,7936,197,0,10746,10549,2613,0,108,2
1b475704-43dc-4507-a2f9-d7efa55e7b9c,3,1,2,7622,10624,376,163,18622,18246,7622,526,55,2
1b475704-43dc-4507-a2f9-d7efa55e7b9c,3,1,3,4887,18560,582,240,24029,23447,4887,800,68,2
1b475704-43dc-4507-a2f9-d7efa55e7b9c,3,1,4,2238,23936,530,221,26704,26174,2238,731,58,2
1b475704-43dc-4507-a2f9-d7efa55e7b9c,3,1,5,6207,26624,1414,1210,34245,32831,6207,4669,74,2
1b475704-43dc-4507-a2f9-d7efa55e7b9c,3,1,6,5185,34176,543,200,39904,39361,5185,595,0,2
1b475704-43dc-4507-a2f9-d7efa55e7b9c,3,1,7,7368,39808,820,574,47996,47176,7368,2063,79,2
1b475704-43dc-4507-a2f9-d7efa55e7b9c,3,1,8,5617,47872,923,541,54412,53489,5617,1980,0,2
1b475704-43dc-4507-a2f9-d7efa55e7b9c,3,1,9,452,54400,472,229,55324,54852,452,886,0,2
1b475704-43dc-4507-a2f9-d7efa55e7b9c,3,1,10,8964,55296,1039,622,65299,64260,8964,2324,0,2
1b475704-43dc-4507-a2f9-d7efa55e7b9c,3,1,11,4098,65280,789,376,70167,69378,4098,1246,0,2
1b475704-43dc-4507-a2f9-d7efa55e7b9c,3,1,12,47591,70144,1454,1038,119189,117735,47591,3684,101,2
1b475704-43dc-4507-a2f9-d7efa55e7b9c,3,1,13,24036,119168,1180,840,144384,143204,24036,3152,143,2
1b475704-43dc-4507-a2f9-d7efa55e7b9c,3,1,14,247,144384,330,207,144961,144631,247,659,0,2
1b475704-43dc-4507-a2f9-d7efa55e7b9c,3,1,15,292,144896,1025,665,146213,145188,292,2505,0,2
1b475704-43dc-4507-a2f9-d7efa55e7b9c,3,1,16,2313,146176,1000,350,149489,148489,2313,1253,0,2
1b475704-43dc-4507-a2f9-d7efa55e7b9c,3,1,17,158,149376,1020,302,150554,149534,158,861,90,1
1b475704-43dc-4507-a2f9-d7efa55e7b9c,3,1,18,405,150528,372,265,151305,150933,405,985,0,1
1b475704-43dc-4507-a2f9-d7efa55e7b9c,3,1,19,1054,151296,358,70,152708,152350,1054,261,88,2
1b475704-43dc-4507-a2f9-d7efa55e7b9c,3,1,20,4264,152704,468,249,157436,156968,4264,959,0,2
1b475704-43dc-4507-a2f9-d7efa55e7b9c,3,1,21,520,157312,629,241,158461,157832,520,784,63,3
1b475704-43dc-4507-a2f9-d7efa55e7b9c,3,1,22,761,158336,736,438,159833,159097,761,1383,60,2
1b475704-43dc-4507-a2f9-d7efa55e7b9c,3,1,23,1303,159744,671,352,161718,161047,1303,1245,0,2
1b475704-43dc-4507-a2f9-d7efa55e7b9c,3,1,24,1985,161664,876,468,164525,163649,1985,1606,0,2
1b475704-43dc-4507-a2f9-d7efa55e7b9c,3,1,25,804,164480,793,426,166077,165284,804,1514,0,2
1b475704-43dc-4507-a2f9-d7efa55e7b9c,3,1,26,5376,166016,1613,1270,173005,171392,5376,4495,0,2
1b475704-43dc-4507-a2f9-d7efa55e7b9c,3,1,27,1366,172544,888,607,174798,173910,1366,2232,0,2
1b475704-43dc-4507-a2f9-d7efa55e7b9c,3,1,28,3764,174720,1612,1218,180096,178484,3764,4556,119,2
1bf60fa7-70cb-49e0-87a2-17d8a39320a6,3,1,1,3053,7936,158,0,11147,10989,3053,0,71,2
1bf60fa7-70cb-49e0-87a2-17d8a39320a6,3,1,2,1692,11136,210,23,13038,12828,1692,120,0,2
1bf60fa7-70cb-49e0-87a2-17d8a39320a6,3,1,3,2341,12928,601,188,15870,15269,2341,756,0,2
1bf60fa7-70cb-49e0-87a2-17d8a39320a6,3,1,4,3227,15744,615,294,19586,18971,3227,1062,107,2
1bf60fa7-70cb-49e0-87a2-17d8a39320a6,3,1,5,10751,19584,418,200,30753,30335,10751,727,72,2
1bf60fa7-70cb-49e0-87a2-17d8a39320a6,3,1,6,185,30592,214,13,30991,30777,185,39,0,2
1bf60fa7-70cb-49e0-87a2-17d8a39320a6,3,1,7,1967,30976,203,9,33146,32943,1967,28,0,2
1bf60fa7-70cb-49e0-87a2-17d8a39320a6,3,1,8,2250,33024,348,233,35622,35274,2250,837,98,2
1bf60fa7-70cb-49e0-87a2-17d8a39320a6,3,1,9,5686,35584,722,407,41992,41270,5686,1523,145,2
1bf60fa7-70cb-49e0-87a2-17d8a39320a6,3,1,10,6641,41984,629,434,49254,48625,6641,1448,0,2
1bf60fa7-70cb-49e0-87a2-17d8a39320a6,3,1,11,4132,49152,460,363,53744,53284,4132,1411,0,2
1bf60fa7-70cb-49e0-87a2-17d8a39320a6,3,1,12,5745,53632,3927,362,63304,59377,5745,1330,113,3
1bf60fa7-70cb-49e0-87a2-17d8a39320a6,3,1,13,136,63232,281,113,63649,63368,136,398,112,2
1bf60fa7-70cb-49e0-87a2-17d8a39320a6,3,1,14,10516,63616,1076,762,75208,74132,10516,2676,91,2
1bf60fa7-70cb-49e0-87a2-17d8a39320a6,3,1,15,8518,75136,1011,673,84665,83654,8518,2470,78,2
1bf60fa7-70cb-49e0-87a2-17d8a39320a6,3,1,16,4861,84608,936,503,90405,89469,4861,1879,75,2
1bf60fa7-70cb-49e0-87a2-17d8a39320a6,3,1,17,469,90368,643,369,91480,90837,469,1280,0,1
1bf60fa7-70cb-49e0-87a2-17d8a39320a6,3,1,18,246,91264,202,40,91712,91510,246,179,0,1
1bf60fa7-70cb-49e0-87a2-17d8a39320a6,3,1,19,214,91520,1119,671,92853,91734,214,2305,0,2
1bf60fa7-70cb-49e0-87a2-17d8a39320a6,3,1,20,390,92800,957,622,94147,93190,390,2332,97,2
1bf60fa7-70cb-49e0-87a2-17d8a39320a6,3,1,21,3107,94080,568,184,97755,97187,3107,679,96,2
1bf60fa7-70cb-49e0-87a2-17d8a39320a6,3,1,22,3348,97664,634,261,101646,101012,3348,1008,0,2
1bf60fa7-70cb-49e0-87a2-17d8a39320a6,3,1,23,3732,101632,522,107,105886,105364,3732,416,0,2
1bf60fa7-70cb-49e0-87a2-17d8a39320a6,3,1,24,887,105856,758,316,107501,106743,887,1263,0,2
1bf60fa7-70cb-49e0-87a2-17d8a39320a6,3,1,25,2901,107392,758,486,111051,110293,2901,1873,102,2
1bf60fa7-70cb-49e0-87a2-17d8a39320a6,3,1,26,3214,110976,812,658,115002,114190,3214,2343,127,3
1bf60fa7-70cb-49e0-87a2-17d8a39320a6,3,1,27,3994,114944,320,180,119258,118938,3994,610,66,3
1bf60fa7-70cb-49e0-87a2-17d8a39320a6,3,1,28,5255,119168,498,195,124921,124423,5255,761,72,2
1bf60fa7-70cb-49e0-87a2-17d8a39320a6,3,1,29,6591,124800,1087,445,132478,131391,6591,1099,73,2
1bf60fa7-70cb-49e0-87a2-17d8a39320a6,3,1,30,1397,132352,565,52,134314,133749,1397,215,79,2
1bf60fa7-70cb-49e0-87a2-17d8a39320a6,3,1,31,17017,134272,791,361,152080,151289,17017,1286,107,1
1bf60fa7-70cb-49e0-87a2-17d8a39320a6,3,1,32,7496,152064,631,315,160191,159560,7496,1084,0,3
1bf60fa7-70cb-49e0-87a2-17d8a39320a6,3,1,33,2891,160128,936,268,163955,163019,2891,1015,60,2
1bf60fa7-70cb-49e0-87a2-17d8a39320a6,3,1,34,903,163840,875,209,165618,164743,903,839,0,2
1bf60fa7-70cb-49e0-87a2-17d8a39320a6,3,1,35,1093,165504,758,317,167355,166597,1093,1164,0,2
1bf60fa7-70cb-49e0-87a2-17d8a39320a6,3,1,36,1798,167296,1186,349,170280,169094,1798,1297,0,2
1bf60fa7-70cb-49e0-87a2-17d8a39320a6,3,1,37,1434,170240,1627,830,173301,171674,1434,2003,59,2
1bf60fa7-70cb-49e0-87a2-17d8a39320a6,3,1,38,2474,173184,1374,662,177032,175658,2474,2153,0,2
1bf60fa7-70cb-49e0-87a2-17d8a39320a6,3,1,39,3935,177024,1213,384,182172,180959,3935,1508,0,2
1bf60fa7-70cb-49e0-87a2-17d8a39320a6,3,1,40,3041,182144,1303,717,186488,185185,3041,2237,0,2
1bf60fa7-70cb-49e0-87a2-17d8a39320a6,3,1,41,1563,186368,1324,808,189255,187931,1563,2345,0,2
1bf60fa7-70cb-49e0-87a2-17d8a39320a6,3,1,42,3602,189184,892,454,193678,192786,3602,1525,98,3
1bf60fa7-70cb-49e0-87a2-17d8a39320a6,3,1,43,203,193664,642,454,194509,193867,203,1827,0,2
1bf60fa7-70cb-49e0-87a2-17d8a39320a6,3,1,44,5293,194432,356,133,200081,199725,5293,582,69,2
1bf60fa7-70cb-49e0-87a2-17d8a39320a6,3,1,45,14158,200064,724,370,214946,214222,14158,1535,0,2
1bf60fa7-70cb-49e0-87a2-17d8a39320a6,3,1,46,4829,214912,247,92,219988,219741,4829,318,0,2
1bf60fa7-70cb-49e0-87a2-17d8a39320a6,3,1,47,3720,219904,716,288,224340,223624,3720,1214,80,2
1bf60fa7-70cb-49e0-87a2-17d8a39320a6,3,1,48,2688,224256,814,197,227758,226944,2688,775,97,2
1bf60fa7-70cb-49e0-87a2-17d8a39320a6,3,1,49,1299,227712,514,198,229525,229011,1299,767,0,1
1bf60fa7-70cb-49e0-87a2-17d8a39320a6,3,1,50,404,229504,8627,8301,238535,229908,404,25119,77,1
1bf60fa7-70cb-49e0-87a2-17d8a39320a6,3,1,51,8035,230528,18834,0,257397,238563,8035,0,0,1
1bf60fa7-70cb-49e0-87a2-17d8a39320a6,3,1,52,176,257280,159,40,257615,257456,176,159,0,1
1bf60fa7-70cb-49e0-87a2-17d8a39320a6,3,1,53,155,257536,180,0,257871,257691,155,0,0,1
1bf60fa7-70cb-49e0-87a2-17d8a39320a6,3,1,54,252,257664,172,80,258088,257916,252,283,0,1
1bf60fa7-70cb-49e0-87a2-17d8a39320a6,3,1,55,194,257920,1548,0,259662,258114,194,0,0,1
1bf60fa7-70cb-49e0-87a2-17d8a39320a6,3,1,56,247,259456,309,0,260012,259703,247,0,0,1
1bf60fa7-70cb-49e0-87a2-17d8a39320a6,3,1,57,200,259840,694,0,260734,260040,200,0,2340,0
1deec50d-0878-4863-bb81-61106e0e28a5,3,1,1,3069,7936,207,0,11212,11005,3069,0,74,2
1deec50d-0878-4863-bb81-61106e0e28a5,3,1,2,1452,11136,515,39,13103,12588,1452,170,91,2
1deec50d-0878-4863-bb81-61106e0e28a5,3,1,3,1250,13056,514,151,14820,14306,1250,707,0,2
1deec50d-0878-4863-bb81-61106e0e28a5,3,1,4,2503,14720,3615,245,20838,17223,2503,983,83,4
1deec50d-0878-4863-bb81-61106e0e28a5,3,1,5,186,20736,698,149,21620,20922,186,558,106,2
1deec50d-0878-4863-bb81-61106e0e28a5,3,1,6,387,21504,378,53,22269,21891,387,185,0,2
1deec50d-0878-4863-bb81-61106e0e28a5,3,1,7,3012,21888,434,123,25334,24900,3012,514,0,2
1deec50d-0878-4863-bb81-61106e0e28a5,3,1,8,1644,24832,912,291,27388,26476,1644,1150,107,2
1deec50d-0878-4863-bb81-61106e0e28a5,3,1,9,366,27264,523,42,28153,27630,366,158,0,2
1deec50d-0878-4863-bb81-61106e0e28a5,3,1,10,1790,28032,1103,399,30925,29822,1790,1647,97,2
1deec50d-0878-4863-bb81-61106e0e28a5,3,1,11,1046,30848,357,216,32251,31894,1046,805,0,1
1deec50d-0878-4863-bb81-61106e0e28a5,3,1,12,852,32128,513,97,33493,32980,852,389,0,2
1deec50d-0878-4863-bb81-61106e0e28a5,3,1,13,1650,33408,912,312,35970,35058,1650,1081,0,2
1deec50d-0878-4863-bb81-61106e0e28a5,3,1,14,676,35968,461,94,37105,36644,676,357,0,2
1deec50d-0878-4863-bb81-61106e0e28a5,3,1,15,1028,36992,303,72,38323,38020,1028,286,0,2
1deec50d-0878-4863-bb81-61106e0e28a5,3,1,16,8830,38272,594,163,47696,47102,8830,691,99,2
1deec50d-0878-4863-bb81-61106e0e28a5,3,1,17,942,47616,443,59,49001,48558,942,194,0,2
1deec50d-0878-4863-bb81-61106e0e28a5,3,1,18,891,48896,723,67,50510,49787,891,255,0,2
1deec50d-0878-4863-bb81-61106e0e28a5,3,1,19,1824,50432,641,140,52897,52256,1824,584,67,2
1deec50d-0878-4863-bb81-61106e0e28a5,3,1,20,245,52864,1031,158,54140,53109,245,727,0,2
1deec50d-0878-4863-bb81-61106e0e28a5,3,1,21,1955,54016,815,416,56786,55971,1955,1763,0,2
1deec50d-0878-4863-bb81-61106e0e28a5,3,1,22,2306,56704,1049,211,60059,59010,2306,773,133,2
1deec50d-0878-4863-bb81-61106e0e28a5,3,1,23,308,60032,779,163,61119,60340,308,656,0,2
1deec50d-0878-4863-bb81-61106e0e28a5,3,1,24,247,60928,487,69,61662,61175,247,326,0,2
1deec50d-0878-4863-bb81-61106e0e28a5,3,1,25,1044,61568,522,116,63134,62612,1044,491,87,2
1deec50d-0878-4863-bb81-61106e0e28a5,3,1,26,2546,63104,1329,502,66979,65650,2546,2086,103,2
1deec50d-0878-4863-bb81-61106e0e28a5,3,1,27,1032,66944,1201,544,69177,67976,1032,2022,88,2
1deec50d-0878-4863-bb81-61106e0e28a5,3,1,28,474,69120,787,224,70381,69594,474,799,0,2
1deec50d-0878-4863-bb81-61106e0e28a5,3,1,29,1322,70272,494,101,72088,71594,1322,409,71,2
1deec50d-0878-4863-bb81-61106e0e28a5,3,1,30,531,72064,430,136,73025,72595,531,589,0,2
1deec50d-0878-4863-bb81-61106e0e28a5,3,1,31,1925,72960,617,374,75502,74885,1925,1570,84,2
1deec50d-0878-4863-bb81-61106e0e28a5,3,1,32,595,75392,883,352,76870,75987,595,1457,0,2
1deec50d-0878-4863-bb81-61106e0e28a5,3,1,33,208,76800,521,123,77529,77008,208,528,0,2
1deec50d-0878-4863-bb81-61106e0e28a5,3,1,34,250,77312,928,446,78490,77562,250,1643,74,2
1deec50d-0878-4863-bb81-61106e0e28a5,3,1,35,219,78464,644,45,79327,78683,219,181,0,2
1deec50d-0878-4863-bb81-61106e0e28a5,3,1,36,759,79232,572,138,80563,79991,759,554,0,2
1deec50d-0878-4863-bb81-61106e0e28a5,3,1,37,1005,80512,711,64,82228,81517,1005,216,0,2
1deec50d-0878-4863-bb81-61106e0e28a5,3,1,38,2449,82176,514,267,85139,84625,2449,1006,0,3
1deec50d-0878-4863-bb81-61106e0e28a5,3,1,39,230,85120,425,53,85775,85350,230,195,0,2
1deec50d-0878-4863-bb81-61106e0e28a5,3,1,40,6936,85760,657,198,93353,92696,6936,727,78,2
1deec50d-0878-4863-bb81-61106e0e28a5,3,1,41,863,93312,681,195,94856,94175,863,754,0,2
1deec50d-0878-4863-bb81-61106e0e28a5,3,1,42,2308,94848,605,347,97761,97156,2308,1405,84,2
1deec50d-0878-4863-bb81-61106e0e28a5,3,1,43,1644,97664,847,567,100155,99308,1644,2253,0,2
1deec50d-0878-4863-bb81-61106e0e28a5,3,1,44,1041,100096,857,529,101994,101137,1041,2171,0,2
1deec50d-0878-4863-bb81-61106e0e28a5,3,1,45,416,101888,697,282,103001,102304,416,1114,0,2
1deec50d-0878-4863-bb81-61106e0e28a5,3,1,46,602,102912,1492,1063,105006,103514,602,4109,0,2
1deec50d-0878-4863-bb81-61106e0e28a5,3,1,47,915,104960,615,137,106490,105875,915,554,108,2
1deec50d-0878-4863-bb81-61106e0e28a5,3,1,48,3185,106368,758,152,110311,109553,3185,565,0,2
1deec50d-0878-4863-bb81-61106e0e28a5,3,1,49,825,110208,910,184,111943,111033,825,612,90,2
1deec50d-0878-4863-bb81-61106e0e28a5,3,1,50,1803,111872,951,395,114626,113675,1803,1580,62,2
1deec50d-0878-4863-bb81-61106e0e28a5,3,1,51,1891,113792,504,117,116187,115683,1891,467,74,2
1deec50d-0878-4863-bb81-61106e0e28a5,3,1,52,284,116096,444,90,116824,116380,284,334,0,1
1deec50d-0878-4863-bb81-61106e0e28a5,3,1,53,426,116736,498,43,117660,117162,426,166,0,2
1deec50d-0878-4863-bb81-61106e0e28a5,3,1,54,1613,117632,568,179,119813,119245,1613,765,0,2
1deec50d-0878-4863-bb81-61106e0e28a5,3,1,55,577,119808,913,146,121298,120385,577,607,78,2
1deec50d-0878-4863-bb81-61106e0e28a5,3,1,56,775,121216,16474,2291,138465,121991,775,9855,45,1
1deec50d-0878-4863-bb81-61106e0e28a5,3,1,57,156,138368,346,103,138870,138524,156,421,0,2
1deec50d-0878-4863-bb81-61106e0e28a5,3,1,58,616,138752,630,152,139998,139368,616,587,90,2
1deec50d-0878-4863-bb81-61106e0e28a5,3,1,59,429,139904,377,0,140710,140333,429,0,0,2
1deec50d-0878-4863-bb81-61106e0e28a5,3,1,60,750,140672,704,52,142126,141422,750,202,0,2
1deec50d-0878-4863-bb81-61106e0e28a5,3,1,61,1251,142080,964,168,144295,143331,1251,756,58,1
1deec50d-0878-4863-bb81-61106e0e28a5,3,1,62,212,144128,547,0,144887,144340,212,0,0,1
1deec50d-0878-4863-bb81-61106e0e28a5,3,1,63,164,144768,217,0,145149,144932,164,0,0,1
1deec50d-0878-4863-bb81-61106e0e28a5,3,1,64,894,145024,2631,0,148549,145918,894,0,64,1
1deec50d-0878-4863-bb81-61106e0e28a5,3,1,65,234,148352,767,0,149353,148586,234,0,3211,0
1e0ef8e5-13ab-407d-9611-97e58bc5370f,2,1,1,3277,7936,226,0,11439,11213,3277,0,138,2
1e0ef8e5-13ab-407d-9611-97e58bc5370f,2,1,2,1680,11392,335,31,13407,13072,1680,160,92,2
1e0ef8e5-13ab-407d-9611-97e58bc5370f,2,1,3,1456,13312,2338,1653,17106,14768,1456,6448,58,4
1e0ef8e5-13ab-407d-9611-97e58bc5370f,2,1,4,2519,17024,974,541,20517,19543,2519,1916,92,2
1e0ef8e5-13ab-407d-9611-97e58bc5370f,2,1,5,3979,19456,968,477,24403,23435,3979,1630,163,2
1e0ef8e5-13ab-407d-9611-97e58bc5370f,2,1,6,139,24320,312,33,24771,24459,139,130,52,3
1e0ef8e5-13ab-407d-9611-97e58bc5370f,2,1,7,4159,24704,782,256,29645,28863,4159,973,95,2
1e0ef8e5-13ab-407d-9611-97e58bc5370f,2,1,8,2046,29568,985,402,32599,31614,2046,1461,120,2
1e0ef8e5-13ab-407d-9611-97e58bc5370f,2,1,9,289,32512,400,71,33201,32801,289,351,0,2
1e0ef8e5-13ab-407d-9611-97e58bc5370f,2,1,10,155,33152,1112,513,34419,33307,155,1977,84,2
1e0ef8e5-13ab-407d-9611-97e58bc5370f,2,1,11,671,34304,1591,980,36566,34975,671,3588,88,2
1e0ef8e5-13ab-407d-9611-97e58bc5370f,2,1,12,878,36480,1054,605,38412,37358,878,2317,61,1
1e0ef8e5-13ab-407d-9611-97e58bc5370f,2,1,13,180,38272,467,268,38919,38452,180,956,0,1
1e0ef8e5-13ab-407d-9611-97e58bc5370f,2,1,14,540,38912,3239,932,42691,39452,540,3702,171,3
1e0ef8e5-13ab-407d-9611-97e58bc5370f,2,1,15,318,42624,1932,323,44874,42942,318,1219,150,3
1e0ef8e5-13ab-407d-9611-97e58bc5370f,2,1,16,948,44800,173,85,45921,45748,948,339,67,1
1e0ef8e5-13ab-407d-9611-97e58bc5370f,2,1,17,1513,45824,1232,705,48569,47337,1513,2623,138,2
1e0ef8e5-13ab-407d-9611-97e58bc5370f,2,1,18,1164,48512,1438,1000,51114,49676,1164,3886,158,2
1e0ef8e5-13ab-407d-9611-97e58bc5370f,2,1,19,1043,51072,1072,416,53187,52115,1043,1525,108,2
1e0ef8e5-13ab-407d-9611-97e58bc5370f,2,1,20,400,53120,649,116,54169,53520,400,464,0,2
1e0ef8e5-13ab-407d-9611-97e58bc5370f,2,1,21,285,54144,931,190,55360,54429,285,728,135,3
1e0ef8e5-13ab-407d-9611-97e58bc5370f,2,1,22,357,55296,652,331,56305,55653,357,1148,0,2
1e0ef8e5-13ab-407d-9611-97e58bc5370f,2,1,23,1162,56192,859,410,58213,57354,1162,1660,110,2
1e0ef8e5-13ab-407d-9611-97e58bc5370f,2,1,24,1422,58112,1125,724,60659,59534,1422,2825,0,3
1e0ef8e5-13ab-407d-9611-97e58bc5370f,2,1,25,1106,60544,1254,692,62904,61650,1106,2608,83,2
1e0ef8e5-13ab-407d-9611-97e58bc5370f,2,1,26,1831,62848,1221,555,65900,64679,1831,2226,84,2
1e0ef8e5-13ab-407d-9611-97e58bc5370f,2,1,27,326,65792,1441,880,67559,66118,326,3526,72,2
1e0ef8e5-13ab-407d-9611-97e58bc5370f,2,1,28,1110,67456,483,110,69049,68566,1110,476,0,1
1e0ef8e5-13ab-407d-9611-97e58bc5370f,2,1,29,162,68992,873,397,70027,69154,162,1651,0,3
1e0ef8e5-13ab-407d-9611-97e58bc5370f,2,1,30,332,70016,1188,980,71536,70348,332,3948,134,3
1e0ef8e5-13ab-407d-9611-97e58bc5370f,2,1,31,2849,71424,672,474,74945,74273,2849,2154,147,3
1e0ef8e5-13ab-407d-9611-97e58bc5370f,2,1,32,2136,74880,1230,819,78246,77016,2136,3089,108,2
1e0ef8e5-13ab-407d-9611-97e58bc5370f,2,1,33,1841,78208,1624,919,81673,80049,1841,3404,131,3
1e0ef8e5-13ab-407d-9611-97e58bc5370f,2,1,34,1216,81664,2012,1238,84892,82880,1216,4759,101,3
1e0ef8e5-13ab-407d-9611-97e58bc5370f,2,1,35,610,84864,1056,683,86530,85474,610,2809,120,2
1e0ef8e5-13ab-407d-9611-97e58bc5370f,2,1,36,9877,86528,495,279,96900,96405,9877,1132,101,1
1e0ef8e5-13ab-407d-9611-97e58bc5370f,2,1,37,810,96896,361,44,98067,97706,810,181,83,1
1e0ef8e5-13ab-407d-9611-97e58bc5370f,2,1,38,165,97920,200,36,98285,98085,165,150,0,1
1e0ef8e5-13ab-407d-9611-97e58bc5370f,2,1,39,825,98176,235,85,99236,99001,825,347,0,1
1e0ef8e5-13ab-407d-9611-97e58bc5370f,2,1,40,660,99200,619,286,100479,99860,660,1299,111,1
1e0ef8e5-13ab-407d-9611-97e58bc5370f,2,1,41,2570,100352,2074,1489,104996,102922,2570,6410,133,2
1e0ef8e5-13ab-407d-9611-97e58bc5370f,2,1,42,3534,104960,1372,815,109866,108494,3534,3508,107,2
1e0ef8e5-13ab-407d-9611-97e58bc5370f,2,1,43,266,109824,874,429,110964,110090,266,2115,0,1
1e0ef8e5-13ab-407d-9611-97e58bc5370f,2,1,44,460,110848,948,664,112256,111308,460,2734,85,1
1e0ef8e5-13ab-407d-9611-97e58bc5370f,2,1,45,654,112256,1531,928,114441,112910,654,3815,115,2
1e0ef8e5-13ab-407d-9611-97e58bc5370f,2,1,46,909,114432,1030,641,116371,115341,909,2552,71,1
1e0ef8e5-13ab-407d-9611-97e58bc5370f,2,1,47,200,116352,1467,721,118019,116552,200,2903,79,2
1e0ef8e5-13ab-407d-9611-97e58bc5370f,2,1,48,511,118016,582,416,119109,118527,511,1774,0,2
1e0ef8e5-13ab-407d-9611-97e58bc5370f,2,1,49,406,119040,1156,837,120602,119446,406,3312,77,1
1e0ef8e5-13ab-407d-9611-97e58bc5370f,2,1,50,234,120448,3250,2767,123932,120682,234,10980,79,1
1e0ef8e5-13ab-407d-9611-97e58bc5370f,2,1,51,1181,123904,7122,1386,132207,125085,1181,4662,68,1
1e0ef8e5-13ab-407d-9611-97e58bc5370f,2,1,52,166,132096,210,85,132472,132262,166,377,72,2
1e0ef8e5-13ab-407d-9611-97e58bc5370f,2,1,53,282,132352,623,299,133257,132634,282,1257,74,1
1e0ef8e5-13ab-407d-9611-97e58bc5370f,2,1,54,474,133248,503,187,134225,133722,474,862,0,1
1e0ef8e5-13ab-407d-9611-97e58bc5370f,2,1,55,486,134144,151,110,134781,134630,486,492,101,1
1e0ef8e5-13ab-407d-9611-97e58bc5370f,2,1,56,234,134656,5185,379,140075,134890,234,1583,90,1
1e0ef8e5-13ab-407d-9611-97e58bc5370f,2,1,57,226,139904,140,44,140270,140130,226,191,0,2
1e0ef8e5-13ab-407d-9611-97e58bc5370f,2,1,58,239,140160,996,387,141395,140399,239,1622,72,2
1e0ef8e5-13ab-407d-9611-97e58bc5370f,2,1,59,160,141312,237,155,141709,141472,160,627,0,1
1e0ef8e5-13ab-407d-9611-97e58bc5370f,2,1,60,165,141568,5092,348,146825,141733,165,1505,54,1
1e0ef8e5-13ab-407d-9611-97e58bc5370f,2,1,61,192,146688,120,0,147000,146880,192,0,0,2
1e0ef8e5-13ab-407d-9611-97e58bc5370f,2,1,62,261,146944,2308,781,149513,147205,261,3211,33,4
1e0ef8e5-13ab-407d-9611-97e58bc5370f,2,1,63,161,149504,163,67,149828,149665,161,279,0,2
1e0ef8e5-13ab-407d-9611-97e58bc5370f,2,1,64,197,149760,214,125,150171,149957,197,539,126,1
1e0ef8e5-13ab-407d-9611-97e58bc5370f,2,1,65,6383,150144,2763,1555,159290,156527,6383,6368,89,1
1e0ef8e5-13ab-407d-9611-97e58bc5370f,2,1,66,1678,159232,490,200,161400,160910,1678,858,0,2
1e0ef8e5-13ab-407d-9611-97e58bc5370f,2,1,67,181,161280,3226,1668,164687,161461,181,6888,101,2
1e0ef8e5-13ab-407d-9611-97e58bc5370f,2,1,68,137,164608,1672,540,166417,164745,137,2094,4451,0
1ece4a27-295e-45a1-b4e8-f4a61be5e7a2,3,1,1,2711,7936,179,0,10826,10647,2711,0,86,2
1ece4a27-295e-45a1-b4e8-f4a61be5e7a2,3,1,2,3420,10752,257,34,14429,14172,3420,173,82,2
1ece4a27-295e-45a1-b4e8-f4a61be5e7a2,3,1,3,1931,14336,643,240,16910,16267,1931,981,0,3
1ece4a27-295e-45a1-b4e8-f4a61be5e7a2,3,1,4,2186,16896,619,219,19701,19082,2186,781,0,3
1ece4a27-295e-45a1-b4e8-f4a61be5e7a2,3,1,5,3892,19584,651,225,24127,23476,3892,778,0,2
1ece4a27-295e-45a1-b4e8-f4a61be5e7a2,3,1,6,5133,24064,1319,617,30516,29197,5133,2087,65,4
1ece4a27-295e-45a1-b4e8-f4a61be5e7a2,3,1,7,1784,30464,782,277,33030,32248,1784,888,0,2
1ece4a27-295e-45a1-b4e8-f4a61be5e7a2,3,1,8,849,33024,962,228,34835,33873,849,758,0,4
1ece4a27-295e-45a1-b4e8-f4a61be5e7a2,3,1,9,849,34816,663,87,36328,35665,849,364,0,3
1ece4a27-295e-45a1-b4e8-f4a61be5e7a2,3,1,10,3004,36224,875,306,40103,39228,3004,1114,99,4
1ece4a27-295e-45a1-b4e8-f4a61be5e7a2,3,1,11,4243,40064,1450,633,45757,44307,4243,2534,74,3
1ece4a27-295e-45a1-b4e8-f4a61be5e7a2,3,1,12,4518,45696,520,143,50734,50214,4518,600,0,2
1ece4a27-295e-45a1-b4e8-f4a61be5e7a2,3,1,13,4626,50688,653,117,55967,55314,4626,512,0,2
1ece4a27-295e-45a1-b4e8-f4a61be5e7a2,3,1,14,617,55936,1601,945,58154,56553,617,3648,100,4
1ece4a27-295e-45a1-b4e8-f4a61be5e7a2,3,1,15,1613,58112,848,526,60573,59725,1613,1855,0,2
1ece4a27-295e-45a1-b4e8-f4a61be5e7a2,3,1,16,5161,60544,861,226,66566,65705,5161,902,0,4
1ece4a27-295e-45a1-b4e8-f4a61be5e7a2,3,1,17,1534,66560,994,342,69088,68094,1534,1149,71,2
1ece4a27-295e-45a1-b4e8-f4a61be5e7a2,3,1,18,857,68992,591,311,70440,69849,857,1144,0,4
1ece4a27-295e-45a1-b4e8-f4a61be5e7a2,3,1,19,200,70400,781,253,71381,70600,200,835,0,2
1ece4a27-295e-45a1-b4e8-f4a61be5e7a2,3,1,20,2061,71296,1817,1317,75174,73357,2061,5123,88,4
1ece4a27-295e-45a1-b4e8-f4a61be5e7a2,3,1,21,1240,75136,1219,257,77595,76376,1240,903,0,3
1ece4a27-295e-45a1-b4e8-f4a61be5e7a2,3,1,22,2289,77568,849,396,80706,79857,2289,1684,0,4
1ece4a27-295e-45a1-b4e8-f4a61be5e7a2,3,1,23,1493,80640,1291,225,83424,82133,1493,912,0,3
1ece4a27-295e-45a1-b4e8-f4a61be5e7a2,3,1,24,920,83328,950,475,85198,84248,920,1804,0,4
1ece4a27-295e-45a1-b4e8-f4a61be5e7a2,3,1,25,1111,85120,1279,283,87510,86231,1111,1018,0,4
1ece4a27-295e-45a1-b4e8-f4a61be5e7a2,3,1,26,3030,87424,792,382,91246,90454,3030,1511,0,4
1ece4a27-295e-45a1-b4e8-f4a61be5e7a2,3,1,27,4171,91136,1100,232,96407,95307,4171,842,0,4
1ece4a27-295e-45a1-b4e8-f4a61be5e7a2,3,1,28,8063,96384,1025,358,105472,104447,8063,1298,0,3
1ece4a27-295e-45a1-b4e8-f4a61be5e7a2,3,1,29,1438,105472,1368,729,108278,106910,1438,2817,0,4
1ece4a27-295e-45a1-b4e8-f4a61be5e7a2,3,1,30,5283,108160,1184,608,114627,113443,5283,2451,0,4
1ece4a27-295e-45a1-b4e8-f4a61be5e7a2,3,1,31,892,114560,1038,159,116490,115452,892,607,0,3
1ece4a27-295e-45a1-b4e8-f4a61be5e7a2,3,1,32,1292,116480,1331,420,119103,117772,1292,1599,0,3
1ece4a27-295e-45a1-b4e8-f4a61be5e7a2,3,1,33,1893,119040,928,602,121861,120933,1893,2444,0,3
1ece4a27-295e-45a1-b4e8-f4a61be5e7a2,3,1,34,995,121856,525,103,123376,122851,995,404,0,3
1ece4a27-295e-45a1-b4e8-f4a61be5e7a2,3,1,35,3215,123264,4182,3704,130661,126479,3215,13289,64,2
1ece4a27-295e-45a1-b4e8-f4a61be5e7a2,3,1,36,525,130560,15456,204,146541,131085,525,867,77,1
1ece4a27-295e-45a1-b4e8-f4a61be5e7a2,3,1,37,165,146432,427,177,147024,146597,165,647,0,2
1ece4a27-295e-45a1-b4e8-f4a61be5e7a2,3,1,38,1263,146944,1555,141,149762,148207,1263,631,0,2
1ece4a27-295e-45a1-b4e8-f4a61be5e7a2,3,1,39,192,149632,639,0,150463,149824,192,0,2399,0
203408d4-bf52-4104-973b-d706b0c5b4e9,2,1,1,2784,7936,174,0,10894,10720,2784,0,70,2
203408d4-bf52-4104-973b-d706b0c5b4e9,2,1,2,4479,10880,304,92,15663,15359,4479,435,0,2
203408d4-bf52-4104-973b-d706b0c5b4e9,2,1,3,1028,15616,422,144,17066,16644,1028,671,0,2
203408d4-bf52-4104-973b-d706b0c5b4e9,2,1,4,716,17024,581,231,18321,17740,716,1108,0,2
203408d4-bf52-4104-973b-d706b0c5b4e9,2,1,5,765,18304,3491,104,22560,19069,765,468,100,4
203408d4-bf52-4104-973b-d706b0c5b4e9,2,1,6,170,22528,383,138,23081,22698,170,531,0,2
203408d4-bf52-4104-973b-d706b0c5b4e9,2,1,7,1282,23040,406,112,24728,24322,1282,421,0,2
203408d4-bf52-4104-973b-d706b0c5b4e9,2,1,8,737,24704,423,146,25864,25441,737,478,0,2
203408d4-bf52-4104-973b-d706b0c5b4e9,2,1,9,40429,25856,1441,1034,67726,66285,40429,3969,85,2
203408d4-bf52-4104-973b-d706b0c5b4e9,2,1,10,2370,67712,468,222,70550,70082,2370,730,0,2
203408d4-bf52-4104-973b-d706b0c5b4e9,2,1,11,3699,70528,686,329,74913,74227,3699,1358,0,2
203408d4-bf52-4104-973b-d706b0c5b4e9,2,1,12,4348,74880,704,351,79932,79228,4348,1281,0,2
203408d4-bf52-4104-973b-d706b0c5b4e9,2,1,13,1376,79872,487,135,81735,81248,1376,489,0,2
203408d4-bf52-4104-973b-d706b0c5b4e9,2,1,14,1792,81152,615,404,83559,82944,1792,1552,0,2
203408d4-bf52-4104-973b-d706b0c5b4e9,2,1,15,4103,83456,487,193,88046,87559,4103,791,0,2
203408d4-bf52-4104-973b-d706b0c5b4e9,2,1,16,48723,87936,188,40,136847,136659,48723,203,0,2
203408d4-bf52-4104-973b-d706b0c5b4e9,2,1,17,469,136832,544,264,137845,137301,469,978,0,2
203408d4-bf52-4104-973b-d706b0c5b4e9,2,1,18,2385,137728,374,119,140487,140113,2385,434,0,2
203408d4-bf52-4104-973b-d706b0c5b4e9,2,1,19,781,140416,620,236,141817,141197,781,847,0,2
203408d4-bf52-4104-973b-d706b0c5b4e9,2,1,20,1766,141696,673,315,144135,143462,1766,1125,0,2
203408d4-bf52-4104-973b-d706b0c5b4e9,2,1,21,1605,144128,439,160,146172,145733,1605,604,0,2
203408d4-bf52-4104-973b-d706b0c5b4e9,2,1,22,2276,146048,503,104,148827,148324,2276,409,0,2
203408d4-bf52-4104-973b-d706b0c5b4e9,2,1,23,15327,148736,733,238,164796,164063,15327,1009,100,2
203408d4-bf52-4104-973b-d706b0c5b4e9,2,1,24,675,164736,221,73,165632,165411,675,326,0,1
203408d4-bf52-4104-973b-d706b0c5b4e9,2,1,25,932,165632,788,343,167352,166564,932,1310,72,2
203408d4-bf52-4104-973b-d706b0c5b4e9,2,1,26,220,167296,553,61,168069,167516,220,250,0,2
203408d4-bf52-4104-973b-d706b0c5b4e9,2,1,27,1729,168064,505,117,170298,169793,1729,473,0,2
203408d4-bf52-4104-973b-d706b0c5b4e9,2,1,28,349,170240,216,106,170805,170589,349,417,0,2
203408d4-bf52-4104-973b-d706b0c5b4e9,2,1,29,1389,170752,413,175,172554,172141,1389,671,0,2
203408d4-bf52-4104-973b-d706b0c5b4e9,2,1,30,1655,172544,689,231,174888,174199,1655,898,0,2
203408d4-bf52-4104-973b-d706b0c5b4e9,2,1,31,192,174720,395,112,175307,174912,192,460,0,2
203408d4-bf52-4104-973b-d706b0c5b4e9,2,1,32,424,175232,271,85,175927,175656,424,312,0,2
203408d4-bf52-4104-973b-d706b0c5b4e9,2,1,33,6832,175872,384,109,183088,182704,6832,433,0,2
203408d4-bf52-4104-973b-d706b0c5b4e9,2,1,34,446,183040,294,90,183780,183486,446,337,0,2
203408d4-bf52-4104-973b-d706b0c5b4e9,2,1,35,3451,183680,422,123,187553,187131,3451,490,0,2
203408d4-bf52-4104-973b-d706b0c5b4e9,2,1,36,541,187520,470,185,188531,188061,541,741,0,2
203408d4-bf52-4104-973b-d706b0c5b4e9,2,1,37,1420,188416,421,95,190257,189836,1420,368,0,2
203408d4-bf52-4104-973b-d706b0c5b4e9,2,1,38,339,190208,486,39,191033,190547,339,162,90,2
203408d4-bf52-4104-973b-d706b0c5b4e9,2,1,39,7084,190976,737,488,198797,198060,7084,2081,0,2
203408d4-bf52-4104-973b-d706b0c5b4e9,2,1,40,211,198784,402,76,199397,198995,211,334,0,2
203408d4-bf52-4104-973b-d706b0c5b4e9,2,1,41,442,199296,608,301,200346,199738,442,1287,0,2
203408d4-bf52-4104-973b-d706b0c5b4e9,2,1,42,178,200192,573,158,200943,200370,178,650,0,2
203408d4-bf52-4104-973b-d706b0c5b4e9,2,1,43,644,200832,431,71,201907,201476,644,317,0,1
203408d4-bf52-4104-973b-d706b0c5b4e9,2,1,44,199,201728,518,180,202445,201927,199,690,0,2
203408d4-bf52-4104-973b-d706b0c5b4e9,2,1,45,277,202368,182,69,202827,202645,277,249,0,1
203408d4-bf52-4104-973b-d706b0c5b4e9,2,1,46,832,202752,236,43,203820,203584,832,179,0,2
203408d4-bf52-4104-973b-d706b0c5b4e9,2,1,47,333,203776,519,178,204628,204109,333,576,68,2
203408d4-bf52-4104-973b-d706b0c5b4e9,2,1,48,1460,204544,672,442,206676,206004,1460,1970,0,2
203408d4-bf52-4104-973b-d706b0c5b4e9,2,1,49,2247,206592,508,230,209347,208839,2247,905,0,2
203408d4-bf52-4104-973b-d706b0c5b4e9,2,1,50,259,209152,291,100,209702,209411,259,366,0,2
203408d4-bf52-4104-973b-d706b0c5b4e9,2,1,51,4606,209664,601,239,214871,214270,4606,862,0,2
203408d4-bf52-4104-973b-d706b0c5b4e9,2,1,52,473,214784,845,299,216102,215257,473,984,0,2
203408d4-bf52-4104-973b-d706b0c5b4e9,2,1,53,692,216064,410,120,217166,216756,692,451,0,2
203408d4-bf52-4104-973b-d706b0c5b4e9,2,1,54,174,217088,266,81,217528,217262,174,297,0,2
203408d4-bf52-4104-973b-d706b0c5b4e9,2,1,55,325,217472,406,135,218203,217797,325,494,0,2
203408d4-bf52-4104-973b-d706b0c5b4e9,2,1,56,2456,218112,604,234,221172,220568,2456,845,0,2
203408d4-bf52-4104-973b-d706b0c5b4e9,2,1,57,549,221056,364,173,221969,221605,549,721,0,2
203408d4-bf52-4104-973b-d706b0c5b4e9,2,1,58,178,221952,150,74,222280,222130,178,269,0,1
203408d4-bf52-4104-973b-d706b0c5b4e9,2,1,59,755,222208,426,224,223389,222963,755,988,0,2
203408d4-bf52-4104-973b-d706b0c5b4e9,2,1,60,1720,223360,430,279,225510,225080,1720,1162,0,1
203408d4-bf52-4104-973b-d706b0c5b4e9,2,1,61,2423,225408,3207,3070,231038,227831,2423,11667,104,2
203408d4-bf52-4104-973b-d706b0c5b4e9,2,1,62,279,230912,6030,70,237221,231191,279,345,67,1
203408d4-bf52-4104-973b-d706b0c5b4e9,2,1,63,186,237056,4738,215,241980,237242,186,904,72,1
203408d4-bf52-4104-973b-d706b0c5b4e9,2,1,64,214,241792,3567,234,245573,242006,214,915,0,1
203408d4-bf52-4104-973b-d706b0c5b4e9,2,1,65,223,245376,4502,230,250101,245599,223,860,0,1
203408d4-bf52-4104-973b-d706b0c5b4e9,2,1,66,143,249984,3511,387,253638,250127,143,1501,0,1
203408d4-bf52-4104-973b-d706b0c5b4e9,2,1,67,217,253440,3203,241,256860,253657,217,954,0,1
203408d4-bf52-4104-973b-d706b0c5b4e9,2,1,68,239,256640,2261,256,259140,256879,239,898,0,1
203408d4-bf52-4104-973b-d706b0c5b4e9,2,1,69,215,258944,1562,379,260721,259159,215,1407,0,1
203408d4-bf52-4104-973b-d706b0c5b4e9,2,1,70,145,260608,1248,427,262001,260753,145,1600,0,1
203408d4-bf52-4104-973b-d706b0c5b4e9,2,1,71,138,261888,321,250,262347,262026,138,1058,0,2
203408d4-bf52-4104-973b-d706b0c5b4e9,2,1,72,2517,262272,488,305,265277,264789,2517,1368,102,3
203408d4-bf52-4104-973b-d706b0c5b4e9,2,1,73,266,265216,148,52,265630,265482,266,231,0,1
203408d4-bf52-4104-973b-d706b0c5b4e9,2,1,74,228,265472,220,146,265920,265700,228,666,0,1
203408d4-bf52-4104-973b-d706b0c5b4e9,2,1,75,641,265856,3975,0,270472,266497,641,0,0,1
203408d4-bf52-4104-973b-d706b0c5b4e9,2,1,76,177,270336,347,81,270860,270513,177,368,0,1
203408d4-bf52-4104-973b-d706b0c5b4e9,2,1,77,168,270720,4003,0,274891,270888,168,0,14882,0
214d85c6-dbe8-43ae-bb06-96929af0216d,1,1,1,2610,7936,299,0,10845,10546,2610,0,102,1
214d85c6-dbe8-43ae-bb06-96929af0216d,1,1,2,249,10624,310,137,11183,10873,249,719,0,2
214d85c6-dbe8-43ae-bb06-96929af0216d,1,1,3,1447,11136,432,96,13015,12583,1447,519,119,4
214d85c6-dbe8-43ae-bb06-96929af0216d,1,1,4,5758,12928,453,316,19139,18686,5758,1649,156,2
214d85c6-dbe8-43ae-bb06-96929af0216d,1,1,5,372,19072,127,25,19571,19444,372,120,0,2
214d85c6-dbe8-43ae-bb06-96929af0216d,1,1,6,423,19456,145,31,20024,19879,423,155,0,2
214d85c6-dbe8-43ae-bb06-96929af0216d,1,1,7,6822,19968,429,95,27219,26790,6822,505,178,1
214d85c6-dbe8-43ae-bb06-96929af0216d,1,1,8,239,27008,3839,0,31086,27247,239,0,0,6
214d85c6-dbe8-43ae-bb06-96929af0216d,1,1,9,324,30976,2275,31,33575,31300,324,177,0,3
214d85c6-dbe8-43ae-bb06-96929af0216d,1,1,10,145,33536,259,42,33940,33681,145,203,86,3
214d85c6-dbe8-43ae-bb06-96929af0216d,1,1,11,3745,33920,434,234,38099,37665,3745,1107,112,3
214d85c6-dbe8-43ae-bb06-96929af0216d,1,1,12,15547,38016,322,51,53885,53563,15547,265,81,2
214d85c6-dbe8-43ae-bb06-96929af0216d,1,1,13,597,53760,153,18,54510,54357,597,85,0,1
214d85c6-dbe8-43ae-bb06-96929af0216d,1,1,14,6782,54400,337,145,61519,61182,6782,788,233,1
214d85c6-dbe8-43ae-bb06-96929af0216d,1,1,15,7742,61440,350,111,69532,69182,7742,541,129,2
214d85c6-dbe8-43ae-bb06-96929af0216d,1,1,16,2001,69504,240,76,71745,71505,2001,333,95,1
214d85c6-dbe8-43ae-bb06-96929af0216d,1,1,17,2838,71680,732,59,75250,74518,2838,304,212,1
214d85c6-dbe8-43ae-bb06-96929af0216d,1,1,18,207,75136,616,55,75959,75343,207,277,0,1
214d85c6-dbe8-43ae-bb06-96929af0216d,1,1,19,204,75776,242,98,76222,75980,204,487,0,1
214d85c6-dbe8-43ae-bb06-96929af0216d,1,1,20,1819,76160,412,103,78391,77979,1819,557,0,1
214d85c6-dbe8-43ae-bb06-96929af0216d,1,1,21,823,78336,540,196,79699,79159,823,950,136,2
214d85c6-dbe8-43ae-bb06-96929af0216d,1,1,22,2221,79616,191,41,82028,81837,2221,194,114,1
214d85c6-dbe8-43ae-bb06-96929af0216d,1,1,23,148,81920,383,39,82451,82068,148,197,0,1
214d85c6-dbe8-43ae-bb06-96929af0216d,1,1,24,164,82304,351,119,82819,82468,164,665,158,2
214d85c6-dbe8-43ae-bb06-96929af0216d,1,1,25,335,82816,445,32,83596,83151,335,155,0,1
214d85c6-dbe8-43ae-bb06-96929af0216d,1,1,26,353,83584,339,41,84276,83937,353,184,0,1
214d85c6-dbe8-43ae-bb06-96929af0216d,1,1,27,171,84224,528,40,84923,84395,171,187,107,1
214d85c6-dbe8-43ae-bb06-96929af0216d,1,1,28,211,84736,406,31,85353,84947,211,140,0,1
214d85c6-dbe8-43ae-bb06-96929af0216d,1,1,29,159,85248,519,194,85926,85407,159,929,0,1
214d85c6-dbe8-43ae-bb06-96929af0216d,1,1,30,195,85760,92,27,86047,85955,195,120,0,1
214d85c6-dbe8-43ae-bb06-96929af0216d,1,1,31,187,86016,144,27,86347,86203,187,142,49,2
214d85c6-dbe8-43ae-bb06-96929af0216d,1,1,32,391,86272,374,142,87037,86663,391,725,114,1
214d85c6-dbe8-43ae-bb06-96929af0216d,1,1,33,1439,86912,344,151,88695,88351,1439,772,134,1
214d85c6-dbe8-43ae-bb06-96929af0216d,1,1,34,1034,88576,289,35,89899,89610,1034,182,128,2
214d85c6-dbe8-43ae-bb06-96929af0216d,1,1,35,1807,89856,204,42,91867,91663,1807,192,0,2
214d85c6-dbe8-43ae-bb06-96929af0216d,1,1,36,6474,91776,285,113,98535,98250,6474,548,0,1
214d85c6-dbe8-43ae-bb06-96929af0216d,1,1,37,628,98432,474,134,99534,99060,628,780,82,1
214d85c6-dbe8-43ae-bb06-96929af0216d,1,1,38,312,99456,166,46,99934,99768,312,230,0,2
214d85c6-dbe8-43ae-bb06-96929af0216d,1,1,39,615,99840,354,140,100809,100455,615,620,0,2
214d85c6-dbe8-43ae-bb06-96929af0216d,1,1,40,2007,100736,428,257,103171,102743,2007,1283,0,1
214d85c6-dbe8-43ae-bb06-96929af0216d,1,1,41,728,103168,351,140,104247,103896,728,725,182,1
214d85c6-dbe8-43ae-bb06-96929af0216d,1,1,42,899,104192,466,67,105557,105091,899,316,151,1
214d85c6-dbe8-43ae-bb06-96929af0216d,1,1,43,186,105472,101,23,105759,105658,186,103,51,1
214d85c6-dbe8-43ae-bb06-96929af0216d,1,1,44,222,105600,349,26,106171,105822,222,123,0,1
214d85c6-dbe8-43ae-bb06-96929af0216d,1,1,45,204,105984,203,31,106391,106188,204,134,0,1
214d85c6-dbe8-43ae-bb06-96929af0216d,1,1,46,1516,106368,236,48,108120,107884,1516,247,0,1
214d85c6-dbe8-43ae-bb06-96929af0216d,1,1,47,148,108032,285,109,108465,108180,148,515,0,1
214d85c6-dbe8-43ae-bb06-96929af0216d,1,1,48,1004,108416,306,139,109726,109420,1004,722,152,1
214d85c6-dbe8-43ae-bb06-96929af0216d,1,1,49,1724,109696,232,49,111652,111420,1724,233,57,1
214d85c6-dbe8-43ae-bb06-96929af0216d,1,1,50,350,111616,286,121,112252,111966,350,597,0,1
214d85c6-dbe8-43ae-bb06-96929af0216d,1,1,51,249,112128,285,43,112662,112377,249,250,0,2
214d85c6-dbe8-43ae-bb06-96929af0216d,1,1,52,2094,112640,351,232,115085,114734,2094,1156,91,2
214d85c6-dbe8-43ae-bb06-96929af0216d,1,1,53,470,115072,119,41,115661,115542,470,212,67,1
214d85c6-dbe8-43ae-bb06-96929af0216d,1,1,54,5964,115584,385,43,121933,121548,5964,237,107,2
214d85c6-dbe8-43ae-bb06-96929af0216d,1,1,55,5267,121856,339,66,127462,127123,5267,288,151,2
214d85c6-dbe8-43ae-bb06-96929af0216d,1,1,56,1986,127360,401,81,129747,129346,1986,420,130,2
214d85c6-dbe8-43ae-bb06-96929af0216d,1,1,57,6804,129664,330,125,136798,136468,6804,675,118,2
214d85c6-dbe8-43ae-bb06-96929af0216d,1,1,58,1520,136704,79,20,138303,138224,1520,110,0,1
214d85c6-dbe8-43ae-bb06-96929af0216d,1,1,59,4568,138240,305,180,143113,142808,4568,845,110,1
214d85c6-dbe8-43ae-bb06-96929af0216d,1,1,60,635,143104,120,11,143859,143739,635,67,0,2
214d85c6-dbe8-43ae-bb06-96929af0216d,1,1,61,712,143744,148,71,144604,144456,712,378,86,1
214d85c6-dbe8-43ae-bb06-96929af0216d,1,1,62,5506,144512,172,101,150190,150018,5506,452,78,1
214d85c6-dbe8-43ae-bb06-96929af0216d,1,1,63,3425,150144,209,97,153778,153569,3425,468,63,1
214d85c6-dbe8-43ae-bb06-96929af0216d,1,1,64,1945,153728,182,47,155855,155673,1945,242,91,2
214d85c6-dbe8-43ae-bb06-96929af0216d,1,1,65,10284,155776,323,246,166383,166060,10284,1082,91,1
214d85c6-dbe8-43ae-bb06-96929af0216d,1,1,66,5428,166272,471,166,172171,171700,5428,800,92,1
214d85c6-dbe8-43ae-bb06-96929af0216d,1,1,67,167,172032,9922,0,182121,172199,167,0,0,1
214d85c6-dbe8-43ae-bb06-96929af0216d,1,1,68,1547,182016,271,125,183834,183563,1547,599,110,1
214d85c6-dbe8-43ae-bb06-96929af0216d,1,1,69,194,183680,304,127,184178,183874,194,664,122,1
214d85c6-dbe8-43ae-bb06-96929af0216d,1,1,70,735,184064,60,37,184859,184799,735,177,0,1
214d85c6-dbe8-43ae-bb06-96929af0216d,1,1,71,329,184832,8555,219,193716,185161,329,1090,102,1
214d85c6-dbe8-43ae-bb06-96929af0216d,1,1,72,236,193536,123,0,193895,193772,236,0,0,1
214d85c6-dbe8-43ae-bb06-96929af0216d,1,1,73,138,193792,570,332,194500,193930,138,1578,98,1
214d85c6-dbe8-43ae-bb06-96929af0216d,1,1,74,297,194432,174,46,194903,194729,297,221,72,1
214d85c6-dbe8-43ae-bb06-96929af0216d,1,1,75,142,194816,186,71,195144,194958,142,252,119,1
214d85c6-dbe8-43ae-bb06-96929af0216d,1,1,76,1847,195072,1320,51,198239,196919,1847,238,0,1
214d85c6-dbe8-43ae-bb06-96929af0216d,1,1,77,134,198144,826,0,199104,198278,134,0,0,1
214d85c6-dbe8-43ae-bb06-96929af0216d,1,1,78,231,198912,118,0,199261,199143,231,0,0,1
214d85c6-dbe8-43ae-bb06-96929af0216d,1,1,79,252,199040,160,69,199452,199292,252,289,0,1
214d85c6-dbe8-43ae-bb06-96929af0216d,1,1,80,2462,199424,1161,45,203047,201886,2462,220,0,1
214d85c6-dbe8-43ae-bb06-96929af0216d,1,1,81,1029,203008,145,29,204182,204037,1029,142,0,1
214d85c6-dbe8-43ae-bb06-96929af0216d,1,1,82,181,204032,1720,48,205933,204213,181,189,68,1
214d85c6-dbe8-43ae-bb06-96929af0216d,1,1,83,628,205824,100,0,206552,206452,628,0,0,1
214d85c6-dbe8-43ae-bb06-96929af0216d,1,1,84,234,206336,1069,48,207639,206570,234,202,0,1
214d85c6-dbe8-43ae-bb06-96929af0216d,1,1,85,190,207488,100,0,207778,207678,190,0,0,1
214d85c6-dbe8-43ae-bb06-96929af0216d,1,1,86,180,207616,740,57,208536,207796,180,290,0,1
214d85c6-dbe8-43ae-bb06-96929af0216d,1,1,87,191,208384,830,121,209405,208575,191,491,0,1
214d85c6-dbe8-43ae-bb06-96929af0216d,1,1,88,164,209280,141,0,209585,209444,164,0,0,1
214d85c6-dbe8-43ae-bb06-96929af0216d,1,1,89,224,209536,1015,147,210775,209760,224,632,0,1
214d85c6-dbe8-43ae-bb06-96929af0216d,1,1,90,254,210560,127,0,210941,210814,254,0,0,1
214d85c6-dbe8-43ae-bb06-96929af0216d,1,1,91,188,210816,172,97,211176,211004,188,465,0,1
214d85c6-dbe8-43ae-bb06-96929af0216d,1,1,92,3344,211072,456,78,214872,214416,3344,415,87,1
214d85c6-dbe8-43ae-bb06-96929af0216d,1,1,93,255,214656,339,0,215250,214911,255,0,0,1
214d85c6-dbe8-43ae-bb06-96929af0216d,1,1,94,764,215168,216,78,216148,215932,764,431,0,1
214d85c6-dbe8-43ae-bb06-96929af0216d,1,1,95,232,215936,197,106,216365,216168,232,487,0,1
214d85c6-dbe8-43ae-bb06-96929af0216d,1,1,96,974,216320,444,161,217738,217294,974,846,139,1
214d85c6-dbe8-43ae-bb06-96929af0216d,1,1,97,220,217728,1338,102,219286,217948,220,450,152,1
214d85c6-dbe8-43ae-bb06-96929af0216d,1,1,98,189,219136,100,0,219425,219325,189,0,0,1
214d85c6-dbe8-43ae-bb06-96929af0216d,1,1,99,179,219264,322,117,219765,219443,179,542,189,1
214d85c6-dbe8-43ae-bb06-96929af0216d,1,1,100,516,219648,121,34,220285,220164,516,178,0,1
214d85c6-dbe8-43ae-bb06-96929af0216d,1,1,101,146,220160,1275,0,221581,220306,146,0,0,1
214d85c6-dbe8-43ae-bb06-96929af0216d,1,1,102,184,221440,279,0,221903,221624,184,0,0,1
214d85c6-dbe8-43ae-bb06-96929af0216d,1,1,103,873,221824,497,215,223194,222697,873,941,115,1
214d85c6-dbe8-43ae-bb06-96929af0216d,1,1,104,257,222976,422,0,223655,223233,257,0,0,1
214d85c6-dbe8-43ae-bb06-96929af0216d,1,1,105,607,223616,243,39,224466,224223,607,167,0,1
214d85c6-dbe8-43ae-bb06-96929af0216d,1,1,106,1101,224384,1410,199,226895,225485,1101,882,109,1
214d85c6-dbe8-43ae-bb06-96929af0216d,1,1,107,612,226816,198,30,227626,227428,612,156,0,1
214d85c6-dbe8-43ae-bb06-96929af0216d,1,1,108,209,227456,926,162,228591,227665,209,833,119,1
214d85c6-dbe8-43ae-bb06-96929af0216d,1,1,109,150,228480,199,0,228829,228630,150,0,0,1
214d85c6-dbe8-43ae-bb06-96929af0216d,1,1,110,196,228736,906,136,229838,228932,196,690,0,1
214d85c6-dbe8-43ae-bb06-96929af0216d,1,1,111,249,229632,565,0,230446,229881,249,0,2515,0
214d85c6-dbe8-43ae-bb06-96929af0216d,1,2,1,1084,230400,2355,438,233839,231484,1084,1800,106,1
214d85c6-dbe8-43ae-bb06-96929af0216d,1,2,2,598,233728,152,55,234478,234326,598,248,0,1
214d85c6-dbe8-43ae-bb06-96929af0216d,1,2,3,696,234368,195,45,235259,235064,696,182,0,1
214d85c6-dbe8-43ae-bb06-96929af0216d,1,2,4,158,235136,873,0,236167,235294,158,0,0,1
214d85c6-dbe8-43ae-bb06-96929af0216d,1,2,5,178,236032,201,82,236411,236210,178,431,76,1
214d85c6-dbe8-43ae-bb06-96929af0216d,1,2,6,144,236288,619,0,237051,236432,144,0,2756,0
214d85c6-dbe8-43ae-bb06-96929af0216d,1,3,1,1300,236928,2262,333,240490,238228,1300,1613,139,1
214d85c6-dbe8-43ae-bb06-96929af0216d,1,3,2,640,240384,410,192,241434,241024,640,938,0,1
214d85c6-dbe8-43ae-bb06-96929af0216d,1,3,3,241,241280,1093,0,242614,241521,241,0,0,1
214d85c6-dbe8-43ae-bb06-96929af0216d,1,3,4,225,242432,347,148,243004,242657,225,764,0,1
214d85c6-dbe8-43ae-bb06-96929af0216d,1,3,5,142,242944,1452,116,244538,243086,142,467,0,1
214d85c6-dbe8-43ae-bb06-96929af0216d,1,3,6,225,244352,345,167,244922,244577,225,738,0,1
214d85c6-dbe8-43ae-bb06-96929af0216d,1,3,7,234,244864,130,30,245228,245098,234,151,0,1
214d85c6-dbe8-43ae-bb06-96929af0216d,1,3,8,212,245120,414,62,245746,245332,212,269,0,1
214d85c6-dbe8-43ae-bb06-96929af0216d,1,3,9,153,245632,167,0,245952,245785,153,0,0,1
214d85c6-dbe8-43ae-bb06-96929af0216d,1,3,10,231,245760,339,219,246330,245991,231,1034,0,1
214d85c6-dbe8-43ae-bb06-96929af0216d,1,3,11,207,246144,621,0,246972,246351,207,0,2656,0
219f73d7-254d-4d3d-962b-879d88a0bc7c,2,1,1,3150,7936,197,0,11283,11086,3150,0,100,2
219f73d7-254d-4d3d-962b-879d88a0bc7c,2,1,2,1205,11264,604,184,13073,12469,1205,693,87,2
219f73d7-254d-4d3d-962b-879d88a0bc7c,2,1,3,7589,13056,584,201,21229,20645,7589,718,125,2
219f73d7-254d-4d3d-962b-879d88a0bc7c,2,1,4,6368,21120,422,42,27910,27488,6368,177,88,2
219f73d7-254d-4d3d-962b-879d88a0bc7c,2,1,5,11251,27904,599,284,39754,39155,11251,1169,110,2
219f73d7-254d-4d3d-962b-879d88a0bc7c,2,1,6,10029,39680,587,339,50296,49709,10029,1377,107,2
219f73d7-254d-4d3d-962b-879d88a0bc7c,2,1,7,692,50176,421,251,51289,50868,692,1065,0,1
219f73d7-254d-4d3d-962b-879d88a0bc7c,2,1,8,441,51200,609,131,52250,51641,441,529,0,1
219f73d7-254d-4d3d-962b-879d88a0bc7c,2,1,9,192,52096,367,147,52655,52288,192,604,0,1
219f73d7-254d-4d3d-962b-879d88a0bc7c,2,1,10,155,52608,325,57,53088,52763,155,178,0,1
219f73d7-254d-4d3d-962b-879d88a0bc7c,2,1,11,747,52992,613,98,54352,53739,747,393,90,2
219f73d7-254d-4d3d-962b-879d88a0bc7c,2,1,12,4344,54272,794,175,59410,58616,4344,698,82,2
219f73d7-254d-4d3d-962b-879d88a0bc7c,2,1,13,1382,59392,977,446,61751,60774,1382,1425,73,2
219f73d7-254d-4d3d-962b-879d88a0bc7c,2,1,14,3571,61696,723,154,65990,65267,3571,605,72,2
219f73d7-254d-4d3d-962b-879d88a0bc7c,2,1,15,3792,65920,2998,250,72710,69712,3792,1098,101,2
219f73d7-254d-4d3d-962b-879d88a0bc7c,2,1,16,207,72576,1055,520,73838,72783,207,1987,66,2
219f73d7-254d-4d3d-962b-879d88a0bc7c,2,1,17,1172,73728,862,275,75762,74900,1172,1080,0,2
219f73d7-254d-4d3d-962b-879d88a0bc7c,2,1,18,151,75648,221,123,76020,75799,151,522,0,1
219f73d7-254d-4d3d-962b-879d88a0bc7c,2,1,19,435,75904,956,643,77295,76339,435,2266,0,1
219f73d7-254d-4d3d-962b-879d88a0bc7c,2,1,20,139,77184,589,330,77912,77323,139,1324,0,1
219f73d7-254d-4d3d-962b-879d88a0bc7c,2,1,21,604,77824,301,112,78729,78428,604,440,93,1
219f73d7-254d-4d3d-962b-879d88a0bc7c,2,1,22,410,78720,205,64,79335,79130,410,276,0,1
219f73d7-254d-4d3d-962b-879d88a0bc7c,2,1,23,839,79232,787,460,80858,80071,839,1780,67,2
219f73d7-254d-4d3d-962b-879d88a0bc7c,2,1,24,1301,80768,906,181,82975,82069,1301,742,89,2
219f73d7-254d-4d3d-962b-879d88a0bc7c,2,1,25,432,82944,716,264,84092,83376,432,1047,101,2
219f73d7-254d-4d3d-962b-879d88a0bc7c,2,1,26,280,83968,646,356,84894,84248,280,1471,0,2
219f73d7-254d-4d3d-962b-879d88a0bc7c,2,1,27,707,84864,347,103,85918,85571,707,413,0,2
219f73d7-254d-4d3d-962b-879d88a0bc7c,2,1,28,249,85760,811,352,86820,86009,249,1358,0,2
219f73d7-254d-4d3d-962b-879d88a0bc7c,2,1,29,1046,86784,585,211,88415,87830,1046,812,0,1
219f73d7-254d-4d3d-962b-879d88a0bc7c,2,1,30,165,88320,513,351,88998,88485,165,1457,0,1
219f73d7-254d-4d3d-962b-879d88a0bc7c,2,1,31,400,88960,215,81,89575,89360,400,331,0,1
219f73d7-254d-4d3d-962b-879d88a0bc7c,2,1,32,285,89472,481,158,90238,89757,285,725,94,2
219f73d7-254d-4d3d-962b-879d88a0bc7c,2,1,33,966,90112,537,308,91615,91078,966,1250,79,1
219f73d7-254d-4d3d-962b-879d88a0bc7c,2,1,34,795,91520,2238,2123,94553,92315,795,7062,46,2
219f73d7-254d-4d3d-962b-879d88a0bc7c,2,1,35,215,94464,321,95,95000,94679,215,392,93,2
219f73d7-254d-4d3d-962b-879d88a0bc7c,2,1,36,2722,94976,317,170,98015,97698,2722,708,0,2
219f73d7-254d-4d3d-962b-879d88a0bc7c,2,1,37,213,97920,789,301,98922,98133,213,1167,67,2
219f73d7-254d-4d3d-962b-879d88a0bc7c,2,1,38,786,98816,262,163,99864,99602,786,554,0,1
219f73d7-254d-4d3d-962b-879d88a0bc7c,2,1,39,194,99712,7484,4236,107390,99906,194,14278,74,1
219f73d7-254d-4d3d-962b-879d88a0bc7c,2,1,40,184,107264,132,18,107580,107448,184,71,76,1
219f73d7-254d-4d3d-962b-879d88a0bc7c,2,1,41,222,107392,124,19,107738,107614,222,82,0,2
219f73d7-254d-4d3d-962b-879d88a0bc7c,2,1,42,209,107648,648,233,108505,107857,209,969,56,1
219f73d7-254d-4d3d-962b-879d88a0bc7c,2,1,43,375,108416,598,146,109389,108791,375,518,0,1
219f73d7-254d-4d3d-962b-879d88a0bc7c,2,1,44,415,109312,564,263,110291,109727,415,1010,42,1
219f73d7-254d-4d3d-962b-879d88a0bc7c,2,1,45,300,110208,410,151,110918,110508,300,562,0,1
219f73d7-254d-4d3d-962b-879d88a0bc7c,2,1,46,216,110848,707,177,111771,111064,216,749,47,2
219f73d7-254d-4d3d-962b-879d88a0bc7c,2,1,47,239,111616,152,47,112007,111855,239,205,0,2
219f73d7-254d-4d3d-962b-879d88a0bc7c,2,1,48,254,111872,331,237,112457,112126,254,1046,0,1
219f73d7-254d-4d3d-962b-879d88a0bc7c,2,1,49,250,112256,230,94,112736,112506,250,459,108,2
219f73d7-254d-4d3d-962b-879d88a0bc7c,2,1,50,171,112640,120,0,112931,112811,171,0,0,1
219f73d7-254d-4d3d-962b-879d88a0bc7c,2,1,51,135,112896,3311,114,116342,113031,135,468,133,1
219f73d7-254d-4d3d-962b-879d88a0bc7c,2,1,52,176,116224,94,0,116494,116400,176,0,0,1
219f73d7-254d-4d3d-962b-879d88a0bc7c,2,1,53,161,116352,730,108,117243,116513,161,404,0,2
219f73d7-254d-4d3d-962b-879d88a0bc7c,2,1,54,207,117120,127,0,117454,117327,207,0,0,1
219f73d7-254d-4d3d-962b-879d88a0bc7c,2,1,55,231,117248,217,153,117696,117479,231,638,0,1
219f73d7-254d-4d3d-962b-879d88a0bc7c,2,1,56,3387,117632,1988,121,123007,121019,3387,559,79,2
219f73d7-254d-4d3d-962b-879d88a0bc7c,2,1,57,206,122880,3225,22,126311,123086,206,104,10680,0
230a12e6-6703-4fa1-97a8-d3265be4edb1,1,1,1,2391,7936,189,0,10516,10327,2391,0,99,2
230a12e6-6703-4fa1-97a8-d3265be4edb1,1,1,2,1388,10496,182,42,12066,11884,1388,212,56,2
230a12e6-6703-4fa1-97a8-d3265be4edb1,1,1,3,272,12032,123,36,12427,12304,272,154,0,2
230a12e6-6703-4fa1-97a8-d3265be4edb1,1,1,4,319,12416,73,14,12808,12735,319,62,0,1
230a12e6-6703-4fa1-97a8-d3265be4edb1,1,1,5,164,12800,139,58,13103,12964,164,263,0,2
230a12e6-6703-4fa1-97a8-d3265be4edb1,1,1,6,2766,13056,407,311,16229,15822,2766,1082,0,2
230a12e6-6703-4fa1-97a8-d3265be4edb1,1,1,7,2823,16128,185,68,19136,18951,2823,274,0,2
230a12e6-6703-4fa1-97a8-d3265be4edb1,1,1,8,934,19072,218,112,20224,20006,934,542,0,2
230a12e6-6703-4fa1-97a8-d3265be4edb1,1,1,9,1964,20224,442,327,22630,22188,1964,1133,0,2
230a12e6-6703-4fa1-97a8-d3265be4edb1,1,1,10,2947,22528,345,200,25820,25475,2947,729,0,2
230a12e6-6703-4fa1-97a8-d3265be4edb1,1,1,11,5786,25728,230,77,31744,31514,5786,317,0,2
230a12e6-6703-4fa1-97a8-d3265be4edb1,1,1,12,586,31744,271,16,32601,32330,586,77,0,2
230a12e6-6703-4fa1-97a8-d3265be4edb1,1,1,13,20167,32512,1117,836,53796,52679,20167,3178,0,1
230a12e6-6703-4fa1-97a8-d3265be4edb1,1,1,14,799,53760,292,66,54851,54559,799,289,0,1
230a12e6-6703-4fa1-97a8-d3265be4edb1,1,1,15,258,54656,729,345,55643,54914,258,1347,0,1
230a12e6-6703-4fa1-97a8-d3265be4edb1,1,1,16,549,55552,382,277,56483,56101,549,1071,0,2
230a12e6-6703-4fa1-97a8-d3265be4edb1,1,1,17,3606,56448,381,188,60435,60054,3606,682,0,1
230a12e6-6703-4fa1-97a8-d3265be4edb1,1,1,18,1318,60416,317,102,62051,61734,1318,343,0,1
230a12e6-6703-4fa1-97a8-d3265be4edb1,1,1,19,2307,61952,644,245,64903,64259,2307,859,0,1
230a12e6-6703-4fa1-97a8-d3265be4edb1,1,1,20,660,64896,561,378,66117,65556,660,1302,0,3
230a12e6-6703-4fa1-97a8-d3265be4edb1,1,1,21,10555,66048,479,306,77082,76603,10555,1182,0,1
230a12e6-6703-4fa1-97a8-d3265be4edb1,1,1,22,8036,77056,675,545,85767,85092,8036,1918,0,2
230a12e6-6703-4fa1-97a8-d3265be4edb1,1,1,23,13307,85760,409,249,99476,99067,13307,977,0,1
230a12e6-6703-4fa1-97a8-d3265be4edb1,1,1,24,288,99456,658,103,100402,99744,288,417,0,1
230a12e6-6703-4fa1-97a8-d3265be4edb1,1,1,25,192,100224,117,18,100533,100416,192,85,0,1
230a12e6-6703-4fa1-97a8-d3265be4edb1,1,1,26,303,100480,342,40,101125,100783,303,169,0,1
230a12e6-6703-4fa1-97a8-d3265be4edb1,1,1,27,175,100992,482,273,101649,101167,175,1087,0,3
230a12e6-6703-4fa1-97a8-d3265be4edb1,1,1,28,3203,101632,484,233,105319,104835,3203,929,65,3
230a12e6-6703-4fa1-97a8-d3265be4edb1,1,1,29,12160,105216,1344,1160,118720,117376,12160,4002,0,1
230a12e6-6703-4fa1-97a8-d3265be4edb1,1,1,30,14826,118656,655,471,134137,133482,14826,1651,0,3
230a12e6-6703-4fa1-97a8-d3265be4edb1,1,1,31,10023,134016,680,528,144719,144039,10023,1992,0,3
230a12e6-6703-4fa1-97a8-d3265be4edb1,1,1,32,4056,144640,168,60,148864,148696,4056,235,0,2
230a12e6-6703-4fa1-97a8-d3265be4edb1,1,1,33,14038,148864,514,345,163416,162902,14038,1317,0,3
230a12e6-6703-4fa1-97a8-d3265be4edb1,1,1,34,16464,163328,640,328,180432,179792,16464,1091,0,2
230a12e6-6703-4fa1-97a8-d3265be4edb1,1,1,35,3091,180352,364,195,183807,183443,3091,636,0,3
230a12e6-6703-4fa1-97a8-d3265be4edb1,1,1,36,7991,183680,776,514,192447,191671,7991,1885,0,2
230a12e6-6703-4fa1-97a8-d3265be4edb1,1,1,37,3487,192384,637,469,196508,195871,3487,1647,0,3
230a12e6-6703-4fa1-97a8-d3265be4edb1,1,1,38,17164,196480,808,480,214452,213644,17164,1861,0,2
230a12e6-6703-4fa1-97a8-d3265be4edb1,1,1,39,2661,214400,398,240,217459,217061,2661,740,0,3
230a12e6-6703-4fa1-97a8-d3265be4edb1,1,1,40,11550,217344,475,383,229369,228894,11550,1372,0,2
230a12e6-6703-4fa1-97a8-d3265be4edb1,1,1,41,2434,229248,548,364,232230,231682,2434,1303,0,1
230a12e6-6703-4fa1-97a8-d3265be4edb1,1,1,42,311,232192,180,122,232683,232503,311,516,0,1
230a12e6-6703-4fa1-97a8-d3265be4edb1,1,1,43,3188,232576,9969,3918,245733,235764,3188,16371,69,1
230a12e6-6703-4fa1-97a8-d3265be4edb1,1,1,44,154,245632,240,137,246026,245786,154,623,0,1
230a12e6-6703-4fa1-97a8-d3265be4edb1,1,1,45,174,245888,3759,0,249821,246062,174,0,0,1
230a12e6-6703-4fa1-97a8-d3265be4edb1,1,1,46,136,249728,507,0,250371,249864,136,0,2150,0
279d0ac8-42e7-4ca8-8ac6-58f028f6451c,3,1,1,3438,7936,199,0,11573,11374,3438,0,69,2
279d0ac8-42e7-4ca8-8ac6-58f028f6451c,3,1,2,1266,11520,261,17,13047,12786,1266,74,56,2
279d0ac8-42e7-4ca8-8ac6-58f028f6451c,3,1,3,2809,12928,227,40,15964,15737,2809,174,42,2
279d0ac8-42e7-4ca8-8ac6-58f028f6451c,3,1,4,4287,15872,1486,679,21645,20159,4287,2558,116,2
279d0ac8-42e7-4ca8-8ac6-58f028f6451c,3,1,5,179,21504,501,56,22184,21683,179,243,0,2
279d0ac8-42e7-4ca8-8ac6-58f028f6451c,3,1,6,202,22016,706,37,22924,22218,202,138,52,2
279d0ac8-42e7-4ca8-8ac6-58f028f6451c,3,1,7,494,22912,162,9,23568,23406,494,40,47,2
279d0ac8-42e7-4ca8-8ac6-58f028f6451c,3,1,8,15280,23552,1495,938,40327,38832,15280,3293,118,2
279d0ac8-42e7-4ca8-8ac6-58f028f6451c,3,1,9,620,40320,730,111,41670,40940,620,458,94,2
279d0ac8-42e7-4ca8-8ac6-58f028f6451c,3,1,10,1140,41600,731,216,43471,42740,1140,722,72,2
279d0ac8-42e7-4ca8-8ac6-58f028f6451c,3,1,11,5367,43392,629,172,49388,48759,5367,654,97,2
279d0ac8-42e7-4ca8-8ac6-58f028f6451c,3,1,12,1466,49280,892,288,51638,50746,1466,1059,0,2
279d0ac8-42e7-4ca8-8ac6-58f028f6451c,3,1,13,1295,51584,624,218,53503,52879,1295,956,82,1
279d0ac8-42e7-4ca8-8ac6-58f028f6451c,3,1,14,1651,53376,257,32,55284,55027,1651,137,65,1
279d0ac8-42e7-4ca8-8ac6-58f028f6451c,3,1,15,146,55168,683,272,55997,55314,146,1066,75,1
279d0ac8-42e7-4ca8-8ac6-58f028f6451c,3,1,16,248,55808,154,44,56210,56056,248,152,0,1
279d0ac8-42e7-4ca8-8ac6-58f028f6451c,3,1,17,204,56192,573,328,56969,56396,204,1240,87,1
279d0ac8-42e7-4ca8-8ac6-58f028f6451c,3,1,18,166,56960,1079,673,58205,57126,166,2627,54,2
279d0ac8-42e7-4ca8-8ac6-58f028f6451c,3,1,19,1551,58112,709,151,60372,59663,1551,626,70,1
279d0ac8-42e7-4ca8-8ac6-58f028f6451c,3,1,20,1672,60288,865,385,62825,61960,1672,1281,68,2
279d0ac8-42e7-4ca8-8ac6-58f028f6451c,3,1,21,139,62720,608,71,63467,62859,139,240,52,2
279d0ac8-42e7-4ca8-8ac6-58f028f6451c,3,1,22,3512,63360,172,35,67044,66872,3512,137,51,2
279d0ac8-42e7-4ca8-8ac6-58f028f6451c,3,1,23,10836,66944,1816,843,79596,77780,10836,2678,92,2
279d0ac8-42e7-4ca8-8ac6-58f028f6451c,3,1,24,641,79488,281,28,80410,80129,641,135,47,1
279d0ac8-42e7-4ca8-8ac6-58f028f6451c,3,1,25,7289,80384,1179,831,88852,87673,7289,2966,77,2
279d0ac8-42e7-4ca8-8ac6-58f028f6451c,3,1,26,9287,88832,204,122,98323,98119,9287,463,69,1
279d0ac8-42e7-4ca8-8ac6-58f028f6451c,3,1,27,6321,98304,14806,3704,119431,104625,6321,12662,59,1
279d0ac8-42e7-4ca8-8ac6-58f028f6451c,3,1,28,190,119296,1949,236,121435,119486,190,898,74,2
279d0ac8-42e7-4ca8-8ac6-58f028f6451c,3,1,29,498,121344,187,6,122029,121842,498,27,0,1
279d0ac8-42e7-4ca8-8ac6-58f028f6451c,3,1,30,3971,121984,1248,1065,127203,125955,3971,3603,120,1
279d0ac8-42e7-4ca8-8ac6-58f028f6451c,3,1,31,4905,127104,9668,628,141677,132009,4905,2321,79,1
279d0ac8-42e7-4ca8-8ac6-58f028f6451c,3,1,32,164,141568,383,96,142115,141732,164,381,0,2
279d0ac8-42e7-4ca8-8ac6-58f028f6451c,3,1,33,1897,142080,9248,301,153225,143977,1897,1172,79,1
279d0ac8-42e7-4ca8-8ac6-58f028f6451c,3,1,34,192,153088,516,34,153796,153280,192,142,0,2
279d0ac8-42e7-4ca8-8ac6-58f028f6451c,3,1,35,301,153728,9267,439,163296,154029,301,1888,85,1
279d0ac8-42e7-4ca8-8ac6-58f028f6451c,3,1,36,151,163200,196,9,163547,163351,151,37,0,1
279d0ac8-42e7-4ca8-8ac6-58f028f6451c,3,1,37,190,163456,351,213,163997,163646,190,933,72,1
279d0ac8-42e7-4ca8-8ac6-58f028f6451c,3,1,38,195,163840,1321,0,165356,164035,195,0,0,1
279d0ac8-42e7-4ca8-8ac6-58f028f6451c,3,1,39,145,165248,427,0,165820,165393,145,0,1555,0
2da418c8-78b5-4a1e-bf1c-bde3fd2d89c0,1,1,1,2538,7936,240,37,10714,10474,2538,183,95,2
2da418c8-78b5-4a1e-bf1c-bde3fd2d89c0,1,1,2,1040,10624,189,27,11853,11664,1040,130,66,2
2da418c8-78b5-4a1e-bf1c-bde3fd2d89c0,1,1,3,3744,11776,809,637,16329,15520,3744,2283,0,2
2da418c8-78b5-4a1e-bf1c-bde3fd2d89c0,1,1,4,381,16256,112,15,16749,16637,381,66,34,1
2da418c8-78b5-4a1e-bf1c-bde3fd2d89c0,1,1,5,265,16640,67,15,16972,16905,265,69,0,1
2da418c8-78b5-4a1e-bf1c-bde3fd2d89c0,1,1,6,232,16896,404,208,17532,17128,232,737,122,4
2da418c8-78b5-4a1e-bf1c-bde3fd2d89c0,1,1,7,8709,17408,152,40,26269,26117,8709,189,37,2
2da418c8-78b5-4a1e-bf1c-bde3fd2d89c0,1,1,8,337,26240,1197,982,27774,26577,337,3241,96,4
2da418c8-78b5-4a1e-bf1c-bde3fd2d89c0,1,1,9,8889,27648,668,387,37205,36537,8889,1148,67,6
2da418c8-78b5-4a1e-bf1c-bde3fd2d89c0,1,1,10,12339,36480,305,91,49124,48819,12339,325,43,4
2da418c8-78b5-4a1e-bf1c-bde3fd2d89c0,1,1,11,4373,49024,278,128,53675,53397,4373,580,0,3
2da418c8-78b5-4a1e-bf1c-bde3fd2d89c0,1,1,12,4465,53632,596,408,58693,58097,4465,1506,0,4
2da418c8-78b5-4a1e-bf1c-bde3fd2d89c0,1,1,13,10818,58624,768,552,70210,69442,10818,2106,0,4
2da418c8-78b5-4a1e-bf1c-bde3fd2d89c0,1,1,14,13370,70144,1142,955,84656,83514,13370,3321,60,4
2da418c8-78b5-4a1e-bf1c-bde3fd2d89c0,1,1,15,19772,84608,379,132,104759,104380,19772,545,69,3
2da418c8-78b5-4a1e-bf1c-bde3fd2d89c0,1,1,16,11015,104704,353,142,116072,115719,11015,548,75,2
2da418c8-78b5-4a1e-bf1c-bde3fd2d89c0,1,1,17,3506,115968,875,432,120349,119474,3506,1834,0,2
2da418c8-78b5-4a1e-bf1c-bde3fd2d89c0,1,1,18,6495,120320,1135,729,127950,126815,6495,3001,0,1
2da418c8-78b5-4a1e-bf1c-bde3fd2d89c0,1,1,19,1628,127872,808,420,130308,129500,1628,1735,0,1
2da418c8-78b5-4a1e-bf1c-bde3fd2d89c0,1,1,20,187,130176,382,89,130745,130363,187,390,0,2
2da418c8-78b5-4a1e-bf1c-bde3fd2d89c0,1,1,21,230,130688,489,158,131407,130918,230,725,0,1
2da418c8-78b5-4a1e-bf1c-bde3fd2d89c0,1,1,22,433,131328,893,539,132654,131761,433,2040,0,1
2da418c8-78b5-4a1e-bf1c-bde3fd2d89c0,1,1,23,209,132480,849,443,133538,132689,209,1651,111,1
2da418c8-78b5-4a1e-bf1c-bde3fd2d89c0,1,1,24,818,133504,860,437,135182,134322,818,1592,0,1
2da418c8-78b5-4a1e-bf1c-bde3fd2d89c0,1,1,25,478,135168,825,378,136471,135646,478,1411,0,1
2da418c8-78b5-4a1e-bf1c-bde3fd2d89c0,1,1,26,325,136448,802,288,137575,136773,325,1024,0,1
2da418c8-78b5-4a1e-bf1c-bde3fd2d89c0,1,1,27,228,137472,1053,934,138753,137700,228,3445,89,1
2da418c8-78b5-4a1e-bf1c-bde3fd2d89c0,1,1,28,285,138752,199,66,139236,139037,285,310,0,1
2da418c8-78b5-4a1e-bf1c-bde3fd2d89c0,1,1,29,667,139136,341,181,140144,139803,667,798,0,1
2da418c8-78b5-4a1e-bf1c-bde3fd2d89c0,1,1,30,1830,140032,3682,3300,145544,141862,1830,11569,135,1
2da418c8-78b5-4a1e-bf1c-bde3fd2d89c0,1,1,31,265,145536,5848,162,151649,145801,265,723,0,1
2da418c8-78b5-4a1e-bf1c-bde3fd2d89c0,1,1,32,154,151552,183,55,151889,151706,154,245,0,1
2da418c8-78b5-4a1e-bf1c-bde3fd2d89c0,1,1,33,250,151680,954,156,152884,151930,250,584,58,3
2da418c8-78b5-4a1e-bf1c-bde3fd2d89c0,1,1,34,173,152832,99,0,153104,153005,173,0,0,1
2da418c8-78b5-4a1e-bf1c-bde3fd2d89c0,1,1,35,160,152960,902,49,154022,153120,160,172,0,2
2da418c8-78b5-4a1e-bf1c-bde3fd2d89c0,1,1,36,248,153856,99,0,154203,154104,248,0,0,1
2da418c8-78b5-4a1e-bf1c-bde3fd2d89c0,1,1,37,235,153984,313,147,154532,154219,235,583,0,1
2da418c8-78b5-4a1e-bf1c-bde3fd2d89c0,1,1,38,207,154368,113,0,154688,154575,207,0,0,1
2da418c8-78b5-4a1e-bf1c-bde3fd2d89c0,1,1,39,222,154496,420,129,155138,154718,222,590,0,1
2da418c8-78b5-4a1e-bf1c-bde3fd2d89c0,1,1,40,173,155008,150,32,155331,155181,173,151,0,1
2da418c8-78b5-4a1e-bf1c-bde3fd2d89c0,1,1,41,213,155136,153,0,155502,155349,213,0,68,1
2da418c8-78b5-4a1e-bf1c-bde3fd2d89c0,1,1,42,151,155392,1471,0,157014,155543,151,0,0,1
2da418c8-78b5-4a1e-bf1c-bde3fd2d89c0,1,1,43,257,156800,587,10,157644,157057,257,47,2240,0
31ca772b-cb14-42f3-b07d-64354d9cda59,2,1,1,2992,7936,223,0,11151,10928,2992,0,93,2
31ca772b-cb14-42f3-b07d-64354d9cda59,2,1,2,2434,11136,303,100,13873,13570,2434,446,0,2
31ca772b-cb14-42f3-b07d-64354d9cda59,2,1,3,2148,13824,6294,148,22266,15972,2148,674,72,5
31ca772b-cb14-42f3-b07d-64354d9cda59,2,1,4,295,22144,3122,27,25561,22439,295,128,0,2
31ca772b-cb14-42f3-b07d-64354d9cda59,2,1,5,162,25472,497,82,26131,25634,162,311,74,4
31ca772b-cb14-42f3-b07d-64354d9cda59,2,1,6,10439,26112,433,100,36984,36551,10439,396,80,2
31ca772b-cb14-42f3-b07d-64354d9cda59,2,1,7,45751,36864,412,71,83027,82615,45751,298,0,2
31ca772b-cb14-42f3-b07d-64354d9cda59,2,1,8,250,82944,271,66,83465,83194,250,263,0,1
31ca772b-cb14-42f3-b07d-64354d9cda59,2,1,9,383,83456,515,147,84354,83839,383,608,0,2
31ca772b-cb14-42f3-b07d-64354d9cda59,2,1,10,3255,84352,184,74,87791,87607,3255,323,95,1
31ca772b-cb14-42f3-b07d-64354d9cda59,2,1,11,4461,87680,125,37,92266,92141,4461,150,0,1
31ca772b-cb14-42f3-b07d-64354d9cda59,2,1,12,4394,92160,111,20,96665,96554,4394,82,0,1
31ca772b-cb14-42f3-b07d-64354d9cda59,2,1,13,3143,96640,115,26,99898,99783,3143,106,0,1
31ca772b-cb14-42f3-b07d-64354d9cda59,2,1,14,3426,99840,661,300,103927,103266,3426,1234,0,2
31ca772b-cb14-42f3-b07d-64354d9cda59,2,1,15,557,103808,257,26,104622,104365,557,95,0,1
31ca772b-cb14-42f3-b07d-64354d9cda59,2,1,16,496,104576,321,64,105393,105072,496,224,0,1
31ca772b-cb14-42f3-b07d-64354d9cda59,2,1,17,371,105344,368,59,106083,105715,371,235,0,1
31ca772b-cb14-42f3-b07d-64354d9cda59,2,1,18,248,105856,318,79,106422,106104,248,317,0,2
31ca772b-cb14-42f3-b07d-64354d9cda59,2,1,19,237,106368,155,49,106760,106605,237,207,0,1
31ca772b-cb14-42f3-b07d-64354d9cda59,2,1,20,221,106624,492,189,107337,106845,221,804,0,2
31ca772b-cb14-42f3-b07d-64354d9cda59,2,1,21,3762,107264,252,38,111278,111026,3762,151,0,1
31ca772b-cb14-42f3-b07d-64354d9cda59,2,1,22,581,111232,256,96,112069,111813,581,364,0,2
31ca772b-cb14-42f3-b07d-64354d9cda59,2,1,23,244,112000,639,322,112883,112244,244,1394,0,2
31ca772b-cb14-42f3-b07d-64354d9cda59,2,1,24,40492,112768,563,245,153823,153260,40492,1064,0,2
31ca772b-cb14-42f3-b07d-64354d9cda59,2,1,25,1343,153728,343,137,155414,155071,1343,530,0,2
31ca772b-cb14-42f3-b07d-64354d9cda59,2,1,26,454,155392,260,63,156106,155846,454,303,0,1
31ca772b-cb14-42f3-b07d-64354d9cda59,2,1,27,1432,156032,483,216,157947,157464,1432,903,0,2
31ca772b-cb14-42f3-b07d-64354d9cda59,2,1,28,960,157824,158,80,158942,158784,960,315,0,1
31ca772b-cb14-42f3-b07d-64354d9cda59,2,1,29,2351,158848,223,100,161422,161199,2351,467,0,1
31ca772b-cb14-42f3-b07d-64354d9cda59,2,1,30,641,161408,167,34,162216,162049,641,158,0,1
31ca772b-cb14-42f3-b07d-64354d9cda59,2,1,31,683,162176,98,0,162957,162859,683,0,0,1
31ca772b-cb14-42f3-b07d-64354d9cda59,2,1,32,1171,162944,329,186,164444,164115,1171,722,0,1
31ca772b-cb14-42f3-b07d-64354d9cda59,2,1,33,4469,164352,387,132,169208,168821,4469,477,0,1
31ca772b-cb14-42f3-b07d-64354d9cda59,2,1,34,1443,169088,479,205,171010,170531,1443,922,0,2
31ca772b-cb14-42f3-b07d-64354d9cda59,2,1,35,2810,171008,359,139,174177,173818,2810,603,0,1
31ca772b-cb14-42f3-b07d-64354d9cda59,2,1,36,561,174080,143,25,174784,174641,561,121,0,1
31ca772b-cb14-42f3-b07d-64354d9cda59,2,1,37,1009,174720,379,174,176108,175729,1009,719,73,1
31ca772b-cb14-42f3-b07d-64354d9cda59,2,1,38,1736,176000,421,99,178157,177736,1736,455,0,1
31ca772b-cb14-42f3-b07d-64354d9cda59,2,1,39,269,178048,143,58,178460,178317,269,229,0,1
31ca772b-cb14-42f3-b07d-64354d9cda59,2,1,40,190,178304,119,28,178613,178494,190,99,0,1
31ca772b-cb14-42f3-b07d-64354d9cda59,2,1,41,1098,178560,269,114,179927,179658,1098,481,0,1
31ca772b-cb14-42f3-b07d-64354d9cda59,2,1,42,2803,179840,483,342,183126,182643,2803,1434,0,1
31ca772b-cb14-42f3-b07d-64354d9cda59,2,1,43,2846,183040,210,113,186096,185886,2846,511,0,1
31ca772b-cb14-42f3-b07d-64354d9cda59,2,1,44,1929,185984,369,166,188282,187913,1929,786,0,1
31ca772b-cb14-42f3-b07d-64354d9cda59,2,1,45,4136,188160,437,211,192733,192296,4136,917,0,1
31ca772b-cb14-42f3-b07d-64354d9cda59,2,1,46,162,192640,254,158,193056,192802,162,686,0,1
31ca772b-cb14-42f3-b07d-64354d9cda59,2,1,47,136,193024,94,23,193254,193160,136,86,0,1
31ca772b-cb14-42f3-b07d-64354d9cda59,2,1,48,7539,193152,433,182,201124,200691,7539,789,0,2
31ca772b-cb14-42f3-b07d-64354d9cda59,2,1,49,2377,201088,303,43,203768,203465,2377,179,0,1
31ca772b-cb14-42f3-b07d-64354d9cda59,2,1,50,247,203648,394,199,204289,203895,247,839,0,2
31ca772b-cb14-42f3-b07d-64354d9cda59,2,1,51,4835,204288,395,166,209518,209123,4835,617,0,2
31ca772b-cb14-42f3-b07d-64354d9cda59,2,1,52,269,209408,630,438,210307,209677,269,1825,98,1
31ca772b-cb14-42f3-b07d-64354d9cda59,2,1,53,187,210176,317,121,210680,210363,187,545,0,2
31ca772b-cb14-42f3-b07d-64354d9cda59,2,1,54,5876,210560,222,140,216658,216436,5876,508,0,1
31ca772b-cb14-42f3-b07d-64354d9cda59,2,1,55,200,216576,457,171,217233,216776,200,690,0,2
31ca772b-cb14-42f3-b07d-64354d9cda59,2,1,56,2352,217216,231,96,219799,219568,2352,398,0,1
31ca772b-cb14-42f3-b07d-64354d9cda59,2,1,57,344,219776,166,44,220286,220120,344,167,0,1
31ca772b-cb14-42f3-b07d-64354d9cda59,2,1,58,547,220160,142,62,220849,220707,547,235,0,1
31ca772b-cb14-42f3-b07d-64354d9cda59,2,1,59,215,220672,69,0,220956,220887,215,0,0,1
31ca772b-cb14-42f3-b07d-64354d9cda59,2,1,60,6004,220928,166,84,227098,226932,6004,326,0,1
31ca772b-cb14-42f3-b07d-64354d9cda59,2,1,61,237,226944,537,232,227718,227181,237,974,0,1
31ca772b-cb14-42f3-b07d-64354d9cda59,2,1,62,165,227584,245,31,227994,227749,165,143,0,1
31ca772b-cb14-42f3-b07d-64354d9cda59,2,1,63,451,227968,269,166,228688,228419,451,666,0,1
31ca772b-cb14-42f3-b07d-64354d9cda59,2,1,64,4525,228608,266,58,233399,233133,4525,238,102,1
31ca772b-cb14-42f3-b07d-64354d9cda59,2,1,65,242,233344,315,23,233901,233586,242,94,0,1
31ca772b-cb14-42f3-b07d-64354d9cda59,2,1,66,237,233728,229,24,234194,233965,237,107,0,1
31ca772b-cb14-42f3-b07d-64354d9cda59,2,1,67,263,234112,276,59,234651,234375,263,270,0,1
31ca772b-cb14-42f3-b07d-64354d9cda59,2,1,68,242,234496,387,93,235125,234738,242,366,0,1
31ca772b-cb14-42f3-b07d-64354d9cda59,2,1,69,435,235008,257,154,235700,235443,435,477,0,1
31ca772b-cb14-42f3-b07d-64354d9cda59,2,1,70,323,235648,145,60,236116,235971,323,226,89,1
31ca772b-cb14-42f3-b07d-64354d9cda59,2,1,71,7991,236032,7997,436,252020,244023,7991,1418,74,1
31ca772b-cb14-42f3-b07d-64354d9cda59,2,1,72,2705,251904,2045,113,256654,254609,2705,450,53,1
31ca772b-cb14-42f3-b07d-64354d9cda59,2,1,73,182,256512,159,77,256853,256694,182,297,0,1
31ca772b-cb14-42f3-b07d-64354d9cda59,2,1,74,239,256768,87,0,257094,257007,239,0,0,1
31ca772b-cb14-42f3-b07d-64354d9cda59,2,1,75,2404,257024,257,154,259685,259428,2404,516,0,1
31ca772b-cb14-42f3-b07d-64354d9cda59,2,1,76,2983,259584,2330,405,264897,262567,2983,1301,70,1
31ca772b-cb14-42f3-b07d-64354d9cda59,2,1,77,233,264704,635,69,265572,264937,233,274,0,1
31ca772b-cb14-42f3-b07d-64354d9cda59,2,1,78,1876,265472,538,148,267886,267348,1876,547,0,1
31ca772b-cb14-42f3-b07d-64354d9cda59,2,1,79,873,267776,153,60,268802,268649,873,262,0,2
31ca772b-cb14-42f3-b07d-64354d9cda59,2,1,80,275,268800,335,194,269410,269075,275,781,0,1
31ca772b-cb14-42f3-b07d-64354d9cda59,2,1,81,3277,269312,762,137,273351,272589,3277,517,0,1
31ca772b-cb14-42f3-b07d-64354d9cda59,2,1,82,239,273152,750,152,274141,273391,239,608,0,1
31ca772b-cb14-42f3-b07d-64354d9cda59,2,1,83,261,273920,489,37,274670,274181,261,176,0,1
31ca772b-cb14-42f3-b07d-64354d9cda59,2,1,84,150,274560,1371,134,276081,274710,150,525,58,1
31ca772b-cb14-42f3-b07d-64354d9cda59,2,1,85,153,275968,228,62,276349,276121,153,271,0,2
31ca772b-cb14-42f3-b07d-64354d9cda59,2,1,86,1765,276224,494,356,278483,277989,1765,1447,0,1
31ca772b-cb14-42f3-b07d-64354d9cda59,2,1,87,251,278272,154,51,278677,278523,251,213,0,1
31ca772b-cb14-42f3-b07d-64354d9cda59,2,1,88,225,278528,86,0,278839,278753,225,0,0,1
31ca772b-cb14-42f3-b07d-64354d9cda59,2,1,89,4510,278784,737,612,284031,283294,4510,2389,98,1
31ca772b-cb14-42f3-b07d-64354d9cda59,2,1,90,2034,283904,440,354,286378,285938,2034,1213,0,1
31ca772b-cb14-42f3-b07d-64354d9cda59,2,1,91,167,286336,92,0,286595,286503,167,0,0,1
31ca772b-cb14-42f3-b07d-64354d9cda59,2,1,92,1200,286592,3339,24,291131,287792,1200,121,0,1
31ca772b-cb14-42f3-b07d-64354d9cda59,2,1,93,227,290944,118,26,291289,291171,227,102,0,1
31ca772b-cb14-42f3-b07d-64354d9cda59,2,1,94,1773,291200,1126,30,294099,292973,1773,106,0,1
31ca772b-cb14-42f3-b07d-64354d9cda59,2,1,95,251,293888,734,0,294873,294139,251,0,0,1
31ca772b-cb14-42f3-b07d-64354d9cda59,2,1,96,257,294656,128,36,295041,294913,257,168,0,1
31ca772b-cb14-42f3-b07d-64354d9cda59,2,1,97,1504,295040,798,0,297342,296544,1504,0,0,1
31ca772b-cb14-42f3-b07d-64354d9cda59,2,1,98,166,297216,986,0,298368,297382,166,0,0,1
31ca772b-cb14-42f3-b07d-64354d9cda59,2,1,99,168,298240,427,68,298835,298408,168,300,70,1
31ca772b-cb14-42f3-b07d-64354d9cda59,2,1,100,169,298752,337,18,299258,298921,169,74,0,1
31ca772b-cb14-42f3-b07d-64354d9cda59,2,1,101,311,299136,317,25,299764,299447,311,109,0,1
31ca772b-cb14-42f3-b07d-64354d9cda59,2,1,102,524,299648,192,40,300364,300172,524,170,0,1
31ca772b-cb14-42f3-b07d-64354d9cda59,2,1,103,2813,300288,511,166,303612,303101,2813,572,0,1
31ca772b-cb14-42f3-b07d-64354d9cda59,2,1,104,500,303488,1431,367,305419,303988,500,1201,52,1
31ca772b-cb14-42f3-b07d-64354d9cda59,2,1,105,203,305280,154,56,305637,305483,203,243,0,1
31ca772b-cb14-42f3-b07d-64354d9cda59,2,1,106,403,305536,362,0,306301,305939,403,0,0,1
31ca772b-cb14-42f3-b07d-64354d9cda59,2,1,107,153,306176,2133,546,308462,306329,153,2359,87,1
31ca772b-cb14-42f3-b07d-64354d9cda59,2,1,108,150,308352,165,73,308667,308502,150,276,0,1
31ca772b-cb14-42f3-b07d-64354d9cda59,2,1,109,1717,308608,262,170,310587,310325,1717,726,0,1
31ca772b-cb14-42f3-b07d-64354d9cda59,2,1,110,647,310528,188,41,311363,311175,647,146,0,1
31ca772b-cb14-42f3-b07d-64354d9cda59,2,1,111,202,311296,2759,269,314257,311498,202,1039,73,1
31ca772b-cb14-42f3-b07d-64354d9cda59,2,1,112,1351,314240,1586,507,317177,315591,1351,1713,65,1
31ca772b-cb14-42f3-b07d-64354d9cda59,2,1,113,1072,317056,1223,99,319351,318128,1072,373,0,1
31ca772b-cb14-42f3-b07d-64354d9cda59,2,1,114,263,319232,850,118,320345,319495,263,500,0,1
31ca772b-cb14-42f3-b07d-64354d9cda59,2,1,115,258,320128,233,43,320619,320386,258,204,0,2
31ca772b-cb14-42f3-b07d-64354d9cda59,2,1,116,1373,320512,130,38,322015,321885,1373,180,0,1
31ca772b-cb14-42f3-b07d-64354d9cda59,2,1,117,1344,321920,298,61,323562,323264,1344,194,0,1
31ca772b-cb14-42f3-b07d-64354d9cda59,2,1,118,162,323456,251,60,323869,323618,162,282,0,1
31ca772b-cb14-42f3-b07d-64354d9cda59,2,1,119,194,323840,590,53,324624,324034,194,225,87,1
31ca772b-cb14-42f3-b07d-64354d9cda59,2,1,120,154,324608,1379,124,326141,324762,154,538,0,1
31ca772b-cb14-42f3-b07d-64354d9cda59,2,1,121,165,326016,946,33,327127,326181,165,158,3361,0
3772f16b-2bc9-4aa4-ac37-ccd5595b0118,3,1,1,2577,7936,302,0,10815,10513,2577,0,106,2
3772f16b-2bc9-4aa4-ac37-ccd5595b0118,3,1,2,1479,10752,260,48,12491,12231,1479,216,70,2
3772f16b-2bc9-4aa4-ac37-ccd5595b0118,3,1,3,2318,12416,276,34,15010,14734,2318,176,54,2
3772f16b-2bc9-4aa4-ac37-ccd5595b0118,3,1,4,218,14848,319,33,15385,15066,218,135,50,2
3772f16b-2bc9-4aa4-ac37-ccd5595b0118,3,1,5,4411,15360,404,132,20175,19771,4411,533,59,2
3772f16b-2bc9-4aa4-ac37-ccd5595b0118,3,1,6,146,20096,432,107,20674,20242,146,448,0,2
3772f16b-2bc9-4aa4-ac37-ccd5595b0118,3,1,7,4654,20608,663,277,25925,25262,4654,1007,96,1
3772f16b-2bc9-4aa4-ac37-ccd5595b0118,3,1,8,356,25856,369,49,26581,26212,356,160,0,1
3772f16b-2bc9-4aa4-ac37-ccd5595b0118,3,1,9,573,26496,810,274,27879,27069,573,992,92,2
3772f16b-2bc9-4aa4-ac37-ccd5595b0118,3,1,10,618,27776,726,340,29120,28394,618,1349,89,2
3772f16b-2bc9-4aa4-ac37-ccd5595b0118,3,1,11,234,29056,2777,242,32067,29290,234,979,122,3
3772f16b-2bc9-4aa4-ac37-ccd5595b0118,3,1,12,259,31872,663,219,32794,32131,259,760,73,2
3772f16b-2bc9-4aa4-ac37-ccd5595b0118,3,1,13,1474,32768,758,369,35000,34242,1474,1382,100,2
3772f16b-2bc9-4aa4-ac37-ccd5595b0118,3,1,14,2416,34944,479,260,37839,37360,2416,983,108,1
3772f16b-2bc9-4aa4-ac37-ccd5595b0118,3,1,15,1885,37760,198,10,39843,39645,1885,49,0,1
3772f16b-2bc9-4aa4-ac37-ccd5595b0118,3,1,16,2588,39808,538,184,42934,42396,2588,692,0,1
3772f16b-2bc9-4aa4-ac37-ccd5595b0118,3,1,17,218,42752,613,243,43583,42970,218,925,101,1
3772f16b-2bc9-4aa4-ac37-ccd5595b0118,3,1,18,171,43520,728,282,44419,43691,171,1079,90,1
3772f16b-2bc9-4aa4-ac37-ccd5595b0118,3,1,19,261,44288,565,360,45114,44549,261,1542,0,2
3772f16b-2bc9-4aa4-ac37-ccd5595b0118,3,1,20,2511,45056,402,203,47969,47567,2511,726,0,2
3772f16b-2bc9-4aa4-ac37-ccd5595b0118,3,1,21,468,47872,498,201,48838,48340,468,781,95,1
3772f16b-2bc9-4aa4-ac37-ccd5595b0118,3,1,22,756,48768,389,100,49913,49524,756,405,0,1
3772f16b-2bc9-4aa4-ac37-ccd5595b0118,3,1,23,2228,49792,616,191,52636,52020,2228,696,115,2
3772f16b-2bc9-4aa4-ac37-ccd5595b0118,3,1,24,3228,52608,402,90,56238,55836,3228,362,100,1
3772f16b-2bc9-4aa4-ac37-ccd5595b0118,3,1,25,1739,56192,679,280,58610,57931,1739,1075,94,1
3772f16b-2bc9-4aa4-ac37-ccd5595b0118,3,1,26,284,58496,504,38,59284,58780,284,181,69,1
3772f16b-2bc9-4aa4-ac37-ccd5595b0118,3,1,27,2121,59264,702,68,62087,61385,2121,328,91,1
3772f16b-2bc9-4aa4-ac37-ccd5595b0118,3,1,28,602,62080,724,183,63406,62682,602,762,94,2
3772f16b-2bc9-4aa4-ac37-ccd5595b0118,3,1,29,245,63360,516,113,64121,63605,245,427,0,2
3772f16b-2bc9-4aa4-ac37-ccd5595b0118,3,1,30,3368,64000,694,254,68062,67368,3368,873,65,2
3772f16b-2bc9-4aa4-ac37-ccd5595b0118,3,1,31,1170,67968,502,147,69640,69138,1170,600,0,2
3772f16b-2bc9-4aa4-ac37-ccd5595b0118,3,1,32,546,69632,807,257,70985,70178,546,967,0,2
3772f16b-2bc9-4aa4-ac37-ccd5595b0118,3,1,33,496,70912,558,190,71966,71408,496,734,65,2
3772f16b-2bc9-4aa4-ac37-ccd5595b0118,3,1,34,984,71936,539,184,73459,72920,984,608,88,2
3772f16b-2bc9-4aa4-ac37-ccd5595b0118,3,1,35,623,73344,794,278,74761,73967,623,961,0,2
3772f16b-2bc9-4aa4-ac37-ccd5595b0118,3,1,36,246,74752,443,70,75441,74998,246,269,0,2
3772f16b-2bc9-4aa4-ac37-ccd5595b0118,3,1,37,803,75392,382,96,76577,76195,803,340,0,1
3772f16b-2bc9-4aa4-ac37-ccd5595b0118,3,1,38,372,76544,243,71,77159,76916,372,241,0,2
3772f16b-2bc9-4aa4-ac37-ccd5595b0118,3,1,39,2573,77056,461,229,80090,79629,2573,839,0,2
3772f16b-2bc9-4aa4-ac37-ccd5595b0118,3,1,40,6179,80000,894,456,87073,86179,6179,1756,108,2
3772f16b-2bc9-4aa4-ac37-ccd5595b0118,3,1,41,1425,87040,454,152,88919,88465,1425,460,71,1
3772f16b-2bc9-4aa4-ac37-ccd5595b0118,3,1,42,215,88832,304,97,89351,89047,215,387,0,1
3772f16b-2bc9-4aa4-ac37-ccd5595b0118,3,1,43,217,89344,364,59,89925,89561,217,227,0,1
3772f16b-2bc9-4aa4-ac37-ccd5595b0118,3,1,44,748,89856,526,143,91130,90604,748,454,51,1
3772f16b-2bc9-4aa4-ac37-ccd5595b0118,3,1,45,778,91008,378,87,92164,91786,778,357,0,1
3772f16b-2bc9-4aa4-ac37-ccd5595b0118,3,1,46,584,92160,655,90,93399,92744,584,285,59,2
3772f16b-2bc9-4aa4-ac37-ccd5595b0118,3,1,47,1328,93312,877,283,95517,94640,1328,1054,84,2
3772f16b-2bc9-4aa4-ac37-ccd5595b0118,3,1,48,2415,95488,646,192,98549,97903,2415,648,0,2
3772f16b-2bc9-4aa4-ac37-ccd5595b0118,3,1,49,290,98432,282,27,99004,98722,290,100,0,1
3772f16b-2bc9-4aa4-ac37-ccd5595b0118,3,1,50,210,98816,566,213,99592,99026,210,833,0,1
3772f16b-2bc9-4aa4-ac37-ccd5595b0118,3,1,51,139,99584,243,92,99966,99723,139,366,0,1
3772f16b-2bc9-4aa4-ac37-ccd5595b0118,3,1,52,3652,99840,698,228,104190,103492,3652,853,0,1
3772f16b-2bc9-4aa4-ac37-ccd5595b0118,3,1,53,587,104064,989,489,105640,104651,587,1749,56,2
3772f16b-2bc9-4aa4-ac37-ccd5595b0118,3,1,54,1840,105600,1074,317,108514,107440,1840,1252,85,2
3772f16b-2bc9-4aa4-ac37-ccd5595b0118,3,1,55,1286,107392,582,131,109260,108678,1286,482,117,2
3772f16b-2bc9-4aa4-ac37-ccd5595b0118,3,1,56,2955,109184,447,108,112586,112139,2955,461,75,1
3772f16b-2bc9-4aa4-ac37-ccd5595b0118,3,1,57,229,112384,352,58,112965,112613,229,266,56,1
3772f16b-2bc9-4aa4-ac37-ccd5595b0118,3,1,58,5179,112896,909,657,118984,118075,5179,2353,113,1
3772f16b-2bc9-4aa4-ac37-ccd5595b0118,3,1,59,214,118784,396,113,119394,118998,214,525,0,1
3772f16b-2bc9-4aa4-ac37-ccd5595b0118,3,1,60,1065,119296,369,200,120730,120361,1065,793,0,1
3772f16b-2bc9-4aa4-ac37-ccd5595b0118,3,1,61,168,120576,356,161,121100,120744,168,545,0,1
3772f16b-2bc9-4aa4-ac37-ccd5595b0118,3,1,62,167,120960,313,65,121440,121127,167,249,0,1
3772f16b-2bc9-4aa4-ac37-ccd5595b0118,3,1,63,241,121216,286,76,121743,121457,241,285,0,1
3772f16b-2bc9-4aa4-ac37-ccd5595b0118,3,1,64,183,121728,608,202,122519,121911,183,579,83,1
3772f16b-2bc9-4aa4-ac37-ccd5595b0118,3,1,65,179,122496,471,47,123146,122675,179,186,72,1
3772f16b-2bc9-4aa4-ac37-ccd5595b0118,3,1,66,171,123136,190,56,123497,123307,171,255,0,1
3772f16b-2bc9-4aa4-ac37-ccd5595b0118,3,1,67,696,123392,331,92,124419,124088,696,322,63,1
3772f16b-2bc9-4aa4-ac37-ccd5595b0118,3,1,68,167,124416,268,35,124851,124583,167,148,0,1
3772f16b-2bc9-4aa4-ac37-ccd5595b0118,3,1,69,0,0,0,0,0,0,0,982,86,0
3795a316-6973-4223-bd76-0c6937d676ee,2,1,1,2568,7936,492,195,10996,10504,2568,743,106,4
3795a316-6973-4223-bd76-0c6937d676ee,2,1,2,3034,10880,438,163,14352,13914,3034,600,73,4
3795a316-6973-4223-bd76-0c6937d676ee,2,1,3,9599,14336,460,198,24395,23935,9599,684,86,4
3795a316-6973-4223-bd76-0c6937d676ee,2,1,4,6392,24320,511,189,31223,30712,6392,640,72,4
3795a316-6973-4223-bd76-0c6937d676ee,2,1,5,25063,31104,831,581,56998,56167,25063,2251,56,4
3795a316-6973-4223-bd76-0c6937d676ee,2,1,6,6023,56960,359,83,63342,62983,6023,281,60,4
3795a316-6973-4223-bd76-0c6937d676ee,2,1,7,8772,63232,1056,769,73060,72004,8772,2639,100,4
3795a316-6973-4223-bd76-0c6937d676ee,2,1,8,23408,72960,771,428,97139,96368,23408,1691,97,4
3795a316-6973-4223-bd76-0c6937d676ee,2,1,9,993,96768,484,266,98245,97761,993,1003,75,4
3795a316-6973-4223-bd76-0c6937d676ee,2,1,10,7193,98176,957,719,106326,105369,7193,2861,75,4
3795a316-6973-4223-bd76-0c6937d676ee,2,1,11,9194,106240,948,686,116382,115434,9194,2344,70,4
3795a316-6973-4223-bd76-0c6937d676ee,2,1,12,13110,116352,1083,764,130545,129462,13110,2714,89,4
3795a316-6973-4223-bd76-0c6937d676ee,2,1,13,710,130432,1010,765,132152,131142,710,2747,91,4
3795a316-6973-4223-bd76-0c6937d676ee,2,1,14,13018,132096,1488,1165,146602,145114,13018,4322,108,4
3795a316-6973-4223-bd76-0c6937d676ee,2,1,15,6178,146560,956,669,153694,152738,6178,2470,88,4
3795a316-6973-4223-bd76-0c6937d676ee,2,1,16,8099,153600,7079,4271,168778,161699,8099,16106,98,1
3795a316-6973-4223-bd76-0c6937d676ee,2,1,17,244,168576,2793,43,171613,168820,244,176,9942,0
37c2487b-2257-4105-aba3-b5761765d4c4,3,1,1,2645,7936,169,0,10750,10581,2645,0,76,2
37c2487b-2257-4105-aba3-b5761765d4c4,3,1,2,3296,10624,867,413,14787,13920,3296,1729,63,3
37c2487b-2257-4105-aba3-b5761765d4c4,3,1,3,6029,14720,607,199,21356,20749,6029,802,59,3
37c2487b-2257-4105-aba3-b5761765d4c4,3,1,4,244,21248,285,71,21777,21492,244,281,0,3
37c2487b-2257-4105-aba3-b5761765d4c4,3,1,5,2125,21760,2803,400,26688,23885,2125,1630,113,3
37c2487b-2257-4105-aba3-b5761765d4c4,3,1,6,256,26496,590,136,27342,26752,256,577,89,3
37c2487b-2257-4105-aba3-b5761765d4c4,3,1,7,235,27264,424,87,27923,27499,235,296,0,1
37c2487b-2257-4105-aba3-b5761765d4c4,3,1,8,241,27904,611,360,28756,28145,241,1346,151,3
37c2487b-2257-4105-aba3-b5761765d4c4,3,1,9,3880,28672,807,462,33359,32552,3880,1773,95,2
37c2487b-2257-4105-aba3-b5761765d4c4,3,1,10,464,33280,545,270,34289,33744,464,1040,82,2
37c2487b-2257-4105-aba3-b5761765d4c4,3,1,11,137,34176,239,75,34552,34313,137,272,0,1
37c2487b-2257-4105-aba3-b5761765d4c4,3,1,12,149,34432,366,120,34947,34581,149,468,0,1
37c2487b-2257-4105-aba3-b5761765d4c4,3,1,13,209,34944,1382,1030,36535,35153,209,4202,0,1
37c2487b-2257-4105-aba3-b5761765d4c4,3,1,14,289,36480,655,204,37424,36769,289,695,78,3
37c2487b-2257-4105-aba3-b5761765d4c4,3,1,15,252,37248,714,117,38214,37500,252,479,0,3
37c2487b-2257-4105-aba3-b5761765d4c4,3,1,16,2397,38144,783,324,41324,40541,2397,1205,58,3
37c2487b-2257-4105-aba3-b5761765d4c4,3,1,17,4415,41216,949,361,46580,45631,4415,1268,76,3
37c2487b-2257-4105-aba3-b5761765d4c4,3,1,18,5715,46464,1341,969,53520,52179,5715,3572,79,3
37c2487b-2257-4105-aba3-b5761765d4c4,3,1,19,9084,53504,480,172,63068,62588,9084,636,86,3
37c2487b-2257-4105-aba3-b5761765d4c4,3,1,20,6278,62976,791,233,70045,69254,6278,844,67,3
37c2487b-2257-4105-aba3-b5761765d4c4,3,1,21,2898,70016,435,102,73349,72914,2898,380,73,2
37c2487b-2257-4105-aba3-b5761765d4c4,3,1,22,1864,73344,952,551,76160,75208,1864,1946,0,2
37c2487b-2257-4105-aba3-b5761765d4c4,3,1,23,2464,76160,609,344,79233,78624,2464,1387,0,2
37c2487b-2257-4105-aba3-b5761765d4c4,3,1,24,2832,79232,369,255,82433,82064,2832,968,57,1
37c2487b-2257-4105-aba3-b5761765d4c4,3,1,25,2239,82432,256,141,84927,84671,2239,430,0,1
37c2487b-2257-4105-aba3-b5761765d4c4,3,1,26,1703,84864,597,271,87164,86567,1703,976,76,3
37c2487b-2257-4105-aba3-b5761765d4c4,3,1,27,2225,87040,466,239,89731,89265,2225,936,92,2
37c2487b-2257-4105-aba3-b5761765d4c4,3,1,28,567,89728,860,468,91155,90295,567,1756,79,3
37c2487b-2257-4105-aba3-b5761765d4c4,3,1,29,2593,91136,479,256,94208,93729,2593,1146,92,2
37c2487b-2257-4105-aba3-b5761765d4c4,3,1,30,820,94208,865,553,95893,95028,820,2186,82,3
37c2487b-2257-4105-aba3-b5761765d4c4,3,1,31,1033,95872,875,404,97780,96905,1033,1342,0,3
37c2487b-2257-4105-aba3-b5761765d4c4,3,1,32,880,97664,575,143,99119,98544,880,427,50,3
37c2487b-2257-4105-aba3-b5761765d4c4,3,1,33,1906,99072,994,569,101972,100978,1906,2130,64,3
37c2487b-2257-4105-aba3-b5761765d4c4,3,1,34,813,101888,1230,781,103931,102701,813,2926,89,2
37c2487b-2257-4105-aba3-b5761765d4c4,3,1,35,814,103808,790,354,105412,104622,814,1516,95,2
37c2487b-2257-4105-aba3-b5761765d4c4,3,1,36,2638,105344,906,569,108888,107982,2638,2280,68,3
37c2487b-2257-4105-aba3-b5761765d4c4,3,1,37,182,108800,427,48,109409,108982,182,159,57,3
37c2487b-2257-4105-aba3-b5761765d4c4,3,1,38,938,109312,1140,525,111390,110250,938,1705,79,3
37c2487b-2257-4105-aba3-b5761765d4c4,3,1,39,1172,111360,691,277,113223,112532,1172,995,74,3
37c2487b-2257-4105-aba3-b5761765d4c4,3,1,40,1703,113152,1241,763,116096,114855,1703,2729,76,3
37c2487b-2257-4105-aba3-b5761765d4c4,3,1,41,1779,116096,1085,441,118960,117875,1779,1610,78,3
37c2487b-2257-4105-aba3-b5761765d4c4,3,1,42,489,118912,796,414,120197,119401,489,1512,0,2
3b284c34-2f3a-489e-bd11-6c9add7fde1c,3,1,1,3269,7936,197,0,11402,11205,3269,0,62,2
3b284c34-2f3a-489e-bd11-6c9add7fde1c,3,1,2,2321,11392,628,237,14341,13713,2321,901,0,2
3b284c34-2f3a-489e-bd11-6c9add7fde1c,3,1,3,452,14336,215,15,15003,14788,452,84,0,2
3b284c34-2f3a-489e-bd11-6c9add7fde1c,3,1,4,1391,14976,422,152,16789,16367,1391,565,0,2
3b284c34-2f3a-489e-bd11-6c9add7fde1c,3,1,5,989,16768,327,92,18084,17757,989,354,0,2
3b284c34-2f3a-489e-bd11-6c9add7fde1c,3,1,6,1620,18048,229,60,19897,19668,1620,222,0,2
3b284c34-2f3a-489e-bd11-6c9add7fde1c,3,1,7,2864,19840,561,143,23265,22704,2864,508,0,4
3b284c34-2f3a-489e-bd11-6c9add7fde1c,3,1,8,8628,23168,1013,623,32809,31796,8628,2211,117,3
3b284c34-2f3a-489e-bd11-6c9add7fde1c,3,1,9,333,32768,1037,255,34138,33101,333,830,0,3
3b284c34-2f3a-489e-bd11-6c9add7fde1c,3,1,10,264,34048,387,83,34699,34312,264,337,0,2
3b284c34-2f3a-489e-bd11-6c9add7fde1c,3,1,11,1531,34688,1256,884,37475,36219,1531,3354,0,2
3b284c34-2f3a-489e-bd11-6c9add7fde1c,3,1,12,1121,37376,272,102,38769,38497,1121,364,0,2
3b284c34-2f3a-489e-bd11-6c9add7fde1c,3,1,13,1875,38656,1257,893,41788,40531,1875,3343,83,2
3b284c34-2f3a-489e-bd11-6c9add7fde1c,3,1,14,847,41728,234,79,42809,42575,847,347,0,1
3b284c34-2f3a-489e-bd11-6c9add7fde1c,3,1,15,3255,42752,1248,834,47255,46007,3255,3040,0,3
3b284c34-2f3a-489e-bd11-6c9add7fde1c,3,1,16,1039,47232,1269,835,49540,48271,1039,3049,0,3
3b284c34-2f3a-489e-bd11-6c9add7fde1c,3,1,17,1934,49536,661,304,52131,51470,1934,1049,0,3
3b284c34-2f3a-489e-bd11-6c9add7fde1c,3,1,18,604,52096,842,631,53542,52700,604,2183,0,3
3b284c34-2f3a-489e-bd11-6c9add7fde1c,3,1,19,546,53504,1132,644,55182,54050,546,2334,0,2
3b284c34-2f3a-489e-bd11-6c9add7fde1c,3,1,20,809,55168,615,138,56592,55977,809,502,0,2
3b284c34-2f3a-489e-bd11-6c9add7fde1c,3,1,21,533,56576,1465,1192,58574,57109,533,4540,0,2
3b284c34-2f3a-489e-bd11-6c9add7fde1c,3,1,22,327,58496,327,151,59150,58823,327,590,0,2
3b284c34-2f3a-489e-bd11-6c9add7fde1c,3,1,23,1305,59136,1652,1212,62093,60441,1305,4497,0,2
3b284c34-2f3a-489e-bd11-6c9add7fde1c,3,1,24,395,62080,835,353,63310,62475,395,1227,0,3
3b284c34-2f3a-489e-bd11-6c9add7fde1c,3,1,25,599,63232,561,237,64392,63831,599,894,0,2
3b284c34-2f3a-489e-bd11-6c9add7fde1c,3,1,26,470,64384,1107,654,65961,64854,470,2509,0,2
3b284c34-2f3a-489e-bd11-6c9add7fde1c,3,1,27,505,65920,448,119,66873,66425,505,470,0,2
3b284c34-2f3a-489e-bd11-6c9add7fde1c,3,1,28,2639,66816,1127,591,70582,69455,2639,2071,0,2
3b284c34-2f3a-489e-bd11-6c9add7fde1c,3,1,29,1304,70528,748,260,72580,71832,1304,930,0,2
3b284c34-2f3a-489e-bd11-6c9add7fde1c,3,1,30,435,72576,503,230,73514,73011,435,808,0,2
3b284c34-2f3a-489e-bd11-6c9add7fde1c,3,1,31,4101,73472,2109,1688,79682,77573,4101,6014,68,3
3b284c34-2f3a-489e-bd11-6c9add7fde1c,3,1,32,2038,79616,1236,576,82890,81654,2038,2158,0,3
3b284c34-2f3a-489e-bd11-6c9add7fde1c,3,1,33,444,82816,915,340,84175,83260,444,1197,0,2
3b284c34-2f3a-489e-bd11-6c9add7fde1c,3,1,34,390,84096,1490,886,85976,84486,390,3126,0,3
3b284c34-2f3a-489e-bd11-6c9add7fde1c,3,1,35,527,85888,1104,636,87519,86415,527,2404,0,2
3b284c34-2f3a-489e-bd11-6c9add7fde1c,3,1,36,613,87424,862,478,88899,88037,613,1872,0,2
3b284c34-2f3a-489e-bd11-6c9add7fde1c,3,1,37,1558,88832,687,333,91077,90390,1558,1145,72,2
3b284c34-2f3a-489e-bd11-6c9add7fde1c,3,1,38,748,91008,858,347,92614,91756,748,1329,0,3
3b284c34-2f3a-489e-bd11-6c9add7fde1c,3,1,39,895,92544,894,530,94333,93439,895,1994,0,2
3b284c34-2f3a-489e-bd11-6c9add7fde1c,3,1,40,959,94208,672,295,95839,95167,959,1126,70,2
3b284c34-2f3a-489e-bd11-6c9add7fde1c,3,1,41,1731,95744,1293,788,98768,97475,1731,2685,0,2
3b284c34-2f3a-489e-bd11-6c9add7fde1c,3,1,42,830,98688,952,448,100470,99518,830,1652,0,2
3b284c34-2f3a-489e-bd11-6c9add7fde1c,3,1,43,1003,100352,624,179,101979,101355,1003,682,0,2
3b284c34-2f3a-489e-bd11-6c9add7fde1c,3,1,44,458,101888,898,525,103244,102346,458,1936,0,2
3b284c34-2f3a-489e-bd11-6c9add7fde1c,3,1,45,780,103168,1098,624,105046,103948,780,2161,0,2
3b284c34-2f3a-489e-bd11-6c9add7fde1c,3,1,46,373,104960,1177,594,106510,105333,373,2053,0,3
3b284c34-2f3a-489e-bd11-6c9add7fde1c,3,1,47,1387,106496,976,572,108859,107883,1387,1906,0,2
3b284c34-2f3a-489e-bd11-6c9add7fde1c,3,1,48,262,108800,864,390,109926,109062,262,1421,0,2
3b284c34-2f3a-489e-bd11-6c9add7fde1c,3,1,49,209,109824,572,322,110605,110033,209,1223,0,1
3b284c34-2f3a-489e-bd11-6c9add7fde1c,3,1,50,259,110464,1511,1024,112234,110723,259,3886,0,2
3b284c34-2f3a-489e-bd11-6c9add7fde1c,3,1,51,505,112128,288,96,112921,112633,505,379,78,1
3b284c34-2f3a-489e-bd11-6c9add7fde1c,3,1,52,835,112896,247,109,113978,113731,835,370,0,2
3b284c34-2f3a-489e-bd11-6c9add7fde1c,3,1,53,1608,113920,254,179,115782,115528,1608,659,0,1
3b284c34-2f3a-489e-bd11-6c9add7fde1c,3,1,54,1321,115712,741,500,117774,117033,1321,1942,0,2
3b284c34-2f3a-489e-bd11-6c9add7fde1c,3,1,55,1887,117760,321,147,119968,119647,1887,527,0,2
3b284c34-2f3a-489e-bd11-6c9add7fde1c,3,1,56,2399,119936,1487,961,123822,122335,2399,3417,0,3
3b284c34-2f3a-489e-bd11-6c9add7fde1c,3,1,57,1310,123776,816,248,125902,125086,1310,941,0,3
3b284c34-2f3a-489e-bd11-6c9add7fde1c,3,1,58,424,125824,457,127,126705,126248,424,462,0,1
3b284c34-2f3a-489e-bd11-6c9add7fde1c,3,1,59,774,126592,942,424,128308,127366,774,1564,0,2
3b284c34-2f3a-489e-bd11-6c9add7fde1c,3,1,60,343,128256,635,298,129234,128599,343,1280,0,2
3b284c34-2f3a-489e-bd11-6c9add7fde1c,3,1,61,1400,129152,1263,574,131815,130552,1400,1938,0,3
3b284c34-2f3a-489e-bd11-6c9add7fde1c,3,1,62,9031,131712,789,369,141532,140743,9031,1209,0,2
3b284c34-2f3a-489e-bd11-6c9add7fde1c,3,1,63,193,141440,721,361,142354,141633,193,1324,0,2
3b284c34-2f3a-489e-bd11-6c9add7fde1c,3,1,64,434,142336,293,108,143063,142770,434,342,0,1
3b284c34-2f3a-489e-bd11-6c9add7fde1c,3,1,65,461,142976,1081,619,144518,143437,461,2017,0,2
3b284c34-2f3a-489e-bd11-6c9add7fde1c,3,1,66,525,144512,878,532,145915,145037,525,2039,0,2
3b284c34-2f3a-489e-bd11-6c9add7fde1c,3,1,67,904,145792,644,263,147340,146696,904,983,0,2
3b284c34-2f3a-489e-bd11-6c9add7fde1c,3,1,68,190,147328,736,259,148254,147518,190,1101,0,1
3b284c34-2f3a-489e-bd11-6c9add7fde1c,3,1,69,139,148224,969,646,149332,148363,139,2312,0,2
3b284c34-2f3a-489e-bd11-6c9add7fde1c,3,1,70,328,149248,948,543,150524,149576,328,2152,0,2
3b284c34-2f3a-489e-bd11-6c9add7fde1c,3,1,71,771,150400,666,256,151837,151171,771,1018,0,2
3b284c34-2f3a-489e-bd11-6c9add7fde1c,3,1,72,701,151808,502,254,153011,152509,701,1017,0,1
3b284c34-2f3a-489e-bd11-6c9add7fde1c,3,1,73,396,152960,1487,1038,154843,153356,396,3724,0,2
3b284c34-2f3a-489e-bd11-6c9add7fde1c,3,1,74,885,154752,803,404,156440,155637,885,1468,0,2
3b284c34-2f3a-489e-bd11-6c9add7fde1c,3,1,75,696,156416,905,330,158017,157112,696,1241,0,2
3b284c34-2f3a-489e-bd11-6c9add7fde1c,3,1,76,722,157952,850,472,159524,158674,722,1831,0,2
3b284c34-2f3a-489e-bd11-6c9add7fde1c,3,1,77,768,159488,876,539,161132,160256,768,2065,0,2
3b284c34-2f3a-489e-bd11-6c9add7fde1c,3,1,78,366,161024,6609,2070,167999,161390,366,6322,62,1
3b284c34-2f3a-489e-bd11-6c9add7fde1c,3,1,79,4472,163584,576,444,168632,168056,4472,1465,0,1
3b284c34-2f3a-489e-bd11-6c9add7fde1c,3,1,80,212,168448,4687,586,173347,168660,212,2221,54,1
3b284c34-2f3a-489e-bd11-6c9add7fde1c,3,1,81,220,173184,157,21,173561,173404,220,95,0,1
3b284c34-2f3a-489e-bd11-6c9add7fde1c,3,1,82,149,173440,288,180,173877,173589,149,681,0,1
3b284c34-2f3a-489e-bd11-6c9add7fde1c,3,1,83,205,173696,1179,0,175080,173901,205,0,0,1
3b284c34-2f3a-489e-bd11-6c9add7fde1c,3,1,84,144,174976,643,19,175763,175120,144,77,2083,0
414abba5-9455-4df0-b917-95ea002ee90b,2,1,1,2922,7936,200,0,11058,10858,2922,0,91,2
414abba5-9455-4df0-b917-95ea002ee90b,2,1,2,2416,11008,246,42,13670,13424,2416,221,0,2
414abba5-9455-4df0-b917-95ea002ee90b,2,1,3,4276,13568,1446,766,19290,17844,4276,2935,0,3
414abba5-9455-4df0-b917-95ea002ee90b,2,1,4,1949,19200,948,388,22097,21149,1949,1468,0,2
414abba5-9455-4df0-b917-95ea002ee90b,2,1,5,751,22016,387,96,23154,22767,751,365,0,2
414abba5-9455-4df0-b917-95ea002ee90b,2,1,6,2355,23040,1407,1057,26802,25395,2355,4246,0,3
414abba5-9455-4df0-b917-95ea002ee90b,2,1,7,3131,26752,533,263,30416,29883,3131,1051,0,2
414abba5-9455-4df0-b917-95ea002ee90b,2,1,8,897,30336,348,220,31581,31233,897,831,0,2
414abba5-9455-4df0-b917-95ea002ee90b,2,1,9,6288,31488,700,451,38476,37776,6288,1738,0,4
414abba5-9455-4df0-b917-95ea002ee90b,2,1,10,8724,38400,740,422,47864,47124,8724,1650,0,4
414abba5-9455-4df0-b917-95ea002ee90b,2,1,11,3103,47744,727,256,51574,50847,3103,869,0,1
414abba5-9455-4df0-b917-95ea002ee90b,2,1,12,267,51456,524,341,52247,51723,267,1246,0,2
414abba5-9455-4df0-b917-95ea002ee90b,2,1,13,7353,52224,617,364,60194,59577,7353,1606,0,2
414abba5-9455-4df0-b917-95ea002ee90b,2,1,14,3695,60160,494,224,64349,63855,3695,907,0,2
414abba5-9455-4df0-b917-95ea002ee90b,2,1,15,624,64256,335,105,65215,64880,624,447,0,2
414abba5-9455-4df0-b917-95ea002ee90b,2,1,16,7316,65152,332,131,72800,72468,7316,478,0,2
414abba5-9455-4df0-b917-95ea002ee90b,2,1,17,9855,72704,778,596,83337,82559,9855,2282,0,4
414abba5-9455-4df0-b917-95ea002ee90b,2,1,18,36543,83328,1712,1448,121583,119871,36543,5411,0,2
414abba5-9455-4df0-b917-95ea002ee90b,2,1,19,14639,121472,793,554,136904,136111,14639,2236,0,3
414abba5-9455-4df0-b917-95ea002ee90b,2,1,20,3316,136832,625,213,140773,140148,3316,760,0,3
414abba5-9455-4df0-b917-95ea002ee90b,2,1,21,12170,140672,732,450,153574,152842,12170,1754,0,2
414abba5-9455-4df0-b917-95ea002ee90b,2,1,22,379,153472,142,34,153993,153851,379,149,0,1
414abba5-9455-4df0-b917-95ea002ee90b,2,1,23,6130,153984,261,123,160375,160114,6130,533,0,1
414abba5-9455-4df0-b917-95ea002ee90b,2,1,24,1073,160256,251,121,161580,161329,1073,494,0,1
414abba5-9455-4df0-b917-95ea002ee90b,2,1,25,1392,161536,241,149,163169,162928,1392,639,0,1
414abba5-9455-4df0-b917-95ea002ee90b,2,1,26,1258,163072,1104,892,165434,164330,1258,3556,0,3
414abba5-9455-4df0-b917-95ea002ee90b,2,1,27,876,165376,365,247,166617,166252,876,936,0,2
414abba5-9455-4df0-b917-95ea002ee90b,2,1,28,11727,166528,1175,1035,179430,178255,11727,4224,0,2
414abba5-9455-4df0-b917-95ea002ee90b,2,1,29,3475,179328,620,486,183423,182803,3475,1950,0,2
414abba5-9455-4df0-b917-95ea002ee90b,2,1,30,1594,183296,351,107,185241,184890,1594,432,0,2
414abba5-9455-4df0-b917-95ea002ee90b,2,1,31,1864,185216,873,358,187953,187080,1864,1334,0,2
414abba5-9455-4df0-b917-95ea002ee90b,2,1,32,935,187904,702,118,189541,188839,935,459,0,1
414abba5-9455-4df0-b917-95ea002ee90b,2,1,33,1810,189440,1061,821,192311,191250,1810,3314,0,2
414abba5-9455-4df0-b917-95ea002ee90b,2,1,34,14674,192256,619,407,207549,206930,14674,1773,0,1
414abba5-9455-4df0-b917-95ea002ee90b,2,1,35,271,207488,428,67,208187,207759,271,263,0,2
414abba5-9455-4df0-b917-95ea002ee90b,2,1,36,1241,208128,419,137,209788,209369,1241,587,0,2
414abba5-9455-4df0-b917-95ea002ee90b,2,1,37,1963,209664,1196,828,212823,211627,1963,3496,0,3
414abba5-9455-4df0-b917-95ea002ee90b,2,1,38,3032,212224,706,533,215962,215256,3032,2175,0,3
414abba5-9455-4df0-b917-95ea002ee90b,2,1,39,2588,215936,1178,987,219702,218524,2588,3781,0,4
414abba5-9455-4df0-b917-95ea002ee90b,2,1,40,13996,219648,556,388,234200,233644,13996,1567,0,3
414abba5-9455-4df0-b917-95ea002ee90b,2,1,41,7190,234112,750,222,242052,241302,7190,850,0,2
414abba5-9455-4df0-b917-95ea002ee90b,2,1,42,562,242048,979,597,243589,242610,562,2346,0,2
414abba5-9455-4df0-b917-95ea002ee90b,2,1,43,455,243584,677,397,244716,244039,455,1616,0,2
414abba5-9455-4df0-b917-95ea002ee90b,2,1,44,215,244608,769,522,245592,244823,215,2059,0,2
414abba5-9455-4df0-b917-95ea002ee90b,2,1,45,1387,245504,988,883,247879,246891,1387,3603,0,2
414abba5-9455-4df0-b917-95ea002ee90b,2,1,46,3368,247808,547,202,251723,251176,3368,840,0,2
414abba5-9455-4df0-b917-95ea002ee90b,2,1,47,201,251648,8808,3414,260657,251849,201,13733,54,1
414abba5-9455-4df0-b917-95ea002ee90b,2,1,48,235,260480,140,25,260855,260715,235,87,0,1
414abba5-9455-4df0-b917-95ea002ee90b,2,1,49,498,260736,287,104,261521,261234,498,424,0,1
414abba5-9455-4df0-b917-95ea002ee90b,2,1,50,171,261376,1155,201,262702,261547,171,842,0,2
414abba5-9455-4df0-b917-95ea002ee90b,2,1,51,258,262528,1349,191,264135,262786,258,694,0,1
414abba5-9455-4df0-b917-95ea002ee90b,2,1,52,243,263936,284,84,264463,264179,243,359,0,1
414abba5-9455-4df0-b917-95ea002ee90b,2,1,53,197,264320,1498,244,266015,264517,197,977,0,3
414abba5-9455-4df0-b917-95ea002ee90b,2,1,54,155,265984,141,66,266280,266139,155,311,0,1
414abba5-9455-4df0-b917-95ea002ee90b,2,1,55,193,266112,1817,0,268122,266305,193,0,0,1
414abba5-9455-4df0-b917-95ea002ee90b,2,1,56,258,267904,326,43,268488,268162,258,190,0,1
414abba5-9455-4df0-b917-95ea002ee90b,2,1,57,228,268288,1085,0,269601,268516,228,0,4516,0
42c75fd5-9805-461d-bb22-827fd626fba5,3,1,1,3103,7936,221,0,11260,11039,3103,0,87,2
42c75fd5-9805-461d-bb22-827fd626fba5,3,1,2,3774,11136,695,69,15605,14910,3774,318,74,4
42c75fd5-9805-461d-bb22-827fd626fba5,3,1,3,7386,15488,1021,395,23895,22874,7386,1616,93,4
42c75fd5-9805-461d-bb22-827fd626fba5,3,1,4,4727,23808,918,452,29453,28535,4727,1899,0,4
42c75fd5-9805-461d-bb22-827fd626fba5,3,1,5,3521,29440,1871,1094,34832,32961,3521,4600,0,4
42c75fd5-9805-461d-bb22-827fd626fba5,3,1,6,1302,34816,725,130,36843,36118,1302,556,0,3
42c75fd5-9805-461d-bb22-827fd626fba5,3,1,7,3131,36736,576,197,40443,39867,3131,909,0,4
42c75fd5-9805-461d-bb22-827fd626fba5,3,1,8,6520,40320,965,484,47805,46840,6520,2054,0,4
42c75fd5-9805-461d-bb22-827fd626fba5,3,1,9,8302,47744,4357,3580,60403,56046,8302,14669,52,4
42c75fd5-9805-461d-bb22-827fd626fba5,3,1,10,1950,60288,1416,276,63654,62238,1950,1163,0,3
42c75fd5-9805-461d-bb22-827fd626fba5,3,1,11,1496,63616,1599,563,66711,65112,1496,2225,0,4
42c75fd5-9805-461d-bb22-827fd626fba5,3,1,12,6775,66688,2484,1459,75947,73463,6775,6324,0,4
42c75fd5-9805-461d-bb22-827fd626fba5,3,1,13,3846,75904,896,371,80646,79750,3846,1530,0,4
42c75fd5-9805-461d-bb22-827fd626fba5,3,1,14,6184,80640,1632,911,88456,86824,6184,3846,0,4
42c75fd5-9805-461d-bb22-827fd626fba5,3,1,15,1702,88448,1280,761,91430,90150,1702,2978,0,2
42c75fd5-9805-461d-bb22-827fd626fba5,3,1,16,4093,91392,1050,544,96535,95485,4093,2308,0,2
42c75fd5-9805-461d-bb22-827fd626fba5,3,1,17,3209,96512,1125,702,100846,99721,3209,2590,0,2
42c75fd5-9805-461d-bb22-827fd626fba5,3,1,18,1314,100736,202,41,102252,102050,1314,200,60,2
42c75fd5-9805-461d-bb22-827fd626fba5,3,1,19,12843,102144,375,178,115362,114987,12843,678,0,1
42c75fd5-9805-461d-bb22-827fd626fba5,3,1,20,636,115328,204,67,116168,115964,636,228,0,1
42c75fd5-9805-461d-bb22-827fd626fba5,3,1,21,2231,116096,5395,5232,123722,118327,2231,21507,0,2
42c75fd5-9805-461d-bb22-827fd626fba5,3,1,22,3880,123648,7660,23,135188,127528,3880,101,59,1
42c75fd5-9805-461d-bb22-827fd626fba5,3,1,23,204,135040,184,83,135428,135244,204,330,0,1
42c75fd5-9805-461d-bb22-827fd626fba5,3,1,24,159,135296,1518,259,136973,135455,159,1026,83,1
42c75fd5-9805-461d-bb22-827fd626fba5,3,1,25,183,136832,284,200,137299,137015,183,732,0,1
42c75fd5-9805-461d-bb22-827fd626fba5,3,1,26,236,137088,6866,210,144190,137324,236,883,107,1
42c75fd5-9805-461d-bb22-827fd626fba5,3,1,27,246,144000,99,0,144345,144246,246,0,0,1
42c75fd5-9805-461d-bb22-827fd626fba5,3,1,28,148,144256,2300,111,146704,144404,148,473,0,2
42c75fd5-9805-461d-bb22-827fd626fba5,3,1,29,201,146560,831,53,147592,146761,201,246,3222,0
43ef5bbb-5c03-40a7-9dd3-5ee7fcdb2981,3,1,1,2975,7936,204,0,11115,10911,2975,0,106,2
43ef5bbb-5c03-40a7-9dd3-5ee7fcdb2981,3,1,2,1872,11008,958,203,13838,12880,1872,1049,86,2
43ef5bbb-5c03-40a7-9dd3-5ee7fcdb2981,3,1,3,1468,13824,1185,82,16477,15292,1468,375,85,2
43ef5bbb-5c03-40a7-9dd3-5ee7fcdb2981,3,1,4,512,16384,412,101,17308,16896,512,527,0,2
43ef5bbb-5c03-40a7-9dd3-5ee7fcdb2981,3,1,5,276,17280,2923,240,20479,17556,276,1179,161,3
43ef5bbb-5c03-40a7-9dd3-5ee7fcdb2981,3,1,6,432,20352,586,136,21370,20784,432,687,222,1
43ef5bbb-5c03-40a7-9dd3-5ee7fcdb2981,3,1,7,144,21248,359,33,21751,21392,144,159,0,2
43ef5bbb-5c03-40a7-9dd3-5ee7fcdb2981,3,1,8,234,21632,598,91,22464,21866,234,451,114,2
43ef5bbb-5c03-40a7-9dd3-5ee7fcdb2981,3,1,9,716,22400,1075,200,24191,23116,716,994,97,1
43ef5bbb-5c03-40a7-9dd3-5ee7fcdb2981,3,1,10,777,24064,644,144,25485,24841,777,714,105,2
43ef5bbb-5c03-40a7-9dd3-5ee7fcdb2981,3,1,11,175,25344,357,14,25876,25519,175,69,0,2
43ef5bbb-5c03-40a7-9dd3-5ee7fcdb2981,3,1,12,182,25728,871,275,26781,25910,182,1304,78,2
43ef5bbb-5c03-40a7-9dd3-5ee7fcdb2981,3,1,13,227,26624,557,141,27408,26851,227,674,0,2
43ef5bbb-5c03-40a7-9dd3-5ee7fcdb2981,3,1,14,688,27392,810,110,28890,28080,688,526,150,2
43ef5bbb-5c03-40a7-9dd3-5ee7fcdb2981,3,1,15,2751,28800,806,188,32357,31551,2751,800,0,2
43ef5bbb-5c03-40a7-9dd3-5ee7fcdb2981,3,1,16,1296,32256,283,73,33835,33552,1296,309,51,2
43ef5bbb-5c03-40a7-9dd3-5ee7fcdb2981,3,1,17,16741,33792,433,141,50966,50533,16741,752,184,2
43ef5bbb-5c03-40a7-9dd3-5ee7fcdb2981,3,1,18,1133,50944,483,106,52560,52077,1133,571,109,2
43ef5bbb-5c03-40a7-9dd3-5ee7fcdb2981,3,1,19,5949,52480,537,138,58966,58429,5949,714,153,2
43ef5bbb-5c03-40a7-9dd3-5ee7fcdb2981,3,1,20,248,58752,479,132,59479,59000,248,531,80,2
43ef5bbb-5c03-40a7-9dd3-5ee7fcdb2981,3,1,21,1151,59392,166,64,60709,60543,1151,316,0,1
43ef5bbb-5c03-40a7-9dd3-5ee7fcdb2981,3,1,22,4222,60672,427,72,65321,64894,4222,366,140,2
43ef5bbb-5c03-40a7-9dd3-5ee7fcdb2981,3,1,23,3206,65280,481,201,68967,68486,3206,1146,0,2
43ef5bbb-5c03-40a7-9dd3-5ee7fcdb2981,3,1,24,4688,68864,715,179,74267,73552,4688,1017,115,2
43ef5bbb-5c03-40a7-9dd3-5ee7fcdb2981,3,1,25,5357,74240,404,193,80001,79597,5357,974,88,2
43ef5bbb-5c03-40a7-9dd3-5ee7fcdb2981,3,1,26,3436,80000,338,50,83774,83436,3436,266,0,2
43ef5bbb-5c03-40a7-9dd3-5ee7fcdb2981,3,1,27,3869,83712,633,192,88214,87581,3869,860,102,2
43ef5bbb-5c03-40a7-9dd3-5ee7fcdb2981,3,1,28,713,88192,713,266,89618,88905,713,1221,0,2
43ef5bbb-5c03-40a7-9dd3-5ee7fcdb2981,3,1,29,1923,89600,631,77,92154,91523,1923,367,100,2
43ef5bbb-5c03-40a7-9dd3-5ee7fcdb2981,3,1,30,1331,92032,435,134,93798,93363,1331,592,0,2
43ef5bbb-5c03-40a7-9dd3-5ee7fcdb2981,3,1,31,357,93696,359,201,94412,94053,357,943,0,2
43ef5bbb-5c03-40a7-9dd3-5ee7fcdb2981,3,1,32,907,94336,381,82,95624,95243,907,407,0,2
43ef5bbb-5c03-40a7-9dd3-5ee7fcdb2981,3,1,33,4535,95616,398,114,100549,100151,4535,531,98,2
43ef5bbb-5c03-40a7-9dd3-5ee7fcdb2981,3,1,34,395,100480,474,156,101349,100875,395,741,0,2
43ef5bbb-5c03-40a7-9dd3-5ee7fcdb2981,3,1,35,1003,101248,495,100,102746,102251,1003,454,0,2
43ef5bbb-5c03-40a7-9dd3-5ee7fcdb2981,3,1,36,348,102656,516,313,103520,103004,348,1495,0,2
43ef5bbb-5c03-40a7-9dd3-5ee7fcdb2981,3,1,37,2437,103424,399,48,106260,105861,2437,208,103,2
43ef5bbb-5c03-40a7-9dd3-5ee7fcdb2981,3,1,38,212,106112,504,46,106828,106324,212,201,49,2
43ef5bbb-5c03-40a7-9dd3-5ee7fcdb2981,3,1,39,238,106624,194,44,107056,106862,238,228,0,1
43ef5bbb-5c03-40a7-9dd3-5ee7fcdb2981,3,1,40,228,106880,300,0,107408,107108,228,0,0,1
43ef5bbb-5c03-40a7-9dd3-5ee7fcdb2981,3,1,41,424,107392,168,57,107984,107816,424,266,0,1
43ef5bbb-5c03-40a7-9dd3-5ee7fcdb2981,3,1,42,704,107904,262,99,108870,108608,704,498,102,2
43ef5bbb-5c03-40a7-9dd3-5ee7fcdb2981,3,1,43,236,108672,113,0,109021,108908,236,0,0,1
43ef5bbb-5c03-40a7-9dd3-5ee7fcdb2981,3,1,44,3332,108928,347,87,112607,112260,3332,451,0,2
43ef5bbb-5c03-40a7-9dd3-5ee7fcdb2981,3,1,45,3415,112512,261,77,116188,115927,3415,319,79,2
43ef5bbb-5c03-40a7-9dd3-5ee7fcdb2981,3,1,46,1686,116096,320,123,118102,117782,1686,532,0,2
43ef5bbb-5c03-40a7-9dd3-5ee7fcdb2981,3,1,47,1968,118016,6410,319,126394,119984,1968,1766,55,1
43ef5bbb-5c03-40a7-9dd3-5ee7fcdb2981,3,1,48,243,126208,242,48,126693,126451,243,246,76,2
43ef5bbb-5c03-40a7-9dd3-5ee7fcdb2981,3,1,49,189,126592,147,0,126928,126781,189,0,0,2
43ef5bbb-5c03-40a7-9dd3-5ee7fcdb2981,3,1,50,484,126848,291,0,127623,127332,484,0,0,1
43ef5bbb-5c03-40a7-9dd3-5ee7fcdb2981,3,1,51,178,127488,496,108,128162,127666,178,492,0,2
43ef5bbb-5c03-40a7-9dd3-5ee7fcdb2981,3,1,52,225,128000,1864,0,130089,128225,225,0,58,1
43ef5bbb-5c03-40a7-9dd3-5ee7fcdb2981,3,1,53,210,129920,654,0,130784,130130,210,0,2366,0
46b82e74-e114-4473-b55d-e2c13cfef604,1,1,1,2618,7936,214,0,10768,10554,2618,0,91,2
46b82e74-e114-4473-b55d-e2c13cfef604,1,1,2,2114,10752,207,29,13073,12866,2114,192,0,2
46b82e74-e114-4473-b55d-e2c13cfef604,1,1,3,3003,13056,477,180,16536,16059,3003,936,0,2
46b82e74-e114-4473-b55d-e2c13cfef604,1,1,4,3930,16512,583,207,21025,20442,3930,939,0,4
46b82e74-e114-4473-b55d-e2c13cfef604,1,1,5,7132,20992,4988,616,33112,28124,7132,3026,95,4
46b82e74-e114-4473-b55d-e2c13cfef604,1,1,6,9641,28416,684,61,38741,38057,9641,297,0,4
46b82e74-e114-4473-b55d-e2c13cfef604,1,1,7,4886,38656,484,72,44026,43542,4886,334,0,2
46b82e74-e114-4473-b55d-e2c13cfef604,1,1,8,6439,43904,760,124,51103,50343,6439,518,0,4
46b82e74-e114-4473-b55d-e2c13cfef604,1,1,9,10782,51072,305,124,62159,61854,10782,552,0,2
46b82e74-e114-4473-b55d-e2c13cfef604,1,1,10,20707,62080,719,137,83506,82787,20707,650,0,3
46b82e74-e114-4473-b55d-e2c13cfef604,1,1,11,8197,83456,766,87,92419,91653,8197,421,0,4
46b82e74-e114-4473-b55d-e2c13cfef604,1,1,12,5272,92416,850,152,98538,97688,5272,688,0,4
46b82e74-e114-4473-b55d-e2c13cfef604,1,1,13,8439,98432,1212,220,108083,106871,8439,1090,94,1
46b82e74-e114-4473-b55d-e2c13cfef604,1,1,14,230,107904,168,22,108302,108134,230,107,0,1
46b82e74-e114-4473-b55d-e2c13cfef604,1,1,15,334,108288,891,0,109513,108622,334,0,0,1
46b82e74-e114-4473-b55d-e2c13cfef604,1,1,16,252,109440,225,52,109917,109692,252,236,0,1
46b82e74-e114-4473-b55d-e2c13cfef604,1,1,17,1641,109824,549,158,112014,111465,1641,619,0,2
46b82e74-e114-4473-b55d-e2c13cfef604,1,1,18,945,112000,707,54,113652,112945,945,253,0,1
46b82e74-e114-4473-b55d-e2c13cfef604,1,1,19,264,113536,370,36,114170,113800,264,198,0,2
46b82e74-e114-4473-b55d-e2c13cfef604,1,1,20,3771,114048,547,83,118366,117819,3771,420,0,1
46b82e74-e114-4473-b55d-e2c13cfef604,1,1,21,200,118272,372,58,118844,118472,200,269,0,2
46b82e74-e114-4473-b55d-e2c13cfef604,1,1,22,8823,118784,961,345,128568,127607,8823,1613,0,2
46b82e74-e114-4473-b55d-e2c13cfef604,1,1,23,6568,128512,263,127,135343,135080,6568,591,0,2
46b82e74-e114-4473-b55d-e2c13cfef604,1,1,24,1286,135296,344,85,136926,136582,1286,458,0,2
46b82e74-e114-4473-b55d-e2c13cfef604,1,1,25,416,136832,147,35,137395,137248,416,204,0,1
46b82e74-e114-4473-b55d-e2c13cfef604,1,1,26,1633,137344,136,47,139113,138977,1633,233,0,1
46b82e74-e114-4473-b55d-e2c13cfef604,1,1,27,2815,139008,1258,177,143081,141823,2815,907,0,2
46b82e74-e114-4473-b55d-e2c13cfef604,1,1,28,1848,142976,390,61,145214,144824,1848,315,0,2
46b82e74-e114-4473-b55d-e2c13cfef604,1,1,29,761,145152,336,68,146249,145913,761,306,0,2
46b82e74-e114-4473-b55d-e2c13cfef604,1,1,30,1747,146176,1018,753,148941,147923,1747,4094,0,2
46b82e74-e114-4473-b55d-e2c13cfef604,1,1,31,1861,148864,649,165,151374,150725,1861,738,0,2
46b82e74-e114-4473-b55d-e2c13cfef604,1,1,32,177,151296,189,27,151662,151473,177,135,0,1
46b82e74-e114-4473-b55d-e2c13cfef604,1,1,33,635,151552,353,90,152540,152187,635,447,0,1
46b82e74-e114-4473-b55d-e2c13cfef604,1,1,34,2282,152448,419,50,155149,154730,2282,237,0,1
46b82e74-e114-4473-b55d-e2c13cfef604,1,1,35,138,155136,251,68,155525,155274,138,327,0,1
46b82e74-e114-4473-b55d-e2c13cfef604,1,1,36,839,155520,183,57,156542,156359,839,271,0,1
46b82e74-e114-4473-b55d-e2c13cfef604,1,1,37,554,156416,5419,168,162389,156970,554,832,119,1
46b82e74-e114-4473-b55d-e2c13cfef604,1,1,38,144,162304,447,165,162895,162448,144,705,0,2
46b82e74-e114-4473-b55d-e2c13cfef604,1,1,39,7224,162816,339,112,170379,170040,7224,552,0,2
46b82e74-e114-4473-b55d-e2c13cfef604,1,1,40,1407,170368,96,35,171871,171775,1407,176,0,1
46b82e74-e114-4473-b55d-e2c13cfef604,1,1,41,3116,171776,299,84,175191,174892,3116,391,0,2
46b82e74-e114-4473-b55d-e2c13cfef604,1,1,42,142,175104,1965,120,177211,175246,142,547,0,1
46b82e74-e114-4473-b55d-e2c13cfef604,1,1,43,232,177024,290,54,177546,177256,232,282,0,1
46b82e74-e114-4473-b55d-e2c13cfef604,1,1,44,1001,177536,5499,134,184036,178537,1001,646,96,1
46b82e74-e114-4473-b55d-e2c13cfef604,1,1,45,145,183936,283,45,184364,184081,145,225,0,2
46b82e74-e114-4473-b55d-e2c13cfef604,1,1,46,1396,184320,307,80,186023,185716,1396,353,0,2
46b82e74-e114-4473-b55d-e2c13cfef604,1,1,47,265,185984,260,36,186509,186249,265,134,0,2
46b82e74-e114-4473-b55d-e2c13cfef604,1,1,48,921,186496,8754,120,196171,187417,921,527,117,1
46b82e74-e114-4473-b55d-e2c13cfef604,1,1,49,134,196096,151,44,196381,196230,134,172,0,1
46b82e74-e114-4473-b55d-e2c13cfef604,1,1,50,218,196224,256,46,196698,196442,218,186,0,2
46b82e74-e114-4473-b55d-e2c13cfef604,1,1,51,1683,196608,204,106,198495,198291,1683,415,0,1
46b82e74-e114-4473-b55d-e2c13cfef604,1,1,52,1553,198400,1111,225,201064,199953,1553,1154,104,1
46b82e74-e114-4473-b55d-e2c13cfef604,1,1,53,149,200960,177,49,201286,201109,149,230,0,1
46b82e74-e114-4473-b55d-e2c13cfef604,1,1,54,255,201088,1473,30,202816,201343,255,172,0,1
46b82e74-e114-4473-b55d-e2c13cfef604,1,1,55,237,202624,167,60,203028,202861,237,271,0,1
46b82e74-e114-4473-b55d-e2c13cfef604,1,1,56,209,202880,212,93,203301,203089,209,335,0,1
46b82e74-e114-4473-b55d-e2c13cfef604,1,1,57,197,203264,2109,93,205570,203461,197,380,0,1
46b82e74-e114-4473-b55d-e2c13cfef604,1,1,58,175,205440,141,37,205756,205615,175,153,0,1
46b82e74-e114-4473-b55d-e2c13cfef604,1,1,59,249,205568,1222,110,207039,205817,249,584,0,1
46b82e74-e114-4473-b55d-e2c13cfef604,1,1,60,236,206848,164,34,207248,207084,236,179,0,1
46b82e74-e114-4473-b55d-e2c13cfef604,1,1,61,350,207232,224,25,207806,207582,350,129,0,2
46b82e74-e114-4473-b55d-e2c13cfef604,1,1,62,479,207744,113,0,208336,208223,479,0,0,1
46b82e74-e114-4473-b55d-e2c13cfef604,1,1,63,4675,208256,2753,349,215684,212931,4675,1613,0,1
46b82e74-e114-4473-b55d-e2c13cfef604,1,1,64,177,215552,115,0,215844,215729,177,0,0,1
46b82e74-e114-4473-b55d-e2c13cfef604,1,1,65,197,215680,261,142,216138,215877,197,686,0,1
46b82e74-e114-4473-b55d-e2c13cfef604,1,1,66,235,216064,2638,193,218937,216299,235,793,0,1
46b82e74-e114-4473-b55d-e2c13cfef604,1,1,67,230,218752,114,0,219096,218982,230,0,0,1
46b82e74-e114-4473-b55d-e2c13cfef604,1,1,68,249,218880,161,64,219290,219129,249,337,0,1
46b82e74-e114-4473-b55d-e2c13cfef604,1,1,69,2765,219264,836,88,222865,222029,2765,458,76,1
46b82e74-e114-4473-b55d-e2c13cfef604,1,1,70,188,222720,152,44,223060,222908,188,205,0,1
46b82e74-e114-4473-b55d-e2c13cfef604,1,1,71,242,222848,133,36,223223,223090,242,191,0,1
46b82e74-e114-4473-b55d-e2c13cfef604,1,1,72,2470,223104,645,79,226219,225574,2470,353,0,1
46b82e74-e114-4473-b55d-e2c13cfef604,1,1,73,216,226048,1355,169,227619,226264,216,625,0,1
46b82e74-e114-4473-b55d-e2c13cfef604,1,1,74,208,227456,144,35,227808,227664,208,169,0,1
46b82e74-e114-4473-b55d-e2c13cfef604,1,1,75,158,227712,220,24,228090,227870,158,130,65,2
46b82e74-e114-4473-b55d-e2c13cfef604,1,1,76,943,227968,267,160,229178,228911,943,809,0,1
46b82e74-e114-4473-b55d-e2c13cfef604,1,1,77,4085,229120,3817,582,237022,233205,4085,2609,0,1
46b82e74-e114-4473-b55d-e2c13cfef604,1,1,78,139,236928,11151,189,248218,237067,139,895,107,1
46b82e74-e114-4473-b55d-e2c13cfef604,1,1,79,213,248064,138,0,248415,248277,213,0,0,1
46b82e74-e114-4473-b55d-e2c13cfef604,1,1,80,272,248320,10574,155,259166,248592,272,766,108,1
46b82e74-e114-4473-b55d-e2c13cfef604,1,1,81,1934,259072,322,146,261328,261006,1934,680,0,2
46b82e74-e114-4473-b55d-e2c13cfef604,1,1,82,1479,261248,313,199,263040,262727,1479,928,72,1
46b82e74-e114-4473-b55d-e2c13cfef604,1,1,83,143,262912,10535,0,273590,263055,143,0,0,1
46b82e74-e114-4473-b55d-e2c13cfef604,1,1,84,241,273408,148,0,273797,273649,241,0,0,1
46b82e74-e114-4473-b55d-e2c13cfef604,1,1,85,190,273792,2800,152,276782,273982,190,634,0,1
46b82e74-e114-4473-b55d-e2c13cfef604,1,1,86,219,276608,177,44,277004,276827,219,215,0,1
46b82e74-e114-4473-b55d-e2c13cfef604,1,1,87,198,276864,258,48,277320,277062,198,200,0,1
46b82e74-e114-4473-b55d-e2c13cfef604,1,1,88,232,277120,4568,64,281920,277352,232,233,0,1
46b82e74-e114-4473-b55d-e2c13cfef604,1,1,89,220,281728,333,136,282281,281948,220,630,0,1
46b82e74-e114-4473-b55d-e2c13cfef604,1,1,90,227,282112,2140,256,284479,282339,227,1225,0,1
46b82e74-e114-4473-b55d-e2c13cfef604,1,1,91,219,284288,1561,49,286068,284507,219,243,0,1
46b82e74-e114-4473-b55d-e2c13cfef604,1,1,92,137,285952,9993,47,296082,286089,137,240,0,1
46b82e74-e114-4473-b55d-e2c13cfef604,1,1,93,206,295936,94,13,296236,296142,206,60,0,1
46b82e74-e114-4473-b55d-e2c13cfef604,1,1,94,194,296192,110,0,296496,296386,194,0,0,1
46b82e74-e114-4473-b55d-e2c13cfef604,1,1,95,237,296320,9970,22,306527,296557,237,91,0,1
46b82e74-e114-4473-b55d-e2c13cfef604,1,1,96,154,306432,179,76,306765,306586,154,380,0,1
46b82e74-e114-4473-b55d-e2c13cfef604,1,1,97,235,306560,9902,161,316697,306795,235,817,72,1
46b82e74-e114-4473-b55d-e2c13cfef604,1,1,98,212,316544,241,155,316997,316756,212,690,0,1
46b82e74-e114-4473-b55d-e2c13cfef604,1,1,99,225,316800,280,146,317305,317025,225,743,0,1
46b82e74-e114-4473-b55d-e2c13cfef604,1,1,100,731,317184,485,281,318400,317915,731,1219,0,2
46b82e74-e114-4473-b55d-e2c13cfef604,1,1,101,652,318336,1861,125,320849,318988,652,528,0,1
46b82e74-e114-4473-b55d-e2c13cfef604,1,1,102,226,320640,492,62,321358,320866,226,322,0,1
46b82e74-e114-4473-b55d-e2c13cfef604,1,1,103,250,321152,903,143,322305,321402,250,719,0,1
46b82e74-e114-4473-b55d-e2c13cfef604,1,1,104,146,322176,154,37,322476,322322,146,183,0,1
46b82e74-e114-4473-b55d-e2c13cfef604,1,1,105,885,322432,1284,70,324601,323317,885,340,0,1
46b82e74-e114-4473-b55d-e2c13cfef604,1,1,106,164,324480,305,0,324949,324644,164,0,0,1
46b82e74-e114-4473-b55d-e2c13cfef604,1,1,107,210,324864,707,0,325781,325074,210,0,2829,0
46b82e74-e114-4473-b55d-e2c13cfef604,1,2,1,1032,325760,678,374,327470,326792,1032,1854,103,2
46b82e74-e114-4473-b55d-e2c13cfef604,1,2,2,3138,327424,492,40,331054,330562,3138,201,0,1
46b82e74-e114-4473-b55d-e2c13cfef604,1,2,3,234,330880,97,0,331211,331114,234,0,0,1
46b82e74-e114-4473-b55d-e2c13cfef604,1,2,4,844,331136,1653,0,333633,331980,844,0,0,1
46b82e74-e114-4473-b55d-e2c13cfef604,1,2,5,238,333440,168,46,333846,333678,238,233,0,1
46b82e74-e114-4473-b55d-e2c13cfef604,1,2,6,241,333696,97,0,334034,333937,241,0,0,1
46b82e74-e114-4473-b55d-e2c13cfef604,1,2,7,521,333952,378,0,334851,334473,521,0,0,1
46b82e74-e114-4473-b55d-e2c13cfef604,1,2,8,176,334720,205,53,335101,334896,176,278,0,1
46b82e74-e114-4473-b55d-e2c13cfef604,1,2,9,714,334976,1436,132,337126,335690,714,602,0,1
46b82e74-e114-4473-b55d-e2c13cfef604,1,2,10,259,336896,345,138,337500,337155,259,654,0,1
46b82e74-e114-4473-b55d-e2c13cfef604,1,2,11,149,337408,570,95,338127,337557,149,436,0,1
46b82e74-e114-4473-b55d-e2c13cfef604,1,2,12,241,337920,943,0,339104,338161,241,0,0,1
46b82e74-e114-4473-b55d-e2c13cfef604,1,2,13,203,338944,535,0,339682,339147,203,0,2224,0
46b82e74-e114-4473-b55d-e2c13cfef604,1,3,1,1092,339584,420,176,341096,340676,1092,841,112,2
46b82e74-e114-4473-b55d-e2c13cfef604,1,3,2,5084,340992,1399,164,347475,346076,5084,738,0,1
46b82e74-e114-4473-b55d-e2c13cfef604,1,3,3,930,347392,121,24,348443,348322,930,103,0,1
46b82e74-e114-4473-b55d-e2c13cfef604,1,3,4,335,348416,1237,0,349988,348751,335,0,0,1
46b82e74-e114-4473-b55d-e2c13cfef604,1,3,5,209,349824,166,69,350199,350033,209,309,0,1
46b82e74-e114-4473-b55d-e2c13cfef604,1,3,6,542,350080,856,0,351478,350622,542,0,0,1
46b82e74-e114-4473-b55d-e2c13cfef604,1,3,7,163,351360,137,40,351660,351523,163,205,0,1
46b82e74-e114-4473-b55d-e2c13cfef604,1,3,8,348,351616,631,0,352595,351964,348,0,0,1
46b82e74-e114-4473-b55d-e2c13cfef604,1,3,9,256,352384,148,0,352788,352640,256,0,0,1
46b82e74-e114-4473-b55d-e2c13cfef604,1,3,10,621,352768,188,73,353577,353389,621,336,0,1
46b82e74-e114-4473-b55d-e2c13cfef604,1,3,11,347,353536,495,0,354378,353883,347,0,0,1
46b82e74-e114-4473-b55d-e2c13cfef604,1,3,12,247,354176,211,0,354634,354423,247,0,0,1
46b82e74-e114-4473-b55d-e2c13cfef604,1,3,13,214,354560,159,67,354933,354774,214,281,0,1
46b82e74-e114-4473-b55d-e2c13cfef604,1,3,14,166,354816,97,0,355079,354982,166,0,0,1
46b82e74-e114-4473-b55d-e2c13cfef604,1,3,15,253,355072,407,0,355732,355325,253,0,0,1
46b82e74-e114-4473-b55d-e2c13cfef604,1,3,16,193,355584,156,0,355933,355777,193,0,0,1
46b82e74-e114-4473-b55d-e2c13cfef604,1,3,17,316,355840,1107,46,357263,356156,316,236,0,1
46b82e74-e114-4473-b55d-e2c13cfef604,1,3,18,186,357120,563,0,357869,357306,186,0,2307,0
46b82e74-e114-4473-b55d-e2c13cfef604,1,4,1,1761,357760,466,356,359987,359521,1761,1627,102,1
46b82e74-e114-4473-b55d-e2c13cfef604,1,4,2,1509,359936,1519,80,362964,361445,1509,423,0,1
46b82e74-e114-4473-b55d-e2c13cfef604,1,4,3,865,362880,241,100,363986,363745,865,405,0,1
46b82e74-e114-4473-b55d-e2c13cfef604,1,4,4,237,363776,105,0,364118,364013,237,0,0,1
46b82e74-e114-4473-b55d-e2c13cfef604,1,4,5,204,364032,436,0,364672,364236,204,0,0,1
46b82e74-e114-4473-b55d-e2c13cfef604,1,4,6,173,364544,95,0,364812,364717,173,0,0,1
46b82e74-e114-4473-b55d-e2c13cfef604,1,4,7,586,364800,1427,89,366813,365386,586,406,0,1
46b82e74-e114-4473-b55d-e2c13cfef604,1,4,8,138,366720,358,0,367216,366858,138,0,0,1
46b82e74-e114-4473-b55d-e2c13cfef604,1,4,9,134,367104,233,134,367471,367238,134,632,0,1
46b82e74-e114-4473-b55d-e2c13cfef604,1,4,10,261,367232,104,0,367597,367493,261,0,0,1
46b82e74-e114-4473-b55d-e2c13cfef604,1,4,11,173,367488,93,0,367754,367661,173,0,0,1
46b82e74-e114-4473-b55d-e2c13cfef604,1,4,12,251,367744,356,0,368351,367995,251,0,0,1
46b82e74-e114-4473-b55d-e2c13cfef604,1,4,13,155,368256,97,0,368508,368411,155,0,0,1
46b82e74-e114-4473-b55d-e2c13cfef604,1,4,14,378,368384,356,0,369118,368762,378,0,0,1
46b82e74-e114-4473-b55d-e2c13cfef604,1,4,15,139,369024,199,0,369362,369163,139,0,0,1
46b82e74-e114-4473-b55d-e2c13cfef604,1,4,16,323,369280,148,53,369751,369603,323,272,0,1
46b82e74-e114-4473-b55d-e2c13cfef604,1,4,17,282,369664,550,0,370496,369946,282,0,0,1
46b82e74-e114-4473-b55d-e2c13cfef604,1,4,18,237,370304,108,0,370649,370541,237,0,0,1
46b82e74-e114-4473-b55d-e2c13cfef604,1,4,19,627,370560,1169,26,372356,371187,627,132,0,1
46b82e74-e114-4473-b55d-e2c13cfef604,1,4,20,175,372224,106,0,372505,372399,175,0,0,1
46b82e74-e114-4473-b55d-e2c13cfef604,1,4,21,195,372352,483,0,373030,372547,195,0,2133,0
488c117a-eb10-4b07-a2c5-aa16a6a495af,2,1,1,2763,7936,287,102,10986,10699,2763,477,0,2
488c117a-eb10-4b07-a2c5-aa16a6a495af,2,1,2,5161,10880,451,227,16492,16041,5161,863,0,2
488c117a-eb10-4b07-a2c5-aa16a6a495af,2,1,3,1912,16384,641,233,18937,18296,1912,848,0,3
488c117a-eb10-4b07-a2c5-aa16a6a495af,2,1,4,470,18816,426,257,19712,19286,470,997,0,1
488c117a-eb10-4b07-a2c5-aa16a6a495af,2,1,5,855,19712,461,194,21028,20567,855,777,0,3
488c117a-eb10-4b07-a2c5-aa16a6a495af,2,1,6,6538,20992,846,430,28376,27530,6538,1501,0,2
488c117a-eb10-4b07-a2c5-aa16a6a495af,2,1,7,220,28288,704,254,29212,28508,220,974,0,2
488c117a-eb10-4b07-a2c5-aa16a6a495af,2,1,8,552,29184,880,609,30616,29736,552,2165,0,2
488c117a-eb10-4b07-a2c5-aa16a6a495af,2,1,9,1942,30592,701,408,33235,32534,1942,1650,0,2
488c117a-eb10-4b07-a2c5-aa16a6a495af,2,1,10,727,33152,270,57,34149,33879,727,228,0,2
488c117a-eb10-4b07-a2c5-aa16a6a495af,2,1,11,2428,34048,405,140,36881,36476,2428,530,0,2
488c117a-eb10-4b07-a2c5-aa16a6a495af,2,1,12,3296,36864,624,405,40784,40160,3296,1658,0,2
488c117a-eb10-4b07-a2c5-aa16a6a495af,2,1,13,932,40704,912,513,42548,41636,932,1911,0,2
488c117a-eb10-4b07-a2c5-aa16a6a495af,2,1,14,4146,42496,652,269,47294,46642,4146,1077,0,2
488c117a-eb10-4b07-a2c5-aa16a6a495af,2,1,15,1348,47232,935,656,49515,48580,1348,2599,0,2
488c117a-eb10-4b07-a2c5-aa16a6a495af,2,1,16,1977,49408,674,528,52059,51385,1977,2088,0,2
488c117a-eb10-4b07-a2c5-aa16a6a495af,2,1,17,3040,51968,154,59,55162,55008,3040,265,0,1
488c117a-eb10-4b07-a2c5-aa16a6a495af,2,1,18,1979,55040,155,14,57174,57019,1979,46,0,2
488c117a-eb10-4b07-a2c5-aa16a6a495af,2,1,19,3104,57088,840,359,61032,60192,3104,1315,0,2
488c117a-eb10-4b07-a2c5-aa16a6a495af,2,1,20,1088,60928,510,313,62526,62016,1088,1267,0,2
488c117a-eb10-4b07-a2c5-aa16a6a495af,2,1,21,631,62464,620,366,63715,63095,631,1413,0,2
488c117a-eb10-4b07-a2c5-aa16a6a495af,2,1,22,969,63616,1073,623,65658,64585,969,2524,0,2
488c117a-eb10-4b07-a2c5-aa16a6a495af,2,1,23,223,65536,835,641,66594,65759,223,2453,0,2
488c117a-eb10-4b07-a2c5-aa16a6a495af,2,1,24,798,66560,907,677,68265,67358,798,2584,0,2
488c117a-eb10-4b07-a2c5-aa16a6a495af,2,1,25,2339,68224,985,709,71548,70563,2339,2875,0,2
488c117a-eb10-4b07-a2c5-aa16a6a495af,2,1,26,2704,71424,555,331,74683,74128,2704,1257,0,2
488c117a-eb10-4b07-a2c5-aa16a6a495af,2,1,27,977,74624,631,227,76232,75601,977,885,0,3
488c117a-eb10-4b07-a2c5-aa16a6a495af,2,1,28,3234,76160,822,345,80216,79394,3234,1336,0,2
488c117a-eb10-4b07-a2c5-aa16a6a495af,2,1,29,257,80000,272,82,80529,80257,257,274,0,2
488c117a-eb10-4b07-a2c5-aa16a6a495af,2,1,30,1543,80512,833,403,82888,82055,1543,1742,0,2
488c117a-eb10-4b07-a2c5-aa16a6a495af,2,1,31,1679,82816,621,410,85116,84495,1679,1552,0,2
488c117a-eb10-4b07-a2c5-aa16a6a495af,2,1,32,2873,84992,886,288,88751,87865,2873,1122,0,2
488c117a-eb10-4b07-a2c5-aa16a6a495af,2,1,33,682,88704,557,182,89943,89386,682,770,0,2
488c117a-eb10-4b07-a2c5-aa16a6a495af,2,1,34,2296,89856,1185,879,93337,92152,2296,3434,0,2
488c117a-eb10-4b07-a2c5-aa16a6a495af,2,1,35,959,93312,808,312,95079,94271,959,1189,0,2
488c117a-eb10-4b07-a2c5-aa16a6a495af,2,1,36,500,94976,324,70,95800,95476,500,298,0,2
488c117a-eb10-4b07-a2c5-aa16a6a495af,2,1,37,3589,95744,580,253,99913,99333,3589,996,0,2
488c117a-eb10-4b07-a2c5-aa16a6a495af,2,1,38,3177,99840,695,475,103712,103017,3177,1909,0,2
488c117a-eb10-4b07-a2c5-aa16a6a495af,2,1,39,9989,103680,935,633,114604,113669,9989,2440,0,2
488c117a-eb10-4b07-a2c5-aa16a6a495af,2,1,40,645,114560,597,393,115802,115205,645,1461,0,2
488c117a-eb10-4b07-a2c5-aa16a6a495af,2,1,41,6210,115712,629,314,122551,121922,6210,1253,0,2
488c117a-eb10-4b07-a2c5-aa16a6a495af,2,1,42,1483,122496,1262,1090,125241,123979,1483,4261,0,1
488c117a-eb10-4b07-a2c5-aa16a6a495af,2,1,43,697,125184,338,134,126219,125881,697,530,0,3
488c117a-eb10-4b07-a2c5-aa16a6a495af,2,1,44,5190,126208,7810,2075,139208,131398,5190,7435,59,1
488c117a-eb10-4b07-a2c5-aa16a6a495af,2,1,45,256,139008,296,23,139560,139264,256,103,0,2
488c117a-eb10-4b07-a2c5-aa16a6a495af,2,1,46,229,139392,1254,304,140875,139621,229,1209,0,1
488c117a-eb10-4b07-a2c5-aa16a6a495af,2,1,47,245,140672,1832,82,142749,140917,245,318,0,2
488c117a-eb10-4b07-a2c5-aa16a6a495af,2,1,48,237,142592,84,0,142913,142829,237,0,0,1
488c117a-eb10-4b07-a2c5-aa16a6a495af,2,1,49,218,142720,296,202,143234,142938,218,703,0,1
488c117a-eb10-4b07-a2c5-aa16a6a495af,2,1,50,3546,143232,1941,73,148719,146778,3546,232,0,2
488c117a-eb10-4b07-a2c5-aa16a6a495af,2,1,51,191,148608,84,0,148883,148799,191,0,0,1
488c117a-eb10-4b07-a2c5-aa16a6a495af,2,1,52,172,148736,131,37,149039,148908,172,115,0,1
488c117a-eb10-4b07-a2c5-aa16a6a495af,2,1,53,1777,148992,1910,307,152679,150769,1777,1109,0,3
488c117a-eb10-4b07-a2c5-aa16a6a495af,2,1,54,221,152576,1312,43,154109,152797,221,133,0,2
488c117a-eb10-4b07-a2c5-aa16a6a495af,2,1,55,205,153984,83,0,154272,154189,205,0,0,1
488c117a-eb10-4b07-a2c5-aa16a6a495af,2,1,56,185,154112,1550,174,155847,154297,185,512,0,2
488c117a-eb10-4b07-a2c5-aa16a6a495af,2,1,57,151,155776,102,0,156029,155927,151,0,0,1
488c117a-eb10-4b07-a2c5-aa16a6a495af,2,1,58,152,155904,219,106,156275,156056,152,493,0,1
488c117a-eb10-4b07-a2c5-aa16a6a495af,2,1,59,154,156160,1413,0,157727,156314,154,0,0,1
488c117a-eb10-4b07-a2c5-aa16a6a495af,2,1,60,199,157568,182,0,157949,157767,199,0,0,1
488c117a-eb10-4b07-a2c5-aa16a6a495af,2,1,61,153,157824,986,0,158963,157977,153,0,3655,0
4b196287-db27-4f90-9ecc-72e329e450d8,2,1,1,3313,7936,188,0,11437,11249,3313,0,60,2
4b196287-db27-4f90-9ecc-72e329e450d8,2,1,2,1767,11392,230,78,13389,13159,1767,306,0,2
4b196287-db27-4f90-9ecc-72e329e450d8,2,1,3,2543,13312,1952,1730,17807,15855,2543,6540,0,2
4b196287-db27-4f90-9ecc-72e329e450d8,2,1,4,2798,17792,5243,145,25833,20590,2798,552,0,4
4b196287-db27-4f90-9ecc-72e329e450d8,2,1,5,239,25728,358,52,26325,25967,239,212,67,3
4b196287-db27-4f90-9ecc-72e329e450d8,2,1,6,3010,26240,287,107,29537,29250,3010,424,0,2
4b196287-db27-4f90-9ecc-72e329e450d8,2,1,7,10078,29440,759,452,40277,39518,10078,1689,0,2
4b196287-db27-4f90-9ecc-72e329e450d8,2,1,8,4979,40192,1094,654,46265,45171,4979,2642,0,2
4b196287-db27-4f90-9ecc-72e329e450d8,2,1,9,706,46208,1110,876,48024,46914,706,3221,0,2
4b196287-db27-4f90-9ecc-72e329e450d8,2,1,10,11637,48000,781,313,60418,59637,11637,1224,0,2
4b196287-db27-4f90-9ecc-72e329e450d8,2,1,11,2585,60416,563,103,63564,63001,2585,422,0,2
4b196287-db27-4f90-9ecc-72e329e450d8,2,1,12,1188,63488,520,59,65196,64676,1188,221,0,2
4b196287-db27-4f90-9ecc-72e329e450d8,2,1,13,796,65152,234,58,66182,65948,796,222,0,2
4b196287-db27-4f90-9ecc-72e329e450d8,2,1,14,2228,66176,211,71,68615,68404,2228,305,0,1
4b196287-db27-4f90-9ecc-72e329e450d8,2,1,15,1736,68608,470,189,70814,70344,1736,729,0,2
4b196287-db27-4f90-9ecc-72e329e450d8,2,1,16,1618,70784,312,88,72714,72402,1618,341,0,2
4b196287-db27-4f90-9ecc-72e329e450d8,2,1,17,1775,72704,231,31,74710,74479,1775,91,0,2
4b196287-db27-4f90-9ecc-72e329e450d8,2,1,18,1776,74624,1298,931,77698,76400,1776,3421,0,2
4b196287-db27-4f90-9ecc-72e329e450d8,2,1,19,147,77696,643,268,78486,77843,147,1123,0,2
4b196287-db27-4f90-9ecc-72e329e450d8,2,1,20,225,78464,523,302,79212,78689,225,1180,0,2
4b196287-db27-4f90-9ecc-72e329e450d8,2,1,21,1389,79104,233,33,80726,80493,1389,128,0,2
4b196287-db27-4f90-9ecc-72e329e450d8,2,1,22,3217,80640,1039,587,84896,83857,3217,2428,0,2
4b196287-db27-4f90-9ecc-72e329e450d8,2,1,23,999,84864,621,164,86484,85863,999,588,0,2
4b196287-db27-4f90-9ecc-72e329e450d8,2,1,24,334,86400,409,149,87143,86734,334,657,0,2
4b196287-db27-4f90-9ecc-72e329e450d8,2,1,25,4404,87040,1233,744,92677,91444,4404,2950,0,2
4b196287-db27-4f90-9ecc-72e329e450d8,2,1,26,245,92544,456,157,93245,92789,245,616,0,2
4b196287-db27-4f90-9ecc-72e329e450d8,2,1,27,182,93184,1607,1153,94973,93366,182,4774,0,2
4b196287-db27-4f90-9ecc-72e329e450d8,2,1,28,668,94848,1142,538,96658,95516,668,1927,0,2
4b196287-db27-4f90-9ecc-72e329e450d8,2,1,29,295,96640,496,197,97431,96935,295,783,0,2
4b196287-db27-4f90-9ecc-72e329e450d8,2,1,30,187,97408,709,407,98304,97595,187,1674,0,2
4b196287-db27-4f90-9ecc-72e329e450d8,2,1,31,1222,98304,932,370,100458,99526,1222,1374,0,2
4b196287-db27-4f90-9ecc-72e329e450d8,2,1,32,247,100352,584,266,101183,100599,247,995,0,2
4b196287-db27-4f90-9ecc-72e329e450d8,2,1,33,330,101120,6089,2452,107539,101450,330,9865,65,1
4b196287-db27-4f90-9ecc-72e329e450d8,2,1,34,185,107392,761,408,108338,107577,185,1495,0,2
4b196287-db27-4f90-9ecc-72e329e450d8,2,1,35,907,108288,439,183,109634,109195,907,737,0,1
4b196287-db27-4f90-9ecc-72e329e450d8,2,1,36,202,109568,230,27,110000,109770,202,121,0,1
4b196287-db27-4f90-9ecc-72e329e450d8,2,1,37,383,109952,248,73,110583,110335,383,326,0,1
4b196287-db27-4f90-9ecc-72e329e450d8,2,1,38,380,110464,135,45,110979,110844,380,202,0,1
4b196287-db27-4f90-9ecc-72e329e450d8,2,1,39,602,110976,639,158,112217,111578,602,611,0,1
4b196287-db27-4f90-9ecc-72e329e450d8,2,1,40,241,112000,536,222,112777,112241,241,876,0,2
4b196287-db27-4f90-9ecc-72e329e450d8,2,1,41,247,112640,746,330,113633,112887,247,1301,0,2
4b196287-db27-4f90-9ecc-72e329e450d8,2,1,42,2862,113536,326,214,116724,116398,2862,910,0,1
4b196287-db27-4f90-9ecc-72e329e450d8,2,1,43,181,116608,291,186,117080,116789,181,750,0,1
4b196287-db27-4f90-9ecc-72e329e450d8,2,1,44,383,116992,576,298,117951,117375,383,1204,0,1
4b196287-db27-4f90-9ecc-72e329e450d8,2,1,45,192,117888,1293,900,119373,118080,192,3697,0,2
4b196287-db27-4f90-9ecc-72e329e450d8,2,1,46,435,119296,577,375,120308,119731,435,1558,0,1
4b196287-db27-4f90-9ecc-72e329e450d8,2,1,47,218,120192,1008,652,121418,120410,218,2422,0,1
4b196287-db27-4f90-9ecc-72e329e450d8,2,1,48,170,121344,456,199,121970,121514,170,795,0,2
4b196287-db27-4f90-9ecc-72e329e450d8,2,1,49,494,121856,480,268,122830,122350,494,947,0,1
4b196287-db27-4f90-9ecc-72e329e450d8,2,1,50,174,122752,1025,748,123951,122926,174,3172,0,2
4b196287-db27-4f90-9ecc-72e329e450d8,2,1,51,1847,123904,559,381,126310,125751,1847,1668,0,2
4b196287-db27-4f90-9ecc-72e329e450d8,2,1,52,3370,126208,780,540,130358,129578,3370,2007,0,2
4b196287-db27-4f90-9ecc-72e329e450d8,2,1,53,2022,130304,839,424,133165,132326,2022,1413,0,2
4b196287-db27-4f90-9ecc-72e329e450d8,2,1,54,249,133120,306,203,133675,133369,249,767,0,2
4b196287-db27-4f90-9ecc-72e329e450d8,2,1,55,229,133632,571,282,134432,133861,229,1171,0,2
4b196287-db27-4f90-9ecc-72e329e450d8,2,1,56,1228,134400,783,483,136411,135628,1228,1794,0,1
4b196287-db27-4f90-9ecc-72e329e450d8,2,1,57,158,136320,172,41,136650,136478,158,179,0,1
4b196287-db27-4f90-9ecc-72e329e450d8,2,1,58,289,136576,342,114,137207,136865,289,465,0,1
4b196287-db27-4f90-9ecc-72e329e450d8,2,1,59,511,137088,1094,773,138693,137599,511,3140,0,2
4b196287-db27-4f90-9ecc-72e329e450d8,2,1,60,434,138624,808,399,139866,139058,434,1370,0,2
4b196287-db27-4f90-9ecc-72e329e450d8,2,1,61,279,139776,745,581,140800,140055,279,2266,0,1
4b196287-db27-4f90-9ecc-72e329e450d8,2,1,62,160,140672,374,139,141206,140832,160,530,0,1
4b196287-db27-4f90-9ecc-72e329e450d8,2,1,63,237,141056,253,84,141546,141293,237,329,0,1
4b196287-db27-4f90-9ecc-72e329e450d8,2,1,64,255,141312,1304,837,142871,141567,255,3161,0,2
4b196287-db27-4f90-9ecc-72e329e450d8,2,1,65,181,142720,9486,121,152387,142901,181,547,65,1
4b196287-db27-4f90-9ecc-72e329e450d8,2,1,66,251,152192,399,132,152842,152443,251,445,0,2
4b196287-db27-4f90-9ecc-72e329e450d8,2,1,67,248,152704,692,493,153644,152952,248,1923,0,1
4b196287-db27-4f90-9ecc-72e329e450d8,2,1,68,214,153472,380,259,154066,153686,214,918,0,2
4b196287-db27-4f90-9ecc-72e329e450d8,2,1,69,1221,153984,7450,271,162655,155205,1221,1085,103,1
4b196287-db27-4f90-9ecc-72e329e450d8,2,1,70,151,162560,226,74,162937,162711,151,266,0,1
4b196287-db27-4f90-9ecc-72e329e450d8,2,1,71,163,162816,142,0,163121,162979,163,0,0,1
4b196287-db27-4f90-9ecc-72e329e450d8,2,1,72,249,162944,264,60,163457,163193,249,213,0,1
4b196287-db27-4f90-9ecc-72e329e450d8,2,1,73,1483,163456,154,62,165093,164939,1483,250,0,1
4b196287-db27-4f90-9ecc-72e329e450d8,2,1,74,2879,164992,591,321,168462,167871,2879,1126,0,1
4b196287-db27-4f90-9ecc-72e329e450d8,2,1,75,206,168320,664,371,169190,168526,206,1324,0,2
4b196287-db27-4f90-9ecc-72e329e450d8,2,1,76,2859,169088,406,287,172353,171947,2859,1144,0,1
4b196287-db27-4f90-9ecc-72e329e450d8,2,1,77,299,172288,4970,2707,177557,172587,299,11031,103,1
4b196287-db27-4f90-9ecc-72e329e450d8,2,1,78,191,177408,1768,20,179367,177599,191,74,0,1
4b196287-db27-4f90-9ecc-72e329e450d8,2,1,79,209,179200,947,206,180356,179409,209,816,0,1
4b196287-db27-4f90-9ecc-72e329e450d8,2,1,80,174,180224,138,17,180536,180398,174,73,0,1
4b196287-db27-4f90-9ecc-72e329e450d8,2,1,81,213,180352,479,244,181044,180565,213,923,0,1
4b196287-db27-4f90-9ecc-72e329e450d8,2,1,82,194,180992,10118,1256,191304,181186,194,4164,139,1
4b196287-db27-4f90-9ecc-72e329e450d8,2,1,83,256,191104,151,30,191511,191360,256,107,0,1
4b196287-db27-4f90-9ecc-72e329e450d8,2,1,84,180,191360,632,430,192172,191540,180,1771,0,1
4b196287-db27-4f90-9ecc-72e329e450d8,2,1,85,201,192000,9200,482,201401,192201,201,1902,86,1
4b196287-db27-4f90-9ecc-72e329e450d8,2,1,86,241,201216,219,10,201676,201457,241,47,0,1
4b196287-db27-4f90-9ecc-72e329e450d8,2,1,87,232,201472,1693,1585,203397,201704,232,6269,79,1
4b196287-db27-4f90-9ecc-72e329e450d8,2,1,88,148,203264,8258,0,211670,203412,148,0,0,1
4b196287-db27-4f90-9ecc-72e329e450d8,2,1,89,1730,211584,289,80,213603,213314,1730,324,0,1
4b196287-db27-4f90-9ecc-72e329e450d8,2,1,90,255,213376,246,0,213877,213631,255,0,0,1
4b196287-db27-4f90-9ecc-72e329e450d8,2,1,91,159,213760,158,62,214077,213919,159,258,0,1
4b196287-db27-4f90-9ecc-72e329e450d8,2,1,92,313,214016,319,0,214648,214329,313,0,0,1
4b196287-db27-4f90-9ecc-72e329e450d8,2,1,93,162,214528,234,0,214924,214690,162,0,0,1
4b196287-db27-4f90-9ecc-72e329e450d8,2,1,94,182,214784,461,343,215427,214966,182,1448,0,1
4b196287-db27-4f90-9ecc-72e329e450d8,2,1,95,205,215424,156,37,215785,215629,205,149,0,1
4b196287-db27-4f90-9ecc-72e329e450d8,2,1,96,4550,215680,5486,3018,225716,220230,4550,12267,83,1
4b196287-db27-4f90-9ecc-72e329e450d8,2,1,97,222,225536,1541,0,227299,225758,222,0,0,1
4b196287-db27-4f90-9ecc-72e329e450d8,2,1,98,141,227200,551,124,227892,227341,141,476,0,1
4b196287-db27-4f90-9ecc-72e329e450d8,2,1,99,222,227712,661,70,228595,227934,222,288,0,2
4b196287-db27-4f90-9ecc-72e329e450d8,2,1,100,396,228480,1562,955,230438,228876,396,3719,0,1
4b196287-db27-4f90-9ecc-72e329e450d8,2,1,101,511,230400,537,38,231448,230911,511,160,0,1
4b196287-db27-4f90-9ecc-72e329e450d8,2,1,102,381,231424,136,40,231941,231805,381,139,0,1
4b196287-db27-4f90-9ecc-72e329e450d8,2,1,103,164,231808,308,196,232280,231972,164,777,0,1
4b196287-db27-4f90-9ecc-72e329e450d8,2,1,104,300,232192,1776,1654,234268,232492,300,5328,0,1
4b196287-db27-4f90-9ecc-72e329e450d8,2,1,105,1890,234240,789,695,236919,236130,1890,2963,0,1
4b196287-db27-4f90-9ecc-72e329e450d8,2,1,106,1035,236800,207,74,238042,237835,1035,314,0,1
4b196287-db27-4f90-9ecc-72e329e450d8,2,1,107,135,237952,1719,552,239806,238087,135,2154,0,2
4b196287-db27-4f90-9ecc-72e329e450d8,2,1,108,246,239616,738,38,240600,239862,246,154,2574,0
4b196287-db27-4f90-9ecc-72e329e450d8,2,2,1,1228,240512,344,223,242084,241740,1228,764,80,1
4b196287-db27-4f90-9ecc-72e329e450d8,2,2,2,1692,242048,127,37,243867,243740,1692,171,0,1
4b196287-db27-4f90-9ecc-72e329e450d8,2,2,3,2785,243840,1846,1086,248471,246625,2785,3448,0,2
4b196287-db27-4f90-9ecc-72e329e450d8,2,2,4,451,248448,3396,1503,252295,248899,451,5437,88,1
4b196287-db27-4f90-9ecc-72e329e450d8,2,2,5,177,252160,1490,0,253827,252337,177,0,0,1
4b196287-db27-4f90-9ecc-72e329e450d8,2,2,6,173,253696,1148,534,255017,253869,173,1873,0,1
4b196287-db27-4f90-9ecc-72e329e450d8,2,2,7,211,254848,326,119,255385,255059,211,567,0,1
4b196287-db27-4f90-9ecc-72e329e450d8,2,2,8,204,255360,429,335,255993,255564,204,1496,0,1
4b196287-db27-4f90-9ecc-72e329e450d8,2,2,9,2210,255872,170,64,258252,258082,2210,266,0,1
4b196287-db27-4f90-9ecc-72e329e450d8,2,2,10,232,258048,1142,0,259422,258280,232,0,0,2
4b196287-db27-4f90-9ecc-72e329e450d8,2,2,11,150,259328,790,45,260268,259478,150,205,2845,0
4c7b0eb7-ce4e-4ce2-9f59-753903f97546,3,1,1,3111,7936,585,105,11632,11047,3111,489,118,4
4c7b0eb7-ce4e-4ce2-9f59-753903f97546,3,1,2,2020,11520,939,460,14479,13540,2020,1867,118,1
4c7b0eb7-ce4e-4ce2-9f59-753903f97546,3,1,3,328,14464,523,143,15315,14792,328,661,0,2
4c7b0eb7-ce4e-4ce2-9f59-753903f97546,3,1,4,447,15232,450,180,16129,15679,447,820,103,1
4c7b0eb7-ce4e-4ce2-9f59-753903f97546,3,1,5,165,16000,327,82,16492,16165,165,368,115,1
4c7b0eb7-ce4e-4ce2-9f59-753903f97546,3,1,6,152,16384,436,177,16972,16536,152,712,0,1
4c7b0eb7-ce4e-4ce2-9f59-753903f97546,3,1,7,161,16896,756,283,17813,17057,161,1134,136,1
4c7b0eb7-ce4e-4ce2-9f59-753903f97546,3,1,8,179,17792,260,18,18231,17971,179,75,0,1
4c7b0eb7-ce4e-4ce2-9f59-753903f97546,3,1,9,407,18176,438,172,19021,18583,407,652,144,1
4c7b0eb7-ce4e-4ce2-9f59-753903f97546,3,1,10,374,18944,1057,739,20375,19318,374,2878,133,2
4c7b0eb7-ce4e-4ce2-9f59-753903f97546,3,1,11,1015,20352,613,150,21980,21367,1015,616,138,2
4c7b0eb7-ce4e-4ce2-9f59-753903f97546,3,1,12,16162,21888,1330,945,39380,38050,16162,3662,152,2
4c7b0eb7-ce4e-4ce2-9f59-753903f97546,3,1,13,48472,39296,4511,1597,92279,87768,48472,6101,204,4
4c7b0eb7-ce4e-4ce2-9f59-753903f97546,3,1,14,207,92160,1508,599,93875,92367,207,2573,160,1
4c7b0eb7-ce4e-4ce2-9f59-753903f97546,3,1,15,198,93696,886,226,94780,93894,198,828,112,1
4c7b0eb7-ce4e-4ce2-9f59-753903f97546,3,1,16,169,94720,1212,608,96101,94889,169,2387,169,1
4c7b0eb7-ce4e-4ce2-9f59-753903f97546,3,1,17,391,96000,1219,396,97610,96391,391,1544,122,2
4c7b0eb7-ce4e-4ce2-9f59-753903f97546,3,1,18,465,97536,1028,477,99029,98001,465,1832,0,2
4c7b0eb7-ce4e-4ce2-9f59-753903f97546,3,1,19,1050,98944,1080,571,101074,99994,1050,2267,0,2
4c7b0eb7-ce4e-4ce2-9f59-753903f97546,3,1,20,1602,100992,1167,621,103761,102594,1602,2526,180,2
4c7b0eb7-ce4e-4ce2-9f59-753903f97546,3,1,21,227,103680,424,199,104331,103907,227,700,0,1
4c7b0eb7-ce4e-4ce2-9f59-753903f97546,3,1,22,187,104320,1906,777,106413,104507,187,3001,151,2
4c7b0eb7-ce4e-4ce2-9f59-753903f97546,3,1,23,402,106368,1078,366,107848,106770,402,1638,153,2
4c7b0eb7-ce4e-4ce2-9f59-753903f97546,3,1,24,497,107776,797,244,109070,108273,497,885,125,1
4c7b0eb7-ce4e-4ce2-9f59-753903f97546,3,1,25,193,109056,1390,885,110639,109249,193,3177,103,2
4c7b0eb7-ce4e-4ce2-9f59-753903f97546,3,1,26,268,110592,341,186,111201,110860,268,850,135,1
4c7b0eb7-ce4e-4ce2-9f59-753903f97546,3,1,27,329,111104,2105,540,113538,111433,329,2229,149,2
4c7b0eb7-ce4e-4ce2-9f59-753903f97546,3,1,28,269,113536,2240,1338,116045,113805,269,4984,117,2
4c7b0eb7-ce4e-4ce2-9f59-753903f97546,3,1,29,345,115968,721,356,117034,116313,345,1373,132,2
4c7b0eb7-ce4e-4ce2-9f59-753903f97546,3,1,30,552,116992,1673,855,119217,117544,552,3470,117,2
4c7b0eb7-ce4e-4ce2-9f59-753903f97546,3,1,31,627,119168,1569,861,121364,119795,627,3210,162,2
4c7b0eb7-ce4e-4ce2-9f59-753903f97546,3,1,32,452,121344,677,529,122473,121796,452,2262,68,1
4c7b0eb7-ce4e-4ce2-9f59-753903f97546,3,1,33,254,122240,797,469,123291,122494,254,1924,114,1
4c7b0eb7-ce4e-4ce2-9f59-753903f97546,3,1,34,143,123264,1946,545,125353,123407,143,2401,147,2
4c7b0eb7-ce4e-4ce2-9f59-753903f97546,3,1,35,1426,125312,1089,733,127827,126738,1426,2935,83,2
4c7b0eb7-ce4e-4ce2-9f59-753903f97546,3,1,36,696,127744,1362,747,129802,128440,696,2803,117,2
4c7b0eb7-ce4e-4ce2-9f59-753903f97546,3,1,37,866,129792,938,339,131596,130658,866,1499,129,2
4c7b0eb7-ce4e-4ce2-9f59-753903f97546,3,1,38,444,131584,1055,525,133083,132028,444,2213,98,2
4c7b0eb7-ce4e-4ce2-9f59-753903f97546,3,1,39,556,132992,1117,690,134665,133548,556,2865,109,1
4c7b0eb7-ce4e-4ce2-9f59-753903f97546,3,1,40,477,134656,1385,609,136518,135133,477,2344,95,2
4c7b0eb7-ce4e-4ce2-9f59-753903f97546,3,1,41,375,136448,1047,519,137870,136823,375,2024,122,2
4c7b0eb7-ce4e-4ce2-9f59-753903f97546,3,1,42,259,137728,785,239,138772,137987,259,1022,92,1
4c7b0eb7-ce4e-4ce2-9f59-753903f97546,3,1,43,416,138752,1724,1050,140892,139168,416,4390,105,1
4c7b0eb7-ce4e-4ce2-9f59-753903f97546,3,1,44,262,140800,3896,3158,144958,141062,262,12696,164,1
4c7b0eb7-ce4e-4ce2-9f59-753903f97546,3,1,45,208,144768,1503,1418,146479,144976,208,4672,30,1
4c7b0eb7-ce4e-4ce2-9f59-753903f97546,3,1,46,189,146304,3602,0,150095,146493,189,0,0,1
4c7b0eb7-ce4e-4ce2-9f59-753903f97546,3,1,47,134,150016,172,27,150322,150150,134,125,0,1
4c7b0eb7-ce4e-4ce2-9f59-753903f97546,3,1,48,220,150144,3746,344,154110,150364,220,1311,58,1
4c7b0eb7-ce4e-4ce2-9f59-753903f97546,3,1,49,181,153984,170,11,154335,154165,181,56,0,1
4c7b0eb7-ce4e-4ce2-9f59-753903f97546,3,1,50,250,154112,741,185,155103,154362,250,677,32,1
4c7b0eb7-ce4e-4ce2-9f59-753903f97546,3,1,51,136,155008,1649,0,156793,155144,136,0,0,1
4c7b0eb7-ce4e-4ce2-9f59-753903f97546,3,1,52,142,156672,1123,615,157937,156814,142,2345,0,1
4c7b0eb7-ce4e-4ce2-9f59-753903f97546,3,1,53,154,157824,1211,0,159189,157978,154,0,0,1
4c7b0eb7-ce4e-4ce2-9f59-753903f97546,3,1,54,254,158976,169,10,159399,159230,254,48,0,1
4c7b0eb7-ce4e-4ce2-9f59-753903f97546,3,1,55,194,159232,825,397,160251,159426,194,1513,0,1
4c7b0eb7-ce4e-4ce2-9f59-753903f97546,3,1,56,164,160128,1540,0,161832,160292,164,0,0,1
4c7b0eb7-ce4e-4ce2-9f59-753903f97546,3,1,57,209,161664,158,0,162031,161873,209,0,0,1
4c7b0eb7-ce4e-4ce2-9f59-753903f97546,3,1,58,138,161920,1292,639,163350,162058,138,2600,0,1
4c7b0eb7-ce4e-4ce2-9f59-753903f97546,3,1,59,191,163200,687,0,164078,163391,191,0,0,1
4c7b0eb7-ce4e-4ce2-9f59-753903f97546,3,1,60,151,163968,159,0,164278,164119,151,0,0,1
4c7b0eb7-ce4e-4ce2-9f59-753903f97546,3,1,61,209,164096,875,429,165180,164305,209,1644,0,1
4c7b0eb7-ce4e-4ce2-9f59-753903f97546,3,1,62,229,164992,448,0,165669,165221,229,0,0,1
4c7b0eb7-ce4e-4ce2-9f59-753903f97546,3,1,63,206,165504,159,0,165869,165710,206,0,0,1
4c7b0eb7-ce4e-4ce2-9f59-753903f97546,3,1,64,136,165760,194,124,166090,165896,136,540,37,1
4c7b0eb7-ce4e-4ce2-9f59-753903f97546,3,1,65,3283,166016,222,64,169521,169299,3283,266,86,1
4c7b0eb7-ce4e-4ce2-9f59-753903f97546,3,1,66,211,169344,344,187,169899,169555,211,753,88,1
4c7b0eb7-ce4e-4ce2-9f59-753903f97546,3,1,67,239,169856,1398,873,171493,170095,239,3021,130,1
4c7b0eb7-ce4e-4ce2-9f59-753903f97546,3,1,68,142,171392,1051,0,172585,171534,142,0,0,1
4c7b0eb7-ce4e-4ce2-9f59-753903f97546,3,1,69,210,172416,464,0,173090,172626,210,0,0,1
4c7b0eb7-ce4e-4ce2-9f59-753903f97546,3,1,70,203,172928,214,51,173345,173131,203,239,0,1
4c7b0eb7-ce4e-4ce2-9f59-753903f97546,3,1,71,180,173312,825,374,174317,173492,180,1425,31,1
4c7b0eb7-ce4e-4ce2-9f59-753903f97546,3,1,72,150,174208,394,0,174752,174358,150,0,0,1
4c7b0eb7-ce4e-4ce2-9f59-753903f97546,3,1,73,201,174592,597,0,175390,174793,201,0,0,1
4c7b0eb7-ce4e-4ce2-9f59-753903f97546,3,1,74,199,175232,714,104,176145,175431,199,425,59,1
4c7b0eb7-ce4e-4ce2-9f59-753903f97546,3,1,75,186,176000,296,159,176482,176186,186,593,0,1
4c7b0eb7-ce4e-4ce2-9f59-753903f97546,3,1,76,351,176384,1052,682,177787,176735,351,2499,0,1
4c7b0eb7-ce4e-4ce2-9f59-753903f97546,3,1,77,164,177664,353,0,178181,177828,164,0,0,1
4c7b0eb7-ce4e-4ce2-9f59-753903f97546,3,1,78,174,178048,152,0,178374,178222,174,0,0,1
4c7b0eb7-ce4e-4ce2-9f59-753903f97546,3,1,79,145,178304,1588,742,180037,178449,145,3076,76,2
4c7b0eb7-ce4e-4ce2-9f59-753903f97546,3,1,80,253,179840,387,55,180480,180093,253,239,0,2
4c7b0eb7-ce4e-4ce2-9f59-753903f97546,3,1,81,214,180352,575,0,181141,180566,214,0,2385,0
4cb878d7-f1f8-43fe-a5f6-e457721c9553,3,1,1,3219,7936,185,0,11340,11155,3219,0,67,2
4cb878d7-f1f8-43fe-a5f6-e457721c9553,3,1,2,3405,11264,3109,2822,17778,14669,3405,11077,0,2
4cb878d7-f1f8-43fe-a5f6-e457721c9553,3,1,3,1362,17664,273,72,19299,19026,1362,337,0,2
4cb878d7-f1f8-43fe-a5f6-e457721c9553,3,1,4,1631,19200,290,49,21121,20831,1631,180,0,2
4cb878d7-f1f8-43fe-a5f6-e457721c9553,3,1,5,4247,21120,1907,894,27274,25367,4247,3247,91,3
4cb878d7-f1f8-43fe-a5f6-e457721c9553,3,1,6,361,27264,535,42,28160,27625,361,151,0,2
4cb878d7-f1f8-43fe-a5f6-e457721c9553,3,1,7,245,28160,638,400,29043,28405,245,1587,0,2
4cb878d7-f1f8-43fe-a5f6-e457721c9553,3,1,8,2180,28928,452,178,31560,31108,2180,751,0,2
4cb878d7-f1f8-43fe-a5f6-e457721c9553,3,1,9,2571,31488,762,485,34821,34059,2571,2011,0,2
4cb878d7-f1f8-43fe-a5f6-e457721c9553,3,1,10,1649,34816,360,76,36825,36465,1649,287,0,2
4cb878d7-f1f8-43fe-a5f6-e457721c9553,3,1,11,2133,36736,1288,897,40157,38869,2133,3385,0,2
4cb878d7-f1f8-43fe-a5f6-e457721c9553,3,1,12,2965,40064,531,119,43560,43029,2965,430,107,2
4cb878d7-f1f8-43fe-a5f6-e457721c9553,3,1,13,698,43520,683,337,44901,44218,698,1206,0,2
4cb878d7-f1f8-43fe-a5f6-e457721c9553,3,1,14,2464,44800,3142,2594,50406,47264,2464,9740,81,2
4cb878d7-f1f8-43fe-a5f6-e457721c9553,3,1,15,3381,48256,972,371,52609,51637,3381,1453,78,2
4cb878d7-f1f8-43fe-a5f6-e457721c9553,3,1,16,564,52608,553,63,53725,53172,564,249,0,2
4cb878d7-f1f8-43fe-a5f6-e457721c9553,3,1,17,1257,53632,887,213,55776,54889,1257,750,0,2
4cb878d7-f1f8-43fe-a5f6-e457721c9553,3,1,18,496,55680,466,84,56642,56176,496,351,0,2
4cb878d7-f1f8-43fe-a5f6-e457721c9553,3,1,19,482,56576,311,67,57369,57058,482,216,0,2
4cb878d7-f1f8-43fe-a5f6-e457721c9553,3,1,20,1858,57344,353,116,59555,59202,1858,445,0,2
4cb878d7-f1f8-43fe-a5f6-e457721c9553,3,1,21,1807,59520,622,281,61949,61327,1807,1034,0,2
4cb878d7-f1f8-43fe-a5f6-e457721c9553,3,1,22,2144,61824,361,130,64329,63968,2144,493,0,2
4cb878d7-f1f8-43fe-a5f6-e457721c9553,3,1,23,2202,64256,735,422,67193,66458,2202,1638,0,2
4cb878d7-f1f8-43fe-a5f6-e457721c9553,3,1,24,978,67072,392,173,68442,68050,978,711,0,2
4cb878d7-f1f8-43fe-a5f6-e457721c9553,3,1,25,980,68352,793,327,70125,69332,980,1107,0,2
4cb878d7-f1f8-43fe-a5f6-e457721c9553,3,1,26,1000,70016,4966,507,75982,71016,1000,2059,125,3
4cb878d7-f1f8-43fe-a5f6-e457721c9553,3,1,27,142,75904,1670,938,77716,76046,142,3358,97,2
4cb878d7-f1f8-43fe-a5f6-e457721c9553,3,1,28,369,77696,650,178,78715,78065,369,681,0,2
4cb878d7-f1f8-43fe-a5f6-e457721c9553,3,1,29,450,78592,633,161,79675,79042,450,622,0,2
4cb878d7-f1f8-43fe-a5f6-e457721c9553,3,1,30,3214,79616,657,141,83487,82830,3214,519,0,2
4cb878d7-f1f8-43fe-a5f6-e457721c9553,3,1,31,315,83456,601,136,84372,83771,315,507,0,2
4cb878d7-f1f8-43fe-a5f6-e457721c9553,3,1,32,224,84224,466,159,84914,84448,224,607,0,2
4cb878d7-f1f8-43fe-a5f6-e457721c9553,3,1,33,381,84864,812,309,86057,85245,381,1053,0,2
4cb878d7-f1f8-43fe-a5f6-e457721c9553,3,1,34,227,86016,1675,1096,87918,86243,227,4085,90,2
4cb878d7-f1f8-43fe-a5f6-e457721c9553,3,1,35,557,87808,724,170,89089,88365,557,592,0,2
4cb878d7-f1f8-43fe-a5f6-e457721c9553,3,1,36,561,89088,488,192,90137,89649,561,840,0,2
4cb878d7-f1f8-43fe-a5f6-e457721c9553,3,1,37,1133,90112,610,148,91855,91245,1133,526,0,2
4cb878d7-f1f8-43fe-a5f6-e457721c9553,3,1,38,871,91776,523,402,93170,92647,871,1653,0,1
4cb878d7-f1f8-43fe-a5f6-e457721c9553,3,1,39,316,93056,416,137,93788,93372,316,493,0,1
4cb878d7-f1f8-43fe-a5f6-e457721c9553,3,1,40,577,93696,1043,635,95316,94273,577,2674,0,2
4cb878d7-f1f8-43fe-a5f6-e457721c9553,3,1,41,1143,95232,803,407,97178,96375,1143,1432,0,2
4cb878d7-f1f8-43fe-a5f6-e457721c9553,3,1,42,1028,97152,364,131,98544,98180,1028,580,0,1
4cb878d7-f1f8-43fe-a5f6-e457721c9553,3,1,43,384,98432,732,267,99548,98816,384,1004,0,2
4cb878d7-f1f8-43fe-a5f6-e457721c9553,3,1,44,859,99456,981,665,101296,100315,859,2325,0,2
4cb878d7-f1f8-43fe-a5f6-e457721c9553,3,1,45,942,101248,724,494,102914,102190,942,1768,0,2
4cb878d7-f1f8-43fe-a5f6-e457721c9553,3,1,46,2492,102912,416,119,105820,105404,2492,387,0,2
4cb878d7-f1f8-43fe-a5f6-e457721c9553,3,1,47,2100,105728,1178,473,109006,107828,2100,2146,0,2
4cb878d7-f1f8-43fe-a5f6-e457721c9553,3,1,48,3661,108928,1127,335,113716,112589,3661,1459,0,3
4cb878d7-f1f8-43fe-a5f6-e457721c9553,3,1,49,1922,113664,657,142,116243,115586,1922,504,0,2
4cb878d7-f1f8-43fe-a5f6-e457721c9553,3,1,50,2889,116224,1307,297,120420,119113,2889,1299,67,2
4cb878d7-f1f8-43fe-a5f6-e457721c9553,3,1,51,12687,120320,779,258,133786,133007,12687,1054,97,2
4cb878d7-f1f8-43fe-a5f6-e457721c9553,3,1,52,1327,133760,843,245,135930,135087,1327,975,0,2
4cb878d7-f1f8-43fe-a5f6-e457721c9553,3,1,53,1830,135808,1050,272,138688,137638,1830,1056,0,2
4cb878d7-f1f8-43fe-a5f6-e457721c9553,3,1,54,997,138624,752,121,140373,139621,997,510,0,2
4cb878d7-f1f8-43fe-a5f6-e457721c9553,3,1,55,1921,140288,860,227,143069,142209,1921,940,0,2
4cb878d7-f1f8-43fe-a5f6-e457721c9553,3,1,56,846,142976,572,121,144394,143822,846,467,0,1
4cb878d7-f1f8-43fe-a5f6-e457721c9553,3,1,57,239,144256,414,168,144909,144495,239,716,0,2
4cb878d7-f1f8-43fe-a5f6-e457721c9553,3,1,58,2591,144896,518,222,148005,147487,2591,1042,0,2
4cb878d7-f1f8-43fe-a5f6-e457721c9553,3,1,59,1694,147968,908,554,150570,149662,1694,2166,0,2
4cb878d7-f1f8-43fe-a5f6-e457721c9553,3,1,60,553,150528,172,22,151253,151081,553,89,0,1
4cb878d7-f1f8-43fe-a5f6-e457721c9553,3,1,61,2434,151168,1512,1140,155114,153602,2434,4188,72,2
4cb878d7-f1f8-43fe-a5f6-e457721c9553,3,1,62,3883,155008,16406,5469,175297,158891,3883,23515,71,1
4cb878d7-f1f8-43fe-a5f6-e457721c9553,3,1,63,250,175104,303,186,175657,175354,250,677,0,1
4cb878d7-f1f8-43fe-a5f6-e457721c9553,3,1,64,197,175488,172,82,175857,175685,197,336,0,1
4cb878d7-f1f8-43fe-a5f6-e457721c9553,3,1,65,137,175744,1664,0,177545,175881,137,0,0,1
4cb878d7-f1f8-43fe-a5f6-e457721c9553,3,1,66,176,177408,387,0,177971,177584,176,0,1707,0
4d64b50a-7a7d-4341-ad42-7423dfdb7063,3,1,1,3308,7936,165,0,11409,11244,3308,0,93,2
4d64b50a-7a7d-4341-ad42-7423dfdb7063,3,1,2,2229,11392,434,57,14055,13621,2229,241,0,2
4d64b50a-7a7d-4341-ad42-7423dfdb7063,3,1,3,1304,13952,988,75,16244,15256,1304,279,61,2
4d64b50a-7a7d-4341-ad42-7423dfdb7063,3,1,4,1903,16128,482,96,18513,18031,1903,352,98,2
4d64b50a-7a7d-4341-ad42-7423dfdb7063,3,1,5,1086,18432,371,72,19889,19518,1086,274,0,2
4d64b50a-7a7d-4341-ad42-7423dfdb7063,3,1,6,1594,19840,281,72,21715,21434,1594,325,84,2
4d64b50a-7a7d-4341-ad42-7423dfdb7063,3,1,7,4983,21632,368,84,26983,26615,4983,328,79,2
4d64b50a-7a7d-4341-ad42-7423dfdb7063,3,1,8,2047,26880,803,193,29730,28927,2047,766,83,1
4d64b50a-7a7d-4341-ad42-7423dfdb7063,3,1,9,746,29696,413,55,30855,30442,746,228,82,2
4d64b50a-7a7d-4341-ad42-7423dfdb7063,3,1,10,276,30848,330,74,31454,31124,276,316,0,1
4d64b50a-7a7d-4341-ad42-7423dfdb7063,3,1,11,394,31360,405,58,32159,31754,394,237,162,2
4d64b50a-7a7d-4341-ad42-7423dfdb7063,3,1,12,919,32128,851,285,33898,33047,919,1132,99,2
4d64b50a-7a7d-4341-ad42-7423dfdb7063,3,1,13,1753,33792,1024,323,36569,35545,1753,1137,61,2
4d64b50a-7a7d-4341-ad42-7423dfdb7063,3,1,14,591,36480,840,167,37911,37071,591,602,0,2
4d64b50a-7a7d-4341-ad42-7423dfdb7063,3,1,15,444,37888,261,46,38593,38332,444,205,0,1
4d64b50a-7a7d-4341-ad42-7423dfdb7063,3,1,16,200,38528,569,68,39297,38728,200,314,95,2
4d64b50a-7a7d-4341-ad42-7423dfdb7063,3,1,17,1864,39296,928,772,42088,41160,1864,2859,82,1
4d64b50a-7a7d-4341-ad42-7423dfdb7063,3,1,18,2497,41984,1330,784,45811,44481,2497,3203,63,1
4d64b50a-7a7d-4341-ad42-7423dfdb7063,3,1,19,3184,45696,582,145,49462,48880,3184,591,76,2
4d64b50a-7a7d-4341-ad42-7423dfdb7063,3,1,20,2965,49408,925,643,53298,52373,2965,2337,65,2
4d64b50a-7a7d-4341-ad42-7423dfdb7063,3,1,21,2709,53248,914,446,56871,55957,2709,1576,0,2
4d64b50a-7a7d-4341-ad42-7423dfdb7063,3,1,22,2633,56832,1015,564,60480,59465,2633,2030,104,2
4d64b50a-7a7d-4341-ad42-7423dfdb7063,3,1,23,2643,60416,464,171,63523,63059,2643,673,0,2
4d64b50a-7a7d-4341-ad42-7423dfdb7063,3,1,24,2115,63488,496,192,66099,65603,2115,793,0,2
4d64b50a-7a7d-4341-ad42-7423dfdb7063,3,1,25,1616,66048,903,486,68567,67664,1616,2020,0,2
4d64b50a-7a7d-4341-ad42-7423dfdb7063,3,1,26,2918,68480,631,329,72029,71398,2918,1174,0,2
4d64b50a-7a7d-4341-ad42-7423dfdb7063,3,1,27,3797,71936,665,453,76398,75733,3797,1209,93,2
4d64b50a-7a7d-4341-ad42-7423dfdb7063,3,1,28,3640,76288,812,396,80740,79928,3640,1337,90,2
4d64b50a-7a7d-4341-ad42-7423dfdb7063,3,1,29,2794,80640,1656,1303,85090,83434,2794,4617,0,2
4d64b50a-7a7d-4341-ad42-7423dfdb7063,3,1,30,1994,84992,547,184,87533,86986,1994,703,0,2
4d64b50a-7a7d-4341-ad42-7423dfdb7063,3,1,31,2793,87424,839,417,91056,90217,2793,1622,0,2
4d64b50a-7a7d-4341-ad42-7423dfdb7063,3,1,32,2414,91008,705,472,94127,93422,2414,2032,0,2
4d64b50a-7a7d-4341-ad42-7423dfdb7063,3,1,33,4285,94080,502,224,98867,98365,4285,974,87,2
4d64b50a-7a7d-4341-ad42-7423dfdb7063,3,1,34,2042,98816,2063,1816,102921,100858,2042,6386,0,2
4d64b50a-7a7d-4341-ad42-7423dfdb7063,3,1,35,1370,102912,176,85,104458,104282,1370,336,54,1
4d64b50a-7a7d-4341-ad42-7423dfdb7063,3,1,36,144,104448,14121,0,118713,104592,144,0,0,1
4d64b50a-7a7d-4341-ad42-7423dfdb7063,3,1,37,11890,106880,113,9,118883,118770,11890,38,0,1
4d64b50a-7a7d-4341-ad42-7423dfdb7063,3,1,38,907,118784,437,40,120128,119691,907,162,59,2
4d64b50a-7a7d-4341-ad42-7423dfdb7063,3,1,39,256,119936,1639,0,121831,120192,256,0,0,1
4d64b50a-7a7d-4341-ad42-7423dfdb7063,3,1,40,142,121728,282,0,122152,121870,142,0,0,1
4d64b50a-7a7d-4341-ad42-7423dfdb7063,3,1,41,196,121984,860,0,123040,122180,196,0,3007,0
4db3eaea-9340-4bc4-afcd-2eb00a500626,3,1,1,2673,7936,206,0,10815,10609,2673,0,87,2
4db3eaea-9340-4bc4-afcd-2eb00a500626,3,1,2,329,10752,263,17,11344,11081,329,81,0,2
4db3eaea-9340-4bc4-afcd-2eb00a500626,3,1,3,1643,11264,283,141,13190,12907,1643,661,0,4
4db3eaea-9340-4bc4-afcd-2eb00a500626,3,1,4,5586,13184,435,232,19205,18770,5586,866,0,2
4db3eaea-9340-4bc4-afcd-2eb00a500626,3,1,5,891,19200,658,45,20749,20091,891,211,0,2
4db3eaea-9340-4bc4-afcd-2eb00a500626,3,1,6,580,20736,886,365,22202,21316,580,1428,72,2
4db3eaea-9340-4bc4-afcd-2eb00a500626,3,1,7,259,22144,263,53,22666,22403,259,207,0,2
4db3eaea-9340-4bc4-afcd-2eb00a500626,3,1,8,1594,22656,256,89,24506,24250,1594,393,0,2
4db3eaea-9340-4bc4-afcd-2eb00a500626,3,1,9,4170,24448,469,248,29087,28618,4170,1025,0,2
4db3eaea-9340-4bc4-afcd-2eb00a500626,3,1,10,1998,29056,361,126,31415,31054,1998,455,0,2
4db3eaea-9340-4bc4-afcd-2eb00a500626,3,1,11,2118,31360,284,88,33762,33478,2118,372,0,2
4db3eaea-9340-4bc4-afcd-2eb00a500626,3,1,12,2688,33664,1267,788,37619,36352,2688,2826,76,2
4db3eaea-9340-4bc4-afcd-2eb00a500626,3,1,13,2340,37504,476,77,40320,39844,2340,351,0,2
4db3eaea-9340-4bc4-afcd-2eb00a500626,3,1,14,1921,40320,917,550,43158,42241,1921,2246,72,1
4db3eaea-9340-4bc4-afcd-2eb00a500626,3,1,15,184,43008,1208,467,44400,43192,184,1736,0,2
4db3eaea-9340-4bc4-afcd-2eb00a500626,3,1,16,698,44288,263,19,45249,44986,698,97,0,2
4db3eaea-9340-4bc4-afcd-2eb00a500626,3,1,17,1356,45184,254,76,46794,46540,1356,289,0,2
4db3eaea-9340-4bc4-afcd-2eb00a500626,3,1,18,1064,46720,615,206,48399,47784,1064,856,0,2
4db3eaea-9340-4bc4-afcd-2eb00a500626,3,1,19,1298,48384,1032,809,50714,49682,1298,3274,0,2
4db3eaea-9340-4bc4-afcd-2eb00a500626,3,1,20,365,50688,194,46,51247,51053,365,183,0,2
4db3eaea-9340-4bc4-afcd-2eb00a500626,3,1,21,683,51200,778,540,52661,51883,683,2165,0,2
4db3eaea-9340-4bc4-afcd-2eb00a500626,3,1,22,1669,52608,605,163,54882,54277,1669,686,77,2
4db3eaea-9340-4bc4-afcd-2eb00a500626,3,1,23,735,54400,697,302,55832,55135,735,1080,0,2
4db3eaea-9340-4bc4-afcd-2eb00a500626,3,1,24,824,55808,980,527,57612,56632,824,1816,0,2
4db3eaea-9340-4bc4-afcd-2eb00a500626,3,1,25,529,57600,199,82,58328,58129,529,348,0,1
4db3eaea-9340-4bc4-afcd-2eb00a500626,3,1,26,1350,58240,333,132,59923,59590,1350,393,0,2
4db3eaea-9340-4bc4-afcd-2eb00a500626,3,1,27,1997,59904,1105,677,63006,61901,1997,2380,0,2
4db3eaea-9340-4bc4-afcd-2eb00a500626,3,1,28,592,62976,1344,1070,64912,63568,592,4070,0,2
4db3eaea-9340-4bc4-afcd-2eb00a500626,3,1,29,283,64896,438,155,65617,65179,283,537,0,2
4db3eaea-9340-4bc4-afcd-2eb00a500626,3,1,30,1508,65536,529,245,67573,67044,1508,885,0,2
4db3eaea-9340-4bc4-afcd-2eb00a500626,3,1,31,2422,67456,847,534,70725,69878,2422,2094,0,2
4db3eaea-9340-4bc4-afcd-2eb00a500626,3,1,32,136,70656,308,37,71100,70792,136,125,0,2
4db3eaea-9340-4bc4-afcd-2eb00a500626,3,1,33,196,71040,359,58,71595,71236,196,247,0,2
4db3eaea-9340-4bc4-afcd-2eb00a500626,3,1,34,773,71552,1153,782,73478,72325,773,3161,0,2
4db3eaea-9340-4bc4-afcd-2eb00a500626,3,1,35,3321,73472,433,115,77226,76793,3321,386,0,2
4db3eaea-9340-4bc4-afcd-2eb00a500626,3,1,36,4575,77184,830,500,82589,81759,4575,1927,0,2
4db3eaea-9340-4bc4-afcd-2eb00a500626,3,1,37,664,82560,839,527,84063,83224,664,2229,0,2
4db3eaea-9340-4bc4-afcd-2eb00a500626,3,1,38,374,83968,1003,500,85345,84342,374,1990,0,2
4db3eaea-9340-4bc4-afcd-2eb00a500626,3,1,39,540,84992,1234,839,86766,85532,540,3434,0,2
4db3eaea-9340-4bc4-afcd-2eb00a500626,3,1,40,1563,86656,329,170,88548,88219,1563,662,0,2
4db3eaea-9340-4bc4-afcd-2eb00a500626,3,1,41,1768,88448,201,85,90417,90216,1768,351,0,1
4f250851-e006-4514-a721-35202c9cd223,2,1,1,2431,7936,273,91,10640,10367,2431,407,101,2
4f250851-e006-4514-a721-35202c9cd223,2,1,2,324,10624,92,26,11040,10948,324,112,45,1
4f250851-e006-4514-a721-35202c9cd223,2,1,3,188,11008,205,86,11401,11196,188,410,131,2
4f250851-e006-4514-a721-35202c9cd223,2,1,4,3266,11392,381,195,15039,14658,3266,745,138,3
4f250851-e006-4514-a721-35202c9cd223,2,1,5,9076,14976,727,262,24779,24052,9076,969,119,4
4f250851-e006-4514-a721-35202c9cd223,2,1,6,2277,24704,306,105,27287,26981,2277,381,78,3
4f250851-e006-4514-a721-35202c9cd223,2,1,7,910,27264,272,58,28446,28174,910,209,0,4
4f250851-e006-4514-a721-35202c9cd223,2,1,8,9569,28416,677,372,38662,37985,9569,1380,97,4
4f250851-e006-4514-a721-35202c9cd223,2,1,9,17409,38656,631,337,56696,56065,17409,1248,96,4
4f250851-e006-4514-a721-35202c9cd223,2,1,10,49603,56576,2077,1377,108256,106179,49603,3743,75,4
4f250851-e006-4514-a721-35202c9cd223,2,1,11,1786,108160,632,330,110578,109946,1786,1209,116,4
4f250851-e006-4514-a721-35202c9cd223,2,1,12,24061,110464,1099,840,135624,134525,24061,3341,0,4
4f250851-e006-4514-a721-35202c9cd223,2,1,13,14880,135552,773,497,151205,150432,14880,1863,0,4
4f250851-e006-4514-a721-35202c9cd223,2,1,14,6576,151168,700,419,158444,157744,6576,1570,0,4
4f250851-e006-4514-a721-35202c9cd223,2,1,15,1790,158336,566,316,160692,160126,1790,1181,0,4
4f250851-e006-4514-a721-35202c9cd223,2,1,16,6512,160640,532,261,167684,167152,6512,926,79,4
4f250851-e006-4514-a721-35202c9cd223,2,1,17,16580,167680,879,638,185139,184260,16580,2465,0,4
4f250851-e006-4514-a721-35202c9cd223,2,1,18,22030,185088,1902,1593,209020,207118,22030,6178,103,4
4f250851-e006-4514-a721-35202c9cd223,2,1,19,10597,208896,497,220,219990,219493,10597,810,0,4
4f250851-e006-4514-a721-35202c9cd223,2,1,20,16535,219904,6127,1303,242566,236439,16535,4948,89,1
4f250851-e006-4514-a721-35202c9cd223,2,1,21,191,242432,122,10,242745,242623,191,44,0,1
4f250851-e006-4514-a721-35202c9cd223,2,1,22,2983,242688,390,287,246061,245671,2983,1172,0,1
4f250851-e006-4514-a721-35202c9cd223,2,1,23,189,245888,2302,298,248379,246077,189,1193,69,5
4f250851-e006-4514-a721-35202c9cd223,2,1,24,258,248320,148,44,248726,248578,258,195,0,1
4f250851-e006-4514-a721-35202c9cd223,2,1,25,166,248576,508,161,249250,248742,166,705,0,1
4f250851-e006-4514-a721-35202c9cd223,2,1,26,205,249088,97,0,249390,249293,205,0,0,1
4f250851-e006-4514-a721-35202c9cd223,2,1,27,199,249216,852,74,250267,249415,199,353,0,1
4f250851-e006-4514-a721-35202c9cd223,2,1,28,193,250112,554,0,250859,250305,193,0,2331,0
500069eb-b528-47b9-8cbf-6873331d1c1c,2,1,1,2887,8064,203,0,11154,10951,2887,0,118,2
500069eb-b528-47b9-8cbf-6873331d1c1c,2,1,2,1663,11136,226,53,13025,12799,1663,261,0,2
500069eb-b528-47b9-8cbf-6873331d1c1c,2,1,3,1887,12928,1017,394,15832,14815,1887,1589,142,2
500069eb-b528-47b9-8cbf-6873331d1c1c,2,1,4,212,15744,6004,391,21960,15956,212,1609,124,4
500069eb-b528-47b9-8cbf-6873331d1c1c,2,1,5,217,21888,418,49,22523,22105,217,189,73,2
500069eb-b528-47b9-8cbf-6873331d1c1c,2,1,6,388,22400,609,51,23397,22788,388,236,93,2
500069eb-b528-47b9-8cbf-6873331d1c1c,2,1,7,5137,23296,647,80,29080,28433,5137,337,81,2
500069eb-b528-47b9-8cbf-6873331d1c1c,2,1,8,851,29056,759,230,30666,29907,851,850,81,2
500069eb-b528-47b9-8cbf-6873331d1c1c,2,1,9,1654,30592,664,295,32910,32246,1654,852,97,1
500069eb-b528-47b9-8cbf-6873331d1c1c,2,1,10,693,32896,492,236,34081,33589,693,576,92,1
500069eb-b528-47b9-8cbf-6873331d1c1c,2,1,11,3744,34048,683,336,38475,37792,3744,860,52,1
500069eb-b528-47b9-8cbf-6873331d1c1c,2,1,12,142,38400,187,21,38729,38542,142,86,0,1
500069eb-b528-47b9-8cbf-6873331d1c1c,2,1,13,245,38528,349,99,39122,38773,245,392,0,1
500069eb-b528-47b9-8cbf-6873331d1c1c,2,1,14,8845,39040,423,84,48308,47885,8845,362,122,1
500069eb-b528-47b9-8cbf-6873331d1c1c,2,1,15,2663,48256,1319,592,52238,50919,2663,1617,113,2
500069eb-b528-47b9-8cbf-6873331d1c1c,2,1,16,1540,52224,377,176,54141,53764,1540,597,0,1
500069eb-b528-47b9-8cbf-6873331d1c1c,2,1,17,1780,54016,1103,432,56899,55796,1780,1238,83,2
500069eb-b528-47b9-8cbf-6873331d1c1c,2,1,18,1751,56832,1729,112,60312,58583,1751,424,73,4
500069eb-b528-47b9-8cbf-6873331d1c1c,2,1,19,169,60288,245,67,60702,60457,169,273,44,1
500069eb-b528-47b9-8cbf-6873331d1c1c,2,1,20,1451,60672,205,35,62328,62123,1451,130,0,1
500069eb-b528-47b9-8cbf-6873331d1c1c,2,1,21,3553,62208,2558,1300,68319,65761,3553,3689,146,1
500069eb-b528-47b9-8cbf-6873331d1c1c,2,1,22,1488,68224,872,216,70584,69712,1488,977,99,2
500069eb-b528-47b9-8cbf-6873331d1c1c,2,1,23,234,70528,542,134,71304,70762,234,508,116,1
500069eb-b528-47b9-8cbf-6873331d1c1c,2,1,24,1502,71296,745,62,73543,72798,1502,262,92,2
500069eb-b528-47b9-8cbf-6873331d1c1c,2,1,25,1445,73472,783,358,75700,74917,1445,930,81,1
500069eb-b528-47b9-8cbf-6873331d1c1c,2,1,26,1176,75648,974,173,77798,76824,1176,666,81,2
500069eb-b528-47b9-8cbf-6873331d1c1c,2,1,27,1340,77696,878,377,79914,79036,1340,1268,85,2
500069eb-b528-47b9-8cbf-6873331d1c1c,2,1,28,643,79872,443,82,80958,80515,643,286,0,1
500069eb-b528-47b9-8cbf-6873331d1c1c,2,1,29,1058,80896,362,214,82316,81954,1058,724,85,2
500069eb-b528-47b9-8cbf-6873331d1c1c,2,1,30,2825,82304,725,389,85854,85129,2825,1674,120,1
500069eb-b528-47b9-8cbf-6873331d1c1c,2,1,31,165,85760,166,20,86091,85925,165,100,0,1
500069eb-b528-47b9-8cbf-6873331d1c1c,2,1,32,136,86016,633,247,86785,86152,136,927,131,1
500069eb-b528-47b9-8cbf-6873331d1c1c,2,1,33,300,86784,628,161,87712,87084,300,606,0,1
500069eb-b528-47b9-8cbf-6873331d1c1c,2,1,34,793,87680,674,291,89147,88473,793,1211,113,1
500069eb-b528-47b9-8cbf-6873331d1c1c,2,1,35,478,89088,389,124,89955,89566,478,507,0,1
500069eb-b528-47b9-8cbf-6873331d1c1c,2,1,36,428,89856,805,381,91089,90284,428,1724,121,1
500069eb-b528-47b9-8cbf-6873331d1c1c,2,1,37,149,91008,222,54,91379,91157,149,239,0,1
500069eb-b528-47b9-8cbf-6873331d1c1c,2,1,38,136,91264,407,19,91807,91400,136,73,0,1
500069eb-b528-47b9-8cbf-6873331d1c1c,2,1,39,220,91648,210,88,92078,91868,220,421,0,1
500069eb-b528-47b9-8cbf-6873331d1c1c,2,1,40,190,91904,1309,122,93403,92094,190,569,144,2
500069eb-b528-47b9-8cbf-6873331d1c1c,2,1,41,196,93312,742,157,94250,93508,196,681,77,2
500069eb-b528-47b9-8cbf-6873331d1c1c,2,1,42,699,94208,11872,296,106779,94907,699,1137,119,1
500069eb-b528-47b9-8cbf-6873331d1c1c,2,1,43,209,106624,153,19,106986,106833,209,90,74,2
500069eb-b528-47b9-8cbf-6873331d1c1c,2,1,44,318,106880,413,142,107611,107198,318,584,118,2
500069eb-b528-47b9-8cbf-6873331d1c1c,2,1,45,7997,107520,580,364,116097,115517,7997,1469,120,2
500069eb-b528-47b9-8cbf-6873331d1c1c,2,1,46,1201,116096,467,57,117764,117297,1201,258,94,1
500069eb-b528-47b9-8cbf-6873331d1c1c,2,1,47,562,117760,595,184,118917,118322,562,789,0,1
500069eb-b528-47b9-8cbf-6873331d1c1c,2,1,48,483,118912,442,193,119837,119395,483,870,0,1
500069eb-b528-47b9-8cbf-6873331d1c1c,2,1,49,184,119680,1421,275,121285,119864,184,1222,93,2
500069eb-b528-47b9-8cbf-6873331d1c1c,2,1,50,554,121216,458,315,122228,121770,554,1320,89,1
500069eb-b528-47b9-8cbf-6873331d1c1c,2,1,51,306,122112,350,222,122768,122418,306,912,0,1
500069eb-b528-47b9-8cbf-6873331d1c1c,2,1,52,229,122624,233,93,123086,122853,229,384,70,2
500069eb-b528-47b9-8cbf-6873331d1c1c,2,1,53,637,123008,400,234,124045,123645,637,1030,78,1
500069eb-b528-47b9-8cbf-6873331d1c1c,2,1,54,3694,124032,686,176,128412,127726,3694,796,68,1
500069eb-b528-47b9-8cbf-6873331d1c1c,2,1,55,135,128384,1092,456,129611,128519,135,1819,0,2
500069eb-b528-47b9-8cbf-6873331d1c1c,2,1,56,3314,129536,1041,427,133891,132850,3314,1536,106,2
500069eb-b528-47b9-8cbf-6873331d1c1c,2,1,57,1396,133888,412,284,135696,135284,1396,1050,119,1
500069eb-b528-47b9-8cbf-6873331d1c1c,2,1,58,2548,135680,132,40,138360,138228,2548,154,0,1
500069eb-b528-47b9-8cbf-6873331d1c1c,2,1,59,4233,138240,119,27,142592,142473,4233,85,0,1
500069eb-b528-47b9-8cbf-6873331d1c1c,2,1,60,4688,142592,2256,491,149536,147280,4688,1605,105,1
500069eb-b528-47b9-8cbf-6873331d1c1c,2,1,61,200,149376,2249,26,151825,149576,200,95,72,1
500069eb-b528-47b9-8cbf-6873331d1c1c,2,1,62,924,151808,2450,702,155182,152732,924,2228,89,1
500069eb-b528-47b9-8cbf-6873331d1c1c,2,1,63,214,155008,873,58,156095,155222,214,198,60,1
500069eb-b528-47b9-8cbf-6873331d1c1c,2,1,64,231,155904,184,56,156319,156135,231,259,0,2
500069eb-b528-47b9-8cbf-6873331d1c1c,2,1,65,182,156288,2426,43,158896,156470,182,204,76,1
500069eb-b528-47b9-8cbf-6873331d1c1c,2,1,66,216,158720,1193,25,160129,158936,216,117,72,1
500069eb-b528-47b9-8cbf-6873331d1c1c,2,1,67,169,160000,300,144,160469,160169,169,619,79,1
500069eb-b528-47b9-8cbf-6873331d1c1c,2,1,68,2628,160384,617,137,163629,163012,2628,490,51,1
500069eb-b528-47b9-8cbf-6873331d1c1c,2,1,69,141,163584,659,181,164384,163725,141,755,0,1
500069eb-b528-47b9-8cbf-6873331d1c1c,2,1,70,230,164352,372,221,164954,164582,230,880,114,2
500069eb-b528-47b9-8cbf-6873331d1c1c,2,1,71,241,164864,1465,344,166570,165105,241,1456,78,1
500069eb-b528-47b9-8cbf-6873331d1c1c,2,1,72,210,166400,219,66,166829,166610,210,283,60,1
500069eb-b528-47b9-8cbf-6873331d1c1c,2,1,73,2000,166784,620,225,169404,168784,2000,863,91,1
500069eb-b528-47b9-8cbf-6873331d1c1c,2,1,74,240,169216,562,125,170018,169456,240,600,0,1
500069eb-b528-47b9-8cbf-6873331d1c1c,2,1,75,358,169984,1541,131,171883,170342,358,565,79,1
500069eb-b528-47b9-8cbf-6873331d1c1c,2,1,76,147,171776,157,29,172080,171923,147,109,0,2
500069eb-b528-47b9-8cbf-6873331d1c1c,2,1,77,199,172032,548,183,172779,172231,199,792,84,1
500069eb-b528-47b9-8cbf-6873331d1c1c,2,1,78,736,172672,557,115,173965,173408,736,442,0,1
500069eb-b528-47b9-8cbf-6873331d1c1c,2,1,79,2721,173952,1234,1110,177907,176673,2721,3506,117,1
500069eb-b528-47b9-8cbf-6873331d1c1c,2,1,80,5176,177792,157,50,183125,182968,5176,190,82,1
500069eb-b528-47b9-8cbf-6873331d1c1c,2,1,81,5989,183040,120,29,189149,189029,5989,82,0,1
500069eb-b528-47b9-8cbf-6873331d1c1c,2,1,82,4349,189056,302,166,193707,193405,4349,666,99,1
500069eb-b528-47b9-8cbf-6873331d1c1c,2,1,83,216,193536,94,0,193846,193752,216,0,0,1
500069eb-b528-47b9-8cbf-6873331d1c1c,2,1,84,360,193792,282,180,194434,194152,360,744,47,1
500069eb-b528-47b9-8cbf-6873331d1c1c,2,1,85,180,194304,6586,0,201070,194484,180,0,0,1
500069eb-b528-47b9-8cbf-6873331d1c1c,2,1,86,2330,200960,1139,893,204429,203290,2330,2580,122,2
500069eb-b528-47b9-8cbf-6873331d1c1c,2,1,87,2339,204416,1412,175,208167,206755,2339,740,79,1
500069eb-b528-47b9-8cbf-6873331d1c1c,2,1,88,222,208000,145,31,208367,208222,222,142,0,1
500069eb-b528-47b9-8cbf-6873331d1c1c,2,1,89,270,208256,92,0,208618,208526,270,0,0,1
500069eb-b528-47b9-8cbf-6873331d1c1c,2,1,90,1424,208512,1498,296,211434,209936,1424,1086,93,1
500069eb-b528-47b9-8cbf-6873331d1c1c,2,1,91,909,211328,209,92,212446,212237,909,335,86,1
500069eb-b528-47b9-8cbf-6873331d1c1c,2,1,92,134,212352,1869,0,214355,212486,134,0,0,1
500069eb-b528-47b9-8cbf-6873331d1c1c,2,1,93,243,214144,364,242,214751,214387,243,897,80,1
500069eb-b528-47b9-8cbf-6873331d1c1c,2,1,94,151,214656,92,0,214899,214807,151,0,0,1
500069eb-b528-47b9-8cbf-6873331d1c1c,2,1,95,634,214784,1036,0,216454,215418,634,0,0,1
500069eb-b528-47b9-8cbf-6873331d1c1c,2,1,96,174,216320,213,121,216707,216494,174,411,0,1
500069eb-b528-47b9-8cbf-6873331d1c1c,2,1,97,508,216704,1224,0,218436,217212,508,0,0,1
500069eb-b528-47b9-8cbf-6873331d1c1c,2,1,98,236,218240,182,46,218658,218476,236,213,47,1
500069eb-b528-47b9-8cbf-6873331d1c1c,2,1,99,254,218496,93,0,218843,218750,254,0,0,1
500069eb-b528-47b9-8cbf-6873331d1c1c,2,1,100,1641,218752,1406,0,221799,220393,1641,0,0,1
500069eb-b528-47b9-8cbf-6873331d1c1c,2,1,101,254,221568,126,33,221948,221822,254,156,0,1
500069eb-b528-47b9-8cbf-6873331d1c1c,2,1,102,1431,221824,561,0,223816,223255,1431,0,0,1
500069eb-b528-47b9-8cbf-6873331d1c1c,2,1,103,229,223616,137,44,223982,223845,229,205,0,1
500069eb-b528-47b9-8cbf-6873331d1c1c,2,1,104,802,223872,984,0,225658,224674,802,0,0,1
500069eb-b528-47b9-8cbf-6873331d1c1c,2,1,105,162,225536,178,68,225876,225698,162,300,79,1
500069eb-b528-47b9-8cbf-6873331d1c1c,2,1,106,243,225664,713,0,226620,225907,243,0,0,1
500069eb-b528-47b9-8cbf-6873331d1c1c,2,1,107,228,226432,133,43,226793,226660,228,173,0,1
500069eb-b528-47b9-8cbf-6873331d1c1c,2,1,108,1058,226688,371,42,228117,227746,1058,180,0,1
500069eb-b528-47b9-8cbf-6873331d1c1c,2,1,109,189,227968,259,73,228416,228157,189,320,50,1
500069eb-b528-47b9-8cbf-6873331d1c1c,2,1,110,1057,228352,148,56,229557,229409,1057,285,0,1
500069eb-b528-47b9-8cbf-6873331d1c1c,2,1,111,317,229504,151,0,229972,229821,317,0,0,1
500069eb-b528-47b9-8cbf-6873331d1c1c,2,1,112,252,229760,232,81,230244,230012,252,369,0,1
500069eb-b528-47b9-8cbf-6873331d1c1c,2,1,113,156,230144,400,301,230700,230300,156,1099,58,1
500069eb-b528-47b9-8cbf-6873331d1c1c,2,1,114,1188,230656,740,70,232584,231844,1188,274,42,1
500069eb-b528-47b9-8cbf-6873331d1c1c,2,1,115,176,232448,346,56,232970,232624,176,273,83,1
500069eb-b528-47b9-8cbf-6873331d1c1c,2,1,116,225,232960,347,0,233532,233185,225,0,85,1
500069eb-b528-47b9-8cbf-6873331d1c1c,2,1,117,259,233344,2895,0,236498,233603,259,0,0,1
500069eb-b528-47b9-8cbf-6873331d1c1c,2,1,118,252,236288,1481,42,238021,236540,252,188,5177,0
51cd8c6f-79cc-4c21-9a72-2bb7c3828e01,3,1,1,3090,7936,192,0,11218,11026,3090,0,79,2
51cd8c6f-79cc-4c21-9a72-2bb7c3828e01,3,1,2,1041,11136,113,10,12290,12177,1041,44,0,1
51cd8c6f-79cc-4c21-9a72-2bb7c3828e01,3,1,3,3865,12288,757,236,16910,16153,3865,948,0,3
51cd8c6f-79cc-4c21-9a72-2bb7c3828e01,3,1,4,2911,16896,396,155,20203,19807,2911,599,0,2
51cd8c6f-79cc-4c21-9a72-2bb7c3828e01,3,1,5,7539,20096,688,473,28323,27635,7539,1893,0,2
51cd8c6f-79cc-4c21-9a72-2bb7c3828e01,3,1,6,1082,28288,803,391,30173,29370,1082,1737,0,2
51cd8c6f-79cc-4c21-9a72-2bb7c3828e01,3,1,7,656,30080,484,123,31220,30736,656,455,0,2
51cd8c6f-79cc-4c21-9a72-2bb7c3828e01,3,1,8,2306,31104,246,50,33656,33410,2306,199,0,2
51cd8c6f-79cc-4c21-9a72-2bb7c3828e01,3,1,9,3223,33536,487,195,37246,36759,3223,769,0,2
51cd8c6f-79cc-4c21-9a72-2bb7c3828e01,3,1,10,249,37120,603,214,37972,37369,249,845,0,2
51cd8c6f-79cc-4c21-9a72-2bb7c3828e01,3,1,11,711,37888,757,377,39356,38599,711,1400,0,2
51cd8c6f-79cc-4c21-9a72-2bb7c3828e01,3,1,12,1917,39296,3940,318,45153,41213,1917,1264,80,3
51cd8c6f-79cc-4c21-9a72-2bb7c3828e01,3,1,13,1953,43264,1147,668,46364,45217,1953,2481,71,4
51cd8c6f-79cc-4c21-9a72-2bb7c3828e01,3,1,14,9363,46336,952,310,56651,55699,9363,1184,0,2
51cd8c6f-79cc-4c21-9a72-2bb7c3828e01,3,1,15,1505,56576,997,345,59078,58081,1505,1468,0,2
51cd8c6f-79cc-4c21-9a72-2bb7c3828e01,3,1,16,2598,59008,863,302,62469,61606,2598,1153,0,2
51cd8c6f-79cc-4c21-9a72-2bb7c3828e01,3,1,17,3467,62464,1018,667,66949,65931,3467,2480,0,3
51cd8c6f-79cc-4c21-9a72-2bb7c3828e01,3,1,18,6796,66944,588,383,74328,73740,6796,1426,0,2
51cd8c6f-79cc-4c21-9a72-2bb7c3828e01,3,1,19,152,74240,830,388,75222,74392,152,1529,0,3
51cd8c6f-79cc-4c21-9a72-2bb7c3828e01,3,1,20,3982,75136,927,393,80045,79118,3982,1357,0,2
51cd8c6f-79cc-4c21-9a72-2bb7c3828e01,3,1,21,242,80000,676,46,80918,80242,242,172,0,2
51cd8c6f-79cc-4c21-9a72-2bb7c3828e01,3,1,22,5631,80896,1606,1152,88133,86527,5631,4110,0,2
51cd8c6f-79cc-4c21-9a72-2bb7c3828e01,3,1,23,248,88064,1164,534,89476,88312,248,1995,0,3
51cd8c6f-79cc-4c21-9a72-2bb7c3828e01,3,1,24,580,89472,739,292,90791,90052,580,1033,0,2
51cd8c6f-79cc-4c21-9a72-2bb7c3828e01,3,1,25,213,90624,309,92,91146,90837,213,393,0,2
51cd8c6f-79cc-4c21-9a72-2bb7c3828e01,3,1,26,592,91136,361,129,92089,91728,592,493,0,2
51cd8c6f-79cc-4c21-9a72-2bb7c3828e01,3,1,27,4237,92032,141,80,96410,96269,4237,340,0,1
51cd8c6f-79cc-4c21-9a72-2bb7c3828e01,3,1,28,5037,96384,246,57,101667,101421,5037,224,0,2
51cd8c6f-79cc-4c21-9a72-2bb7c3828e01,3,1,29,3321,101632,926,464,105879,104953,3321,1735,0,2
51cd8c6f-79cc-4c21-9a72-2bb7c3828e01,3,1,30,3733,105856,510,112,110099,109589,3733,434,0,2
51cd8c6f-79cc-4c21-9a72-2bb7c3828e01,3,1,31,4784,110080,930,558,115794,114864,4784,1999,0,2
51cd8c6f-79cc-4c21-9a72-2bb7c3828e01,3,1,32,200,115712,996,476,116908,115912,200,1808,0,2
51cd8c6f-79cc-4c21-9a72-2bb7c3828e01,3,1,33,1398,116864,993,759,119255,118262,1398,3039,0,2
51cd8c6f-79cc-4c21-9a72-2bb7c3828e01,3,1,34,329,119168,383,126,119880,119497,329,505,0,2
51cd8c6f-79cc-4c21-9a72-2bb7c3828e01,3,1,35,831,119808,1625,1045,122264,120639,831,3924,0,3
51cd8c6f-79cc-4c21-9a72-2bb7c3828e01,3,1,36,862,122240,894,292,123996,123102,862,1134,0,2
51cd8c6f-79cc-4c21-9a72-2bb7c3828e01,3,1,37,2347,123904,1037,643,127288,126251,2347,2499,0,2
51cd8c6f-79cc-4c21-9a72-2bb7c3828e01,3,1,38,5039,127232,1042,510,133313,132271,5039,1850,0,2
51cd8c6f-79cc-4c21-9a72-2bb7c3828e01,3,1,39,513,133248,855,449,134616,133761,513,1688,0,2
51cd8c6f-79cc-4c21-9a72-2bb7c3828e01,3,1,40,1344,134528,600,218,136472,135872,1344,755,0,2
51cd8c6f-79cc-4c21-9a72-2bb7c3828e01,3,1,41,609,136448,464,124,137521,137057,609,507,0,2
51cd8c6f-79cc-4c21-9a72-2bb7c3828e01,3,1,42,140,137472,621,313,138233,137612,140,1312,0,2
51cd8c6f-79cc-4c21-9a72-2bb7c3828e01,3,1,43,2912,138112,726,340,141750,141024,2912,1249,0,2
51cd8c6f-79cc-4c21-9a72-2bb7c3828e01,3,1,44,408,141696,509,259,142613,142104,408,863,0,1
51cd8c6f-79cc-4c21-9a72-2bb7c3828e01,3,1,45,566,142592,965,620,144123,143158,566,2236,0,2
51cd8c6f-79cc-4c21-9a72-2bb7c3828e01,3,1,46,2994,144000,757,419,147751,146994,2994,1575,0,1
51cd8c6f-79cc-4c21-9a72-2bb7c3828e01,3,1,47,201,147712,701,143,148614,147913,201,473,0,2
51cd8c6f-79cc-4c21-9a72-2bb7c3828e01,3,1,48,3492,148608,849,704,152949,152100,3492,2544,0,1
51cd8c6f-79cc-4c21-9a72-2bb7c3828e01,3,1,49,2688,152832,663,312,156183,155520,2688,1157,0,1
51cd8c6f-79cc-4c21-9a72-2bb7c3828e01,3,1,50,233,156032,494,72,156759,156265,233,263,0,1
51cd8c6f-79cc-4c21-9a72-2bb7c3828e01,3,1,51,1781,156672,614,259,159067,158453,1781,915,0,1
51cd8c6f-79cc-4c21-9a72-2bb7c3828e01,3,1,52,665,158976,4661,1638,164302,159641,665,5922,45,1
51cd8c6f-79cc-4c21-9a72-2bb7c3828e01,3,1,53,135,164224,699,336,165058,164359,135,1085,0,2
51cd8c6f-79cc-4c21-9a72-2bb7c3828e01,3,1,54,243,164864,3090,118,168197,165107,243,467,46,1
51cd8c6f-79cc-4c21-9a72-2bb7c3828e01,3,1,55,190,168064,154,0,168408,168254,190,0,0,1
51cd8c6f-79cc-4c21-9a72-2bb7c3828e01,3,1,56,154,168320,337,190,168811,168474,154,823,0,1
51cd8c6f-79cc-4c21-9a72-2bb7c3828e01,3,1,57,201,168704,1025,160,169930,168905,201,606,0,1
51cd8c6f-79cc-4c21-9a72-2bb7c3828e01,3,1,58,245,169728,558,0,170531,169973,245,0,0,1
51cd8c6f-79cc-4c21-9a72-2bb7c3828e01,3,1,59,206,170368,145,0,170719,170574,206,0,0,1
51cd8c6f-79cc-4c21-9a72-2bb7c3828e01,3,1,60,254,170496,704,211,171454,170750,254,861,0,1
51cd8c6f-79cc-4c21-9a72-2bb7c3828e01,3,1,61,233,171264,111,32,171608,171497,233,154,0,1
51cd8c6f-79cc-4c21-9a72-2bb7c3828e01,3,1,62,1846,171520,291,96,173657,173366,1846,347,0,1
51cd8c6f-79cc-4c21-9a72-2bb7c3828e01,3,1,63,260,173440,76,0,173776,173700,260,0,0,1
51cd8c6f-79cc-4c21-9a72-2bb7c3828e01,3,1,64,232,173568,1414,0,175214,173800,232,0,0,1
51cd8c6f-79cc-4c21-9a72-2bb7c3828e01,3,1,65,149,175104,816,0,176069,175253,149,0,2995,0
51f796a3-f550-4344-be44-eba389ff8b73,3,1,1,2598,7936,188,0,10722,10534,2598,0,73,2
51f796a3-f550-4344-be44-eba389ff8b73,3,1,2,2583,10624,298,39,13505,13207,2583,161,92,2
51f796a3-f550-4344-be44-eba389ff8b73,3,1,3,5775,13440,601,281,19816,19215,5775,1092,118,2
51f796a3-f550-4344-be44-eba389ff8b73,3,1,4,1024,19712,272,61,21008,20736,1024,256,0,2
51f796a3-f550-4344-be44-eba389ff8b73,3,1,5,1653,20992,350,152,22995,22645,1653,617,0,3
51f796a3-f550-4344-be44-eba389ff8b73,3,1,6,6828,22912,710,494,30450,29740,6828,1819,89,3
51f796a3-f550-4344-be44-eba389ff8b73,3,1,7,4388,30336,675,416,35399,34724,4388,1549,0,3
51f796a3-f550-4344-be44-eba389ff8b73,3,1,8,2339,35328,264,98,37931,37667,2339,313,0,2
51f796a3-f550-4344-be44-eba389ff8b73,3,1,9,1953,37888,511,245,40352,39841,1953,956,0,3
51f796a3-f550-4344-be44-eba389ff8b73,3,1,10,7188,40320,519,214,48027,47508,7188,772,68,2
51f796a3-f550-4344-be44-eba389ff8b73,3,1,11,863,48000,369,99,49232,48863,863,364,0,2
51f796a3-f550-4344-be44-eba389ff8b73,3,1,12,49263,49152,542,293,98957,98415,49263,1065,0,4
51f796a3-f550-4344-be44-eba389ff8b73,3,1,13,13008,98944,801,384,112753,111952,13008,1407,119,3
51f796a3-f550-4344-be44-eba389ff8b73,3,1,14,2429,112640,579,377,115648,115069,2429,1504,0,2
51f796a3-f550-4344-be44-eba389ff8b73,3,1,15,2013,115584,661,395,118258,117597,2013,1411,0,2
51f796a3-f550-4344-be44-eba389ff8b73,3,1,16,954,118144,604,299,119702,119098,954,1177,89,2
51f796a3-f550-4344-be44-eba389ff8b73,3,1,17,919,119680,413,114,121012,120599,919,417,0,2
51f796a3-f550-4344-be44-eba389ff8b73,3,1,18,1410,120960,782,454,123152,122370,1410,1725,65,2
51f796a3-f550-4344-be44-eba389ff8b73,3,1,19,1177,123136,570,293,124883,124313,1177,1094,0,2
51f796a3-f550-4344-be44-eba389ff8b73,3,1,20,311,124800,358,142,125469,125111,311,600,0,2
51f796a3-f550-4344-be44-eba389ff8b73,3,1,21,4967,125440,393,228,130800,130407,4967,836,0,1
51f796a3-f550-4344-be44-eba389ff8b73,3,1,22,3347,130688,481,290,134516,134035,3347,1091,0,1
51f796a3-f550-4344-be44-eba389ff8b73,3,1,23,661,134400,307,120,135368,135061,661,369,0,2
51f796a3-f550-4344-be44-eba389ff8b73,3,1,24,1119,135296,200,124,136615,136415,1119,412,0,1
51f796a3-f550-4344-be44-eba389ff8b73,3,1,25,1311,136576,5961,2254,143848,137887,1311,8881,74,1
51f796a3-f550-4344-be44-eba389ff8b73,3,1,26,144,143744,3046,0,146934,143888,144,0,10980,0
51fc805d-9281-411b-af39-b6f876f81b1d,2,1,1,2740,7936,290,52,10966,10676,2740,242,108,2
51fc805d-9281-411b-af39-b6f876f81b1d,2,1,2,2630,10880,753,182,14263,13510,2630,666,0,3
51fc805d-9281-411b-af39-b6f876f81b1d,2,1,3,1371,14208,615,273,16194,15579,1371,954,0,2
51fc805d-9281-411b-af39-b6f876f81b1d,2,1,4,453,16128,818,585,17399,16581,453,2054,83,2
51fc805d-9281-411b-af39-b6f876f81b1d,2,1,5,2263,17280,896,598,20439,19543,2263,2007,0,2
51fc805d-9281-411b-af39-b6f876f81b1d,2,1,6,2028,20352,350,75,22730,22380,2028,312,0,2
51fc805d-9281-411b-af39-b6f876f81b1d,2,1,7,632,22656,417,105,23705,23288,632,442,0,2
51fc805d-9281-411b-af39-b6f876f81b1d,2,1,8,985,23680,739,256,25404,24665,985,911,164,2
51fc805d-9281-411b-af39-b6f876f81b1d,2,1,9,739,25344,557,137,26640,26083,739,480,0,2
51fc805d-9281-411b-af39-b6f876f81b1d,2,1,10,423,26624,635,342,27682,27047,423,1216,0,2
51fc805d-9281-411b-af39-b6f876f81b1d,2,1,11,214,27520,466,119,28200,27734,214,452,0,2
51fc805d-9281-411b-af39-b6f876f81b1d,2,1,12,1841,28160,488,113,30489,30001,1841,392,0,2
51fc805d-9281-411b-af39-b6f876f81b1d,2,1,13,244,30464,703,313,31411,30708,244,1165,0,2
51fc805d-9281-411b-af39-b6f876f81b1d,2,1,14,135,31360,455,82,31950,31495,135,320,0,2
51fc805d-9281-411b-af39-b6f876f81b1d,2,1,15,560,31872,713,237,33145,32432,560,654,89,2
51fc805d-9281-411b-af39-b6f876f81b1d,2,1,16,268,33024,618,316,33910,33292,268,1166,0,2
51fc805d-9281-411b-af39-b6f876f81b1d,2,1,17,10031,33792,3449,1561,47272,43823,10031,6178,209,2
51fc805d-9281-411b-af39-b6f876f81b1d,2,1,18,246,47104,493,155,47843,47350,246,543,0,2
51fc805d-9281-411b-af39-b6f876f81b1d,2,1,19,1187,47744,1357,923,50288,48931,1187,3736,106,2
51fc805d-9281-411b-af39-b6f876f81b1d,2,1,20,627,50176,1066,660,51869,50803,627,2427,0,2
51fc805d-9281-411b-af39-b6f876f81b1d,2,1,21,1111,51840,1434,1085,54385,52951,1111,3872,0,2
51fc805d-9281-411b-af39-b6f876f81b1d,2,1,22,554,54272,749,340,55575,54826,554,1157,0,2
51fc805d-9281-411b-af39-b6f876f81b1d,2,1,23,1669,55552,1024,552,58245,57221,1669,1937,0,2
51fc805d-9281-411b-af39-b6f876f81b1d,2,1,24,162,58240,852,466,59254,58402,162,1566,0,2
51fc805d-9281-411b-af39-b6f876f81b1d,2,1,25,1490,59136,682,288,61308,60626,1490,1206,0,2
51fc805d-9281-411b-af39-b6f876f81b1d,2,1,26,1769,61184,1671,1328,64624,62953,1769,5178,0,2
51fc805d-9281-411b-af39-b6f876f81b1d,2,1,27,1490,64512,697,293,66699,66002,1490,1078,0,2
51fc805d-9281-411b-af39-b6f876f81b1d,2,1,28,384,66688,1137,620,68209,67072,384,2122,0,2
51fc805d-9281-411b-af39-b6f876f81b1d,2,1,29,664,68096,733,224,69493,68760,664,714,0,2
51fc805d-9281-411b-af39-b6f876f81b1d,2,1,30,717,69376,2002,1623,72095,70093,717,6048,0,2
51fc805d-9281-411b-af39-b6f876f81b1d,2,1,31,507,72064,766,288,73337,72571,507,898,0,2
51fc805d-9281-411b-af39-b6f876f81b1d,2,1,32,1256,73216,400,240,74872,74472,1256,939,0,1
51fc805d-9281-411b-af39-b6f876f81b1d,2,1,33,753,74752,1283,912,76788,75505,753,3402,87,2
51fc805d-9281-411b-af39-b6f876f81b1d,2,1,34,783,76672,847,490,78302,77455,783,1776,0,2
51fc805d-9281-411b-af39-b6f876f81b1d,2,1,35,7227,78208,1539,1106,86974,85435,7227,4070,0,2
51fc805d-9281-411b-af39-b6f876f81b1d,2,1,36,553,86912,619,274,88084,87465,553,1064,0,2
51fc805d-9281-411b-af39-b6f876f81b1d,2,1,37,2771,88064,1485,1059,92320,90835,2771,3995,0,2
51fc805d-9281-411b-af39-b6f876f81b1d,2,1,38,990,92288,961,399,94239,93278,990,1449,112,2
51fc805d-9281-411b-af39-b6f876f81b1d,2,1,39,1135,94208,748,330,96091,95343,1135,1075,0,2
51fc805d-9281-411b-af39-b6f876f81b1d,2,1,40,756,96000,1246,893,98002,96756,756,3372,0,2
51fc805d-9281-411b-af39-b6f876f81b1d,2,1,41,782,97920,959,334,99661,98702,782,1152,0,2
51fc805d-9281-411b-af39-b6f876f81b1d,2,1,42,299,99584,628,342,100511,99883,299,1192,0,2
51fc805d-9281-411b-af39-b6f876f81b1d,2,1,43,917,100480,495,294,101892,101397,917,881,0,1
51fc805d-9281-411b-af39-b6f876f81b1d,2,1,44,260,101760,259,42,102279,102020,260,155,0,1
51fc805d-9281-411b-af39-b6f876f81b1d,2,1,45,219,102144,193,49,102556,102363,219,185,0,1
51fc805d-9281-411b-af39-b6f876f81b1d,2,1,46,624,102528,374,246,103526,103152,624,778,0,1
51fc805d-9281-411b-af39-b6f876f81b1d,2,1,47,2451,103424,973,663,106848,105875,2451,2491,106,1
51fc805d-9281-411b-af39-b6f876f81b1d,2,1,48,471,106752,343,134,107566,107223,471,476,0,1
51fc805d-9281-411b-af39-b6f876f81b1d,2,1,49,307,107520,1304,860,109131,107827,307,2891,92,2
51fc805d-9281-411b-af39-b6f876f81b1d,2,1,50,1373,109056,928,456,111357,110429,1373,1562,0,2
51fc805d-9281-411b-af39-b6f876f81b1d,2,1,51,447,111232,399,131,112078,111679,447,516,0,2
51fc805d-9281-411b-af39-b6f876f81b1d,2,1,52,1373,112000,997,730,114370,113373,1373,2583,0,2
51fc805d-9281-411b-af39-b6f876f81b1d,2,1,53,1349,114304,602,406,116255,115653,1349,1693,0,1
51fc805d-9281-411b-af39-b6f876f81b1d,2,1,54,5279,116224,860,384,122363,121503,5279,1231,153,2
51fc805d-9281-411b-af39-b6f876f81b1d,2,1,55,782,122240,798,477,123820,123022,782,1729,0,1
51fc805d-9281-411b-af39-b6f876f81b1d,2,1,56,631,123776,636,404,125043,124407,631,1542,143,1
51fc805d-9281-411b-af39-b6f876f81b1d,2,1,57,623,124928,680,187,126231,125551,623,625,0,2
51fc805d-9281-411b-af39-b6f876f81b1d,2,1,58,2424,126208,733,414,129365,128632,2424,1631,0,2
51fc805d-9281-411b-af39-b6f876f81b1d,2,1,59,1482,129280,897,853,131659,130762,1482,3244,90,1
51fc805d-9281-411b-af39-b6f876f81b1d,2,1,60,162,131584,10340,4628,142086,131746,162,18287,55,1
51fc805d-9281-411b-af39-b6f876f81b1d,2,1,61,191,141952,239,70,142382,142143,191,285,0,2
51fc805d-9281-411b-af39-b6f876f81b1d,2,1,62,181,142336,5676,795,148193,142517,181,2815,96,1
51fc805d-9281-411b-af39-b6f876f81b1d,2,1,63,154,148096,166,27,148416,148250,154,117,0,2
51fc805d-9281-411b-af39-b6f876f81b1d,2,1,64,173,148352,5030,463,153555,148525,173,1499,59,1
51fc805d-9281-411b-af39-b6f876f81b1d,2,1,65,140,153472,188,53,153800,153612,140,242,0,2
51fc805d-9281-411b-af39-b6f876f81b1d,2,1,66,181,153728,2407,1284,156316,153909,181,4695,58,4
51fc805d-9281-411b-af39-b6f876f81b1d,2,1,67,188,156288,370,39,156846,156476,188,141,0,1
51fc805d-9281-411b-af39-b6f876f81b1d,2,1,68,217,156672,1654,522,158543,156889,217,1720,0,2
51fc805d-9281-411b-af39-b6f876f81b1d,2,1,69,161,158464,160,22,158785,158625,161,90,0,2
51fc805d-9281-411b-af39-b6f876f81b1d,2,1,70,174,158720,1808,977,160702,158894,174,3707,0,2
51fc805d-9281-411b-af39-b6f876f81b1d,2,1,71,144,160640,187,52,160971,160784,144,224,0,2
51fc805d-9281-411b-af39-b6f876f81b1d,2,1,72,184,160896,844,645,161924,161080,184,2539,160,2
51fc805d-9281-411b-af39-b6f876f81b1d,2,1,73,337,161920,2537,681,164794,162257,337,2282,75,2
51fc805d-9281-411b-af39-b6f876f81b1d,2,1,74,214,164736,607,377,165557,164950,214,1525,135,1
51fc805d-9281-411b-af39-b6f876f81b1d,2,1,75,591,165504,341,114,166436,166095,591,449,0,1
51fc805d-9281-411b-af39-b6f876f81b1d,2,1,76,1464,166400,1339,615,169203,167864,1464,2300,165,2
51fc805d-9281-411b-af39-b6f876f81b1d,2,1,77,197,169088,449,190,169734,169285,197,770,0,1
51fc805d-9281-411b-af39-b6f876f81b1d,2,1,78,177,169600,242,35,170019,169777,177,166,0,2
51fc805d-9281-411b-af39-b6f876f81b1d,2,1,79,225,169856,1127,553,171208,170081,225,2155,0,1
51fc805d-9281-411b-af39-b6f876f81b1d,2,1,80,240,171008,1496,189,172744,171248,240,785,4469,0
52f269b0-843f-4c9a-9902-198968ecd5f5,3,1,1,3129,7936,188,0,11253,11065,3129,0,95,2
52f269b0-843f-4c9a-9902-198968ecd5f5,3,1,2,1766,11136,489,91,13391,12902,1766,417,0,2
52f269b0-843f-4c9a-9902-198968ecd5f5,3,1,3,958,13312,273,30,14543,14270,958,132,0,2
52f269b0-843f-4c9a-9902-198968ecd5f5,3,1,4,9988,14464,509,45,24961,24452,9988,175,0,2
52f269b0-843f-4c9a-9902-198968ecd5f5,3,1,5,6478,24960,3523,227,34961,31438,6478,1044,103,3
52f269b0-843f-4c9a-9902-198968ecd5f5,3,1,6,247,34816,508,47,35571,35063,247,199,68,2
52f269b0-843f-4c9a-9902-198968ecd5f5,3,1,7,326,35456,1355,40,37137,35782,326,148,0,2
52f269b0-843f-4c9a-9902-198968ecd5f5,3,1,8,399,37120,711,501,38230,37519,399,1940,66,4
52f269b0-843f-4c9a-9902-198968ecd5f5,3,1,9,6066,38144,630,178,44840,44210,6066,626,50,3
52f269b0-843f-4c9a-9902-198968ecd5f5,3,1,10,4386,44800,523,52,49709,49186,4386,193,111,1
52f269b0-843f-4c9a-9902-198968ecd5f5,3,1,11,189,49664,299,13,50152,49853,189,71,0,2
52f269b0-843f-4c9a-9902-198968ecd5f5,3,1,12,631,50048,247,59,50926,50679,631,160,0,2
52f269b0-843f-4c9a-9902-198968ecd5f5,3,1,13,3363,50816,394,190,54573,54179,3363,790,74,2
52f269b0-843f-4c9a-9902-198968ecd5f5,3,1,14,1991,54528,408,132,56927,56519,1991,592,0,3
52f269b0-843f-4c9a-9902-198968ecd5f5,3,1,15,2025,56832,363,67,59220,58857,2025,303,0,2
52f269b0-843f-4c9a-9902-198968ecd5f5,3,1,16,2652,59136,302,110,62090,61788,2652,427,0,2
52f269b0-843f-4c9a-9902-198968ecd5f5,3,1,17,1279,62080,441,158,63800,63359,1279,623,0,3
52f269b0-843f-4c9a-9902-198968ecd5f5,3,1,18,1979,63744,627,406,66350,65723,1979,1771,59,4
52f269b0-843f-4c9a-9902-198968ecd5f5,3,1,19,4163,66304,455,145,70922,70467,4163,526,80,3
52f269b0-843f-4c9a-9902-198968ecd5f5,3,1,20,5848,70912,394,182,77154,76760,5848,684,0,3
52f269b0-843f-4c9a-9902-198968ecd5f5,3,1,21,15447,77056,462,189,92965,92503,15447,761,71,2
52f269b0-843f-4c9a-9902-198968ecd5f5,3,1,22,3448,92928,332,56,96708,96376,3448,172,0,3
52f269b0-843f-4c9a-9902-198968ecd5f5,3,1,23,2284,96640,264,142,99188,98924,2284,588,0,2
52f269b0-843f-4c9a-9902-198968ecd5f5,3,1,24,3542,99072,859,628,103473,102614,3542,2260,67,4
52f269b0-843f-4c9a-9902-198968ecd5f5,3,1,25,16739,103424,685,437,120848,120163,16739,1524,34,4
52f269b0-843f-4c9a-9902-198968ecd5f5,3,1,26,16705,120832,497,300,138034,137537,16705,1101,56,3
52f269b0-843f-4c9a-9902-198968ecd5f5,3,1,27,8900,137984,859,296,147743,146884,8900,1173,0,1
52f269b0-843f-4c9a-9902-198968ecd5f5,3,1,28,236,147584,711,168,148531,147820,236,624,0,1
52f269b0-843f-4c9a-9902-198968ecd5f5,3,1,29,195,148480,317,143,148992,148675,195,505,0,3
52f269b0-843f-4c9a-9902-198968ecd5f5,3,1,30,1753,148992,823,298,151568,150745,1753,1111,0,1
52f269b0-843f-4c9a-9902-198968ecd5f5,3,1,31,903,150784,682,198,152369,151687,903,824,0,1
52f269b0-843f-4c9a-9902-198968ecd5f5,3,1,32,364,152320,306,127,152990,152684,364,452,69,3
52f269b0-843f-4c9a-9902-198968ecd5f5,3,1,33,4185,152960,364,223,157509,157145,4185,865,60,2
52f269b0-843f-4c9a-9902-198968ecd5f5,3,1,34,1704,157440,790,205,159934,159144,1704,641,117,2
52f269b0-843f-4c9a-9902-198968ecd5f5,3,1,35,1083,159872,501,76,161456,160955,1083,263,0,1
52f269b0-843f-4c9a-9902-198968ecd5f5,3,1,36,694,161408,205,89,162307,162102,694,327,58,1
52f269b0-843f-4c9a-9902-198968ecd5f5,3,1,37,2932,162304,1032,648,166268,165236,2932,2368,0,2
52f269b0-843f-4c9a-9902-198968ecd5f5,3,1,38,3866,166144,457,269,170467,170010,3866,986,0,2
52f269b0-843f-4c9a-9902-198968ecd5f5,3,1,39,1272,170368,5755,252,177395,171640,1272,786,89,4
52f269b0-843f-4c9a-9902-198968ecd5f5,3,1,40,369,177280,5044,31,182693,177649,369,133,0,4
52f269b0-843f-4c9a-9902-198968ecd5f5,3,1,41,277,182656,5215,63,188148,182933,277,243,0,1
52f269b0-843f-4c9a-9902-198968ecd5f5,3,1,42,178,188032,12581,85,200791,188210,178,375,25,1
52f269b0-843f-4c9a-9902-198968ecd5f5,3,1,43,148,200704,571,118,201423,200852,148,514,0,1
52f269b0-843f-4c9a-9902-198968ecd5f5,3,1,44,483,201344,288,49,202115,201827,483,210,138,1
52f269b0-843f-4c9a-9902-198968ecd5f5,3,1,45,182,201984,103,18,202269,202166,182,85,0,1
52f269b0-843f-4c9a-9902-198968ecd5f5,3,1,46,172,202112,151,55,202435,202284,172,211,0,1
52f269b0-843f-4c9a-9902-198968ecd5f5,3,1,47,430,202368,133,47,202931,202798,430,197,0,1
52f269b0-843f-4c9a-9902-198968ecd5f5,3,1,48,248,202752,208,0,203208,203000,248,0,0,1
52f269b0-843f-4c9a-9902-198968ecd5f5,3,1,49,248,203008,157,41,203413,203256,248,185,0,1
52f269b0-843f-4c9a-9902-198968ecd5f5,3,1,50,475,203392,402,0,204269,203867,475,0,68,1
52f269b0-843f-4c9a-9902-198968ecd5f5,3,1,51,238,204160,1880,0,206278,204398,238,0,0,1
52f269b0-843f-4c9a-9902-198968ecd5f5,3,1,52,241,206080,785,0,207106,206321,241,0,3096,0
53ed1b24-a136-4bab-84d3-06ff837a055d,3,1,1,3343,7936,210,0,11489,11279,3343,0,88,2
53ed1b24-a136-4bab-84d3-06ff837a055d,3,1,2,1073,11392,199,17,12664,12465,1073,102,0,2
53ed1b24-a136-4bab-84d3-06ff837a055d,3,1,3,3978,12544,324,23,16846,16522,3978,151,0,2
53ed1b24-a136-4bab-84d3-06ff837a055d,3,1,4,14220,16768,486,176,31474,30988,14220,896,0,2
53ed1b24-a136-4bab-84d3-06ff837a055d,3,1,5,11068,31360,302,77,42730,42428,11068,389,0,2
53ed1b24-a136-4bab-84d3-06ff837a055d,3,1,6,5186,42624,414,65,48224,47810,5186,273,0,2
53ed1b24-a136-4bab-84d3-06ff837a055d,3,1,7,1167,48128,256,47,49551,49295,1167,212,0,2
53ed1b24-a136-4bab-84d3-06ff837a055d,3,1,8,346,49536,259,20,50141,49882,346,88,0,2
53ed1b24-a136-4bab-84d3-06ff837a055d,3,1,9,9485,50048,401,150,59934,59533,9485,798,0,2
53ed1b24-a136-4bab-84d3-06ff837a055d,3,1,10,1087,59904,285,72,61276,60991,1087,345,0,2
53ed1b24-a136-4bab-84d3-06ff837a055d,3,1,11,3759,61184,321,71,65264,64943,3759,333,0,2
53ed1b24-a136-4bab-84d3-06ff837a055d,3,1,12,5072,65152,719,434,70943,70224,5072,2057,0,2
53ed1b24-a136-4bab-84d3-06ff837a055d,3,1,13,3230,70912,445,142,74587,74142,3230,682,0,2
53ed1b24-a136-4bab-84d3-06ff837a055d,3,1,14,6452,74496,438,136,81386,80948,6452,685,0,2
53ed1b24-a136-4bab-84d3-06ff837a055d,3,1,15,10862,81280,339,45,92481,92142,10862,235,0,2
53ed1b24-a136-4bab-84d3-06ff837a055d,3,1,16,862,92416,401,49,93679,93278,862,252,0,2
53ed1b24-a136-4bab-84d3-06ff837a055d,3,1,17,218,93568,241,80,94027,93786,218,339,0,2
53ed1b24-a136-4bab-84d3-06ff837a055d,3,1,18,5719,93952,329,78,100000,99671,5719,322,0,2
53ed1b24-a136-4bab-84d3-06ff837a055d,3,1,19,707,99968,179,32,100854,100675,707,144,0,1
53ed1b24-a136-4bab-84d3-06ff837a055d,3,1,20,153,100736,230,56,101119,100889,153,272,0,2
53ed1b24-a136-4bab-84d3-06ff837a055d,3,1,21,852,100992,576,108,102420,101844,852,494,0,2
53ed1b24-a136-4bab-84d3-06ff837a055d,3,1,22,396,102400,225,23,103021,102796,396,104,0,2
53ed1b24-a136-4bab-84d3-06ff837a055d,3,1,23,1696,102912,361,145,104969,104608,1696,677,0,2
53ed1b24-a136-4bab-84d3-06ff837a055d,3,1,24,914,104960,182,65,106056,105874,914,291,0,2
53ed1b24-a136-4bab-84d3-06ff837a055d,3,1,25,8437,105984,404,153,114825,114421,8437,740,0,2
53ed1b24-a136-4bab-84d3-06ff837a055d,3,1,26,643,114816,220,48,115679,115459,643,245,0,2
53ed1b24-a136-4bab-84d3-06ff837a055d,3,1,27,3946,115584,571,287,120101,119530,3946,1249,0,2
53ed1b24-a136-4bab-84d3-06ff837a055d,3,1,28,4581,120064,432,142,125077,124645,4581,649,0,2
53ed1b24-a136-4bab-84d3-06ff837a055d,3,1,29,1781,125056,197,60,127034,126837,1781,263,0,2
53ed1b24-a136-4bab-84d3-06ff837a055d,3,1,30,5268,126976,286,76,132530,132244,5268,280,0,2
53ed1b24-a136-4bab-84d3-06ff837a055d,3,1,31,440,132480,300,89,133220,132920,440,377,0,2
53ed1b24-a136-4bab-84d3-06ff837a055d,3,1,32,5875,133120,564,308,139559,138995,5875,1398,0,2
53ed1b24-a136-4bab-84d3-06ff837a055d,3,1,33,4690,139520,7253,218,151463,144210,4690,1056,63,1
53ed1b24-a136-4bab-84d3-06ff837a055d,3,1,34,232,151296,171,47,151699,151528,232,176,0,1
53ed1b24-a136-4bab-84d3-06ff837a055d,3,1,35,213,151552,295,85,152060,151765,213,357,0,1
53ed1b24-a136-4bab-84d3-06ff837a055d,3,1,36,158,151936,6188,151,158282,152094,158,676,71,1
53ed1b24-a136-4bab-84d3-06ff837a055d,3,1,37,139,158208,167,0,158514,158347,139,0,0,1
53ed1b24-a136-4bab-84d3-06ff837a055d,3,1,38,209,158336,6130,214,164675,158545,209,928,66,1
53ed1b24-a136-4bab-84d3-06ff837a055d,3,1,39,260,164480,145,0,164885,164740,260,0,0,1
53ed1b24-a136-4bab-84d3-06ff837a055d,3,1,40,175,164736,265,54,165176,164911,175,297,0,1
53ed1b24-a136-4bab-84d3-06ff837a055d,3,1,41,211,164992,219,85,165422,165203,211,374,0,1
53ed1b24-a136-4bab-84d3-06ff837a055d,3,1,42,258,165376,667,107,166301,165634,258,472,0,1
53ed1b24-a136-4bab-84d3-06ff837a055d,3,1,43,223,166144,103,0,166470,166367,223,0,0,1
53ed1b24-a136-4bab-84d3-06ff837a055d,3,1,44,1839,166400,99,0,168338,168239,1839,0,0,1
53ed1b24-a136-4bab-84d3-06ff837a055d,3,1,45,346,168320,544,44,169210,168666,346,223,0,1
53ed1b24-a136-4bab-84d3-06ff837a055d,3,1,46,173,169088,297,92,169558,169261,173,362,0,1
53ed1b24-a136-4bab-84d3-06ff837a055d,3,1,47,258,169344,634,148,170236,169602,258,643,0,1
53ed1b24-a136-4bab-84d3-06ff837a055d,3,1,48,175,170112,433,0,170720,170287,175,0,0,1
53ed1b24-a136-4bab-84d3-06ff837a055d,3,1,49,147,170624,249,26,171020,170771,147,129,0,1
53ed1b24-a136-4bab-84d3-06ff837a055d,3,1,50,164,171008,211,96,171383,171172,164,406,0,1
53ed1b24-a136-4bab-84d3-06ff837a055d,3,1,51,151,171264,1550,0,172965,171415,151,0,0,1
53ed1b24-a136-4bab-84d3-06ff837a055d,3,1,52,204,172800,709,0,173713,173004,204,0,2988,0
54430afb-5e40-47af-b371-e15deabcbf27,3,1,1,2846,7936,349,0,11131,10782,2846,0,96,2
54430afb-5e40-47af-b371-e15deabcbf27,3,1,2,863,11008,486,63,12357,11871,863,283,90,2
54430afb-5e40-47af-b371-e15deabcbf27,3,1,3,485,12288,503,65,13276,12773,485,258,86,2
54430afb-5e40-47af-b371-e15deabcbf27,3,1,4,1050,13184,674,101,14908,14234,1050,431,110,2
54430afb-5e40-47af-b371-e15deabcbf27,3,1,5,15478,14848,734,295,31060,30326,15478,1209,103,2
54430afb-5e40-47af-b371-e15deabcbf27,3,1,6,446,30976,715,185,32137,31422,446,738,103,2
54430afb-5e40-47af-b371-e15deabcbf27,3,1,7,1619,32128,589,202,34336,33747,1619,644,87,2
54430afb-5e40-47af-b371-e15deabcbf27,3,1,8,5676,34304,933,207,40913,39980,5676,759,95,1
54430afb-5e40-47af-b371-e15deabcbf27,3,1,9,198,40832,1062,88,42092,41030,198,369,95,1
54430afb-5e40-47af-b371-e15deabcbf27,3,1,10,686,41984,604,60,43274,42670,686,247,94,2
54430afb-5e40-47af-b371-e15deabcbf27,3,1,11,6235,43264,672,257,50171,49499,6235,1002,126,2
54430afb-5e40-47af-b371-e15deabcbf27,3,1,12,7936,50048,1162,780,59146,57984,7936,2992,49,2
54430afb-5e40-47af-b371-e15deabcbf27,3,1,13,6360,59136,526,290,66022,65496,6360,1095,120,1
54430afb-5e40-47af-b371-e15deabcbf27,3,1,14,292,65920,686,80,66898,66212,292,316,80,1
54430afb-5e40-47af-b371-e15deabcbf27,3,1,15,1798,66816,628,347,69242,68614,1798,1232,80,2
54430afb-5e40-47af-b371-e15deabcbf27,3,1,16,4997,69120,655,335,74772,74117,4997,1266,97,2
54430afb-5e40-47af-b371-e15deabcbf27,3,1,17,4145,74752,625,293,79522,78897,4145,1104,98,2
54430afb-5e40-47af-b371-e15deabcbf27,3,1,18,1737,79488,451,155,81676,81225,1737,597,100,1
54430afb-5e40-47af-b371-e15deabcbf27,3,1,19,3851,81664,250,95,85765,85515,3851,394,73,1
54430afb-5e40-47af-b371-e15deabcbf27,3,1,20,10026,85760,483,145,96269,95786,10026,594,72,1
54430afb-5e40-47af-b371-e15deabcbf27,3,1,21,1339,96256,799,387,98394,97595,1339,1401,88,2
54430afb-5e40-47af-b371-e15deabcbf27,3,1,22,1985,98304,493,305,100782,100289,1985,1146,86,2
54430afb-5e40-47af-b371-e15deabcbf27,3,1,23,1060,100736,507,106,102303,101796,1060,378,0,2
54430afb-5e40-47af-b371-e15deabcbf27,3,1,24,615,102272,410,114,103297,102887,615,464,0,2
54430afb-5e40-47af-b371-e15deabcbf27,3,1,25,890,103296,525,180,104711,104186,890,712,0,2
54430afb-5e40-47af-b371-e15deabcbf27,3,1,26,1617,104704,737,353,107058,106321,1617,1243,84,2
54430afb-5e40-47af-b371-e15deabcbf27,3,1,27,1261,107008,492,218,108761,108269,1261,897,0,1
54430afb-5e40-47af-b371-e15deabcbf27,3,1,28,1230,108672,386,224,110288,109902,1230,982,0,1
54430afb-5e40-47af-b371-e15deabcbf27,3,1,29,676,110208,267,51,111151,110884,676,193,0,1
54430afb-5e40-47af-b371-e15deabcbf27,3,1,30,194,110976,137,29,111307,111170,194,93,0,1
54430afb-5e40-47af-b371-e15deabcbf27,3,1,31,217,111104,3408,3068,114729,111321,217,11013,86,1
54430afb-5e40-47af-b371-e15deabcbf27,3,1,32,203,114560,449,0,115212,114763,203,0,0,2
54430afb-5e40-47af-b371-e15deabcbf27,3,1,33,2708,115200,583,434,118491,117908,2708,1559,87,1
54430afb-5e40-47af-b371-e15deabcbf27,3,1,34,1059,118400,636,383,120095,119459,1059,1333,0,1
54430afb-5e40-47af-b371-e15deabcbf27,3,1,35,699,120064,272,69,121035,120763,699,269,0,1
54430afb-5e40-47af-b371-e15deabcbf27,3,1,36,325,120960,2313,2200,123598,121285,325,7086,64,1
54430afb-5e40-47af-b371-e15deabcbf27,3,1,37,1113,123520,8529,0,133162,124633,1113,0,0,1
54430afb-5e40-47af-b371-e15deabcbf27,3,1,38,227,132992,151,30,133370,133219,227,148,0,1
54430afb-5e40-47af-b371-e15deabcbf27,3,1,39,223,133248,1633,0,135104,133471,223,0,90,2
54430afb-5e40-47af-b371-e15deabcbf27,3,1,40,253,134912,948,21,136113,135165,253,91,3043,0
56542a81-0524-4af5-acd1-92a7cbbf9c8b,1,1,1,2629,7936,200,0,10765,10565,2629,0,93,2
56542a81-0524-4af5-acd1-92a7cbbf9c8b,1,1,2,1625,10752,3045,2867,15422,12377,1625,11283,0,2
56542a81-0524-4af5-acd1-92a7cbbf9c8b,1,1,3,4518,12288,238,45,17044,16806,4518,200,0,2
56542a81-0524-4af5-acd1-92a7cbbf9c8b,1,1,4,3613,17024,624,346,21261,20637,3613,1241,87,2
56542a81-0524-4af5-acd1-92a7cbbf9c8b,1,1,5,14720,21248,682,499,36650,35968,14720,1762,0,4
56542a81-0524-4af5-acd1-92a7cbbf9c8b,1,1,6,11032,36608,333,144,47973,47640,11032,578,0,2
56542a81-0524-4af5-acd1-92a7cbbf9c8b,1,1,7,1426,47872,447,124,49745,49298,1426,447,56,2
56542a81-0524-4af5-acd1-92a7cbbf9c8b,1,1,8,2750,49664,1135,381,53549,52414,2750,1267,0,2
56542a81-0524-4af5-acd1-92a7cbbf9c8b,1,1,9,965,53120,493,287,54578,54085,965,1181,0,2
56542a81-0524-4af5-acd1-92a7cbbf9c8b,1,1,10,21080,54528,492,187,76100,75608,21080,679,0,2
56542a81-0524-4af5-acd1-92a7cbbf9c8b,1,1,11,1675,76032,3478,3137,81185,77707,1675,11824,108,2
56542a81-0524-4af5-acd1-92a7cbbf9c8b,1,1,12,780,81152,497,133,82429,81932,780,591,0,2
56542a81-0524-4af5-acd1-92a7cbbf9c8b,1,1,13,2150,82304,595,347,85049,84454,2150,1354,0,2
56542a81-0524-4af5-acd1-92a7cbbf9c8b,1,1,14,11023,84992,492,287,96507,96015,11023,1192,0,4
56542a81-0524-4af5-acd1-92a7cbbf9c8b,1,1,15,8117,96384,1528,1250,106029,104501,8117,5019,0,3
56542a81-0524-4af5-acd1-92a7cbbf9c8b,1,1,16,3617,105984,534,215,110135,109601,3617,942,0,2
56542a81-0524-4af5-acd1-92a7cbbf9c8b,1,1,17,8822,110080,5835,5565,124737,118902,8822,19247,0,2
56542a81-0524-4af5-acd1-92a7cbbf9c8b,1,1,18,4132,124672,9052,377,137856,128804,4132,1315,37,1
56542a81-0524-4af5-acd1-92a7cbbf9c8b,1,1,19,186,137728,123,12,138037,137914,186,49,0,1
56542a81-0524-4af5-acd1-92a7cbbf9c8b,1,1,20,247,137984,165,66,138396,138231,247,263,0,1
56542a81-0524-4af5-acd1-92a7cbbf9c8b,1,1,21,172,138240,7676,296,146088,138412,172,1154,72,1
56542a81-0524-4af5-acd1-92a7cbbf9c8b,1,1,22,226,145920,156,0,146302,146146,226,0,0,1
56542a81-0524-4af5-acd1-92a7cbbf9c8b,1,1,23,148,146176,1706,167,148030,146324,148,536,0,2
56542a81-0524-4af5-acd1-92a7cbbf9c8b,1,1,24,146,147968,467,0,148581,148114,146,0,0,1
56542a81-0524-4af5-acd1-92a7cbbf9c8b,1,1,25,145,148480,148,52,148773,148625,145,221,0,1
56542a81-0524-4af5-acd1-92a7cbbf9c8b,1,1,26,937,148736,257,0,149930,149673,937,0,0,1
56542a81-0524-4af5-acd1-92a7cbbf9c8b,1,1,27,214,149760,163,0,150137,149974,214,0,0,1
56542a81-0524-4af5-acd1-92a7cbbf9c8b,1,1,28,147,150016,166,41,150329,150163,147,156,0,1
56542a81-0524-4af5-acd1-92a7cbbf9c8b,1,1,29,239,150272,1539,213,152050,150511,239,739,0,1
56542a81-0524-4af5-acd1-92a7cbbf9c8b,1,1,30,158,151936,1549,203,153643,152094,158,790,0,4
56542a81-0524-4af5-acd1-92a7cbbf9c8b,1,1,31,207,153600,166,0,153973,153807,207,0,0,1
56542a81-0524-4af5-acd1-92a7cbbf9c8b,1,1,32,143,153856,1683,142,155682,153999,143,544,0,3
56542a81-0524-4af5-acd1-92a7cbbf9c8b,1,1,33,158,155648,163,0,155969,155806,158,0,0,1
56542a81-0524-4af5-acd1-92a7cbbf9c8b,1,1,34,219,155776,1140,209,157135,155995,219,781,0,3
56542a81-0524-4af5-acd1-92a7cbbf9c8b,1,1,35,203,157056,214,0,157473,157259,203,0,0,1
56542a81-0524-4af5-acd1-92a7cbbf9c8b,1,1,36,217,157440,2805,118,160462,157657,217,443,0,2
56542a81-0524-4af5-acd1-92a7cbbf9c8b,1,1,37,162,160384,163,0,160709,160546,162,0,0,1
56542a81-0524-4af5-acd1-92a7cbbf9c8b,1,1,38,223,160512,1660,264,162395,160735,223,1075,0,3
56542a81-0524-4af5-acd1-92a7cbbf9c8b,1,1,39,215,162304,188,0,162707,162519,215,0,0,1
56542a81-0524-4af5-acd1-92a7cbbf9c8b,1,1,40,179,162560,157,61,162896,162739,179,276,0,1
56542a81-0524-4af5-acd1-92a7cbbf9c8b,1,1,41,2505,162816,115,19,165436,165321,2505,71,0,1
56542a81-0524-4af5-acd1-92a7cbbf9c8b,1,1,42,3152,165376,544,64,169072,168528,3152,224,79,1
56542a81-0524-4af5-acd1-92a7cbbf9c8b,1,1,43,156,168960,96,0,169212,169116,156,0,0,1
56542a81-0524-4af5-acd1-92a7cbbf9c8b,1,1,44,2422,169088,175,58,171685,171510,2422,294,78,1
56542a81-0524-4af5-acd1-92a7cbbf9c8b,1,1,45,190,171520,975,0,172685,171710,190,0,0,1
56542a81-0524-4af5-acd1-92a7cbbf9c8b,1,1,46,184,172544,523,0,173251,172728,184,0,2408,0
5ae391ef-e246-4ce4-a2a8-90ded6cc0940,3,1,1,3136,7936,203,0,11275,11072,3136,0,66,2
5ae391ef-e246-4ce4-a2a8-90ded6cc0940,3,1,2,5666,11264,418,134,17348,16930,5666,493,80,2
5ae391ef-e246-4ce4-a2a8-90ded6cc0940,3,1,3,4241,17280,683,228,22204,21521,4241,854,136,3
5ae391ef-e246-4ce4-a2a8-90ded6cc0940,3,1,4,7889,22144,716,255,30749,30033,7889,872,85,3
5ae391ef-e246-4ce4-a2a8-90ded6cc0940,3,1,5,200,30592,449,48,31241,30792,200,199,0,2
5ae391ef-e246-4ce4-a2a8-90ded6cc0940,3,1,6,1475,31232,793,345,33500,32707,1475,1295,85,2
5ae391ef-e246-4ce4-a2a8-90ded6cc0940,3,1,7,229,33408,439,159,34076,33637,229,652,0,2
5ae391ef-e246-4ce4-a2a8-90ded6cc0940,3,1,8,251,33920,843,455,35014,34171,251,1711,99,2
5ae391ef-e246-4ce4-a2a8-90ded6cc0940,3,1,9,3240,34944,471,113,38655,38184,3240,423,72,2
5ae391ef-e246-4ce4-a2a8-90ded6cc0940,3,1,10,3917,38528,955,549,43400,42445,3917,2245,106,3
5ae391ef-e246-4ce4-a2a8-90ded6cc0940,3,1,11,2222,43392,784,248,46398,45614,2222,886,64,2
5ae391ef-e246-4ce4-a2a8-90ded6cc0940,3,1,12,1374,46336,279,60,47989,47710,1374,243,0,2
5ae391ef-e246-4ce4-a2a8-90ded6cc0940,3,1,13,9936,47872,4040,1119,61848,57808,9936,4772,114,2
5ae391ef-e246-4ce4-a2a8-90ded6cc0940,3,1,14,196,61696,895,374,62787,61892,196,1387,87,3
5ae391ef-e246-4ce4-a2a8-90ded6cc0940,3,1,15,1278,62720,598,250,64596,63998,1278,1057,0,2
5ae391ef-e246-4ce4-a2a8-90ded6cc0940,3,1,16,2763,64512,635,354,67910,67275,2763,1526,89,2
5ae391ef-e246-4ce4-a2a8-90ded6cc0940,3,1,17,4572,67840,344,47,72756,72412,4572,184,43,3
5ae391ef-e246-4ce4-a2a8-90ded6cc0940,3,1,18,555,72704,391,221,73650,73259,555,811,0,2
5ae391ef-e246-4ce4-a2a8-90ded6cc0940,3,1,19,215,73600,646,286,74461,73815,215,1231,0,2
5ae391ef-e246-4ce4-a2a8-90ded6cc0940,3,1,20,591,74368,752,378,75711,74959,591,1385,0,2
5ae391ef-e246-4ce4-a2a8-90ded6cc0940,3,1,21,669,75648,371,91,76688,76317,669,313,0,2
5ae391ef-e246-4ce4-a2a8-90ded6cc0940,3,1,22,2224,76672,727,244,79623,78896,2224,1022,89,2
5ae391ef-e246-4ce4-a2a8-90ded6cc0940,3,1,23,150,79616,851,174,80617,79766,150,721,87,1
5ae391ef-e246-4ce4-a2a8-90ded6cc0940,3,1,24,3338,80512,780,447,84630,83850,3338,1747,89,2
5ae391ef-e246-4ce4-a2a8-90ded6cc0940,3,1,25,578,84608,530,206,85716,85186,578,685,0,2
5ae391ef-e246-4ce4-a2a8-90ded6cc0940,3,1,26,1567,85632,718,373,87917,87199,1567,1402,0,2
5ae391ef-e246-4ce4-a2a8-90ded6cc0940,3,1,27,1970,87808,465,87,90243,89778,1970,336,73,2
5ae391ef-e246-4ce4-a2a8-90ded6cc0940,3,1,28,208,90240,757,309,91205,90448,208,1115,76,3
5ae391ef-e246-4ce4-a2a8-90ded6cc0940,3,1,29,840,91136,772,437,92748,91976,840,1666,77,2
5ae391ef-e246-4ce4-a2a8-90ded6cc0940,3,1,30,196,92672,541,135,93409,92868,196,552,0,2
5ae391ef-e246-4ce4-a2a8-90ded6cc0940,3,1,31,334,93312,684,115,94330,93646,334,386,0,3
5ae391ef-e246-4ce4-a2a8-90ded6cc0940,3,1,32,1494,94208,605,232,96307,95702,1494,949,85,2
5ae391ef-e246-4ce4-a2a8-90ded6cc0940,3,1,33,482,96256,757,297,97495,96738,482,1279,0,2
5ae391ef-e246-4ce4-a2a8-90ded6cc0940,3,1,34,583,97408,765,172,98756,97991,583,698,85,2
5ae391ef-e246-4ce4-a2a8-90ded6cc0940,3,1,35,1779,98688,686,210,101153,100467,1779,821,77,3
5ae391ef-e246-4ce4-a2a8-90ded6cc0940,3,1,36,1068,101120,658,409,102846,102188,1068,1557,0,2
5ae391ef-e246-4ce4-a2a8-90ded6cc0940,3,1,37,2504,102784,546,248,105834,105288,2504,949,0,2
5ae391ef-e246-4ce4-a2a8-90ded6cc0940,3,1,38,4992,105728,805,350,111525,110720,4992,1368,69,2
5ae391ef-e246-4ce4-a2a8-90ded6cc0940,3,1,39,241,111488,561,220,112290,111729,241,881,0,2
5ae391ef-e246-4ce4-a2a8-90ded6cc0940,3,1,40,205,112128,762,241,113095,112333,205,1046,0,1
5ae391ef-e246-4ce4-a2a8-90ded6cc0940,3,1,41,419,113024,435,161,113878,113443,419,707,0,2
5ae391ef-e246-4ce4-a2a8-90ded6cc0940,3,1,42,1067,113792,1608,909,116467,114859,1067,3622,120,3
5ae391ef-e246-4ce4-a2a8-90ded6cc0940,3,1,43,1749,116352,743,187,118844,118101,1749,772,0,3
5ae391ef-e246-4ce4-a2a8-90ded6cc0940,3,1,44,669,118784,1121,368,120574,119453,669,1296,0,3
5ae391ef-e246-4ce4-a2a8-90ded6cc0940,3,1,45,734,120448,440,119,121622,121182,734,496,68,1
5ae391ef-e246-4ce4-a2a8-90ded6cc0940,3,1,46,622,121600,773,453,122995,122222,622,1628,0,2
5ae391ef-e246-4ce4-a2a8-90ded6cc0940,3,1,47,1834,122880,497,227,125211,124714,1834,944,0,2
5ae391ef-e246-4ce4-a2a8-90ded6cc0940,3,1,48,7953,125184,941,566,134078,133137,7953,2256,0,2
5ae391ef-e246-4ce4-a2a8-90ded6cc0940,3,1,49,367,134016,685,326,135068,134383,367,1362,0,2
5ae391ef-e246-4ce4-a2a8-90ded6cc0940,3,1,50,2966,135040,1916,1467,139922,138006,2966,5684,0,2
5ae391ef-e246-4ce4-a2a8-90ded6cc0940,3,1,51,490,139904,519,53,140913,140394,490,216,0,2
5ae391ef-e246-4ce4-a2a8-90ded6cc0940,3,1,52,585,140800,738,373,142123,141385,585,1512,0,2
5ae391ef-e246-4ce4-a2a8-90ded6cc0940,3,1,53,2161,142080,1106,720,145347,144241,2161,2745,0,2
5ae391ef-e246-4ce4-a2a8-90ded6cc0940,3,1,54,312,145280,3465,3158,149057,145592,312,13061,83,1
5ae391ef-e246-4ce4-a2a8-90ded6cc0940,3,1,55,789,148992,161,43,149942,149781,789,145,0,1
5ae391ef-e246-4ce4-a2a8-90ded6cc0940,3,1,56,1627,149888,9884,89,161399,151515,1627,432,30,1
5ae391ef-e246-4ce4-a2a8-90ded6cc0940,3,1,57,175,161280,177,33,161632,161455,175,106,0,1
5ae391ef-e246-4ce4-a2a8-90ded6cc0940,3,1,58,138,161536,102,0,161776,161674,138,0,0,1
5ae391ef-e246-4ce4-a2a8-90ded6cc0940,3,1,59,775,161664,2513,1826,164952,162439,775,7227,0,1
5ae391ef-e246-4ce4-a2a8-90ded6cc0940,3,1,60,238,164736,562,0,165536,164974,238,0,0,1
5ae391ef-e246-4ce4-a2a8-90ded6cc0940,3,1,61,352,165504,1906,0,167762,165856,352,0,0,1
5ae391ef-e246-4ce4-a2a8-90ded6cc0940,3,1,62,249,167552,226,0,168027,167801,249,0,0,1
5ae391ef-e246-4ce4-a2a8-90ded6cc0940,3,1,63,247,167808,517,0,168572,168055,247,0,2079,0
5be694c4-da25-46a7-8195-38c359b42860,3,1,1,2704,7936,203,0,10843,10640,2704,0,107,2
5be694c4-da25-46a7-8195-38c359b42860,3,1,2,2637,10752,239,21,13628,13389,2637,84,85,2
5be694c4-da25-46a7-8195-38c359b42860,3,1,3,1581,13568,512,129,15661,15149,1581,491,111,2
5be694c4-da25-46a7-8195-38c359b42860,3,1,4,153,15616,533,105,16302,15769,153,392,219,2
5be694c4-da25-46a7-8195-38c359b42860,3,1,5,1221,16256,2698,697,20175,17477,1221,2675,214,3
5be694c4-da25-46a7-8195-38c359b42860,3,1,6,245,20096,799,469,21140,20341,245,1742,168,2
5be694c4-da25-46a7-8195-38c359b42860,3,1,7,1668,21120,391,84,23179,22788,1668,322,0,2
5be694c4-da25-46a7-8195-38c359b42860,3,1,8,2633,23168,1288,915,27089,25801,2633,3417,225,2
5be694c4-da25-46a7-8195-38c359b42860,3,1,9,540,27008,775,287,28323,27548,540,1113,135,3
5be694c4-da25-46a7-8195-38c359b42860,3,1,10,2424,28288,484,210,31196,30712,2424,798,132,2
5be694c4-da25-46a7-8195-38c359b42860,3,1,11,1963,31104,1008,487,34075,33067,1963,1751,123,3
5be694c4-da25-46a7-8195-38c359b42860,3,1,12,1550,34048,1648,1049,37246,35598,1550,3800,189,3
5be694c4-da25-46a7-8195-38c359b42860,3,1,13,3370,37120,656,235,41146,40490,3370,853,158,2
5be694c4-da25-46a7-8195-38c359b42860,3,1,14,4314,41088,435,223,45837,45402,4314,869,143,1
5be694c4-da25-46a7-8195-38c359b42860,3,1,15,585,45824,1011,576,47420,46409,585,2148,116,2
5be694c4-da25-46a7-8195-38c359b42860,3,1,16,1032,47360,845,418,49237,48392,1032,1607,156,2
5be694c4-da25-46a7-8195-38c359b42860,3,1,17,1095,49152,1100,633,51347,50247,1095,2325,117,2
5be694c4-da25-46a7-8195-38c359b42860,3,1,18,790,51328,1100,695,53218,52118,790,2505,115,2
5be694c4-da25-46a7-8195-38c359b42860,3,1,19,1032,53120,1606,1032,55758,54152,1032,3992,122,2
5be694c4-da25-46a7-8195-38c359b42860,3,1,20,313,55680,1236,818,57229,55993,313,3068,119,2
5be694c4-da25-46a7-8195-38c359b42860,3,1,21,915,57216,762,306,58893,58131,915,1082,125,2
5be694c4-da25-46a7-8195-38c359b42860,3,1,22,2772,58880,1235,840,62887,61652,2772,3503,115,2
5be694c4-da25-46a7-8195-38c359b42860,3,1,23,405,62848,1422,1079,64675,63253,405,4320,132,2
5be694c4-da25-46a7-8195-38c359b42860,3,1,24,590,64640,1247,692,66477,65230,590,2724,163,3
5be694c4-da25-46a7-8195-38c359b42860,3,1,25,2209,66432,1243,871,69884,68641,2209,3093,163,2
5c68d179-2392-4852-896c-1a4933d59ebf,3,1,1,2934,7936,70,0,10940,10870,2934,0,64,1
5c68d179-2392-4852-896c-1a4933d59ebf,3,1,2,1242,10880,561,33,12683,12122,1242,140,102,2
5c68d179-2392-4852-896c-1a4933d59ebf,3,1,3,2364,12672,426,130,15462,15036,2364,458,78,2
5c68d179-2392-4852-896c-1a4933d59ebf,3,1,4,12294,15360,978,503,28632,27654,12294,1471,137,1
5c68d179-2392-4852-896c-1a4933d59ebf,3,1,5,599,28544,334,24,29477,29143,599,95,61,1
5c68d179-2392-4852-896c-1a4933d59ebf,3,1,6,1978,29440,855,190,32273,31418,1978,604,63,2
5c68d179-2392-4852-896c-1a4933d59ebf,3,1,7,415,32256,272,83,32943,32671,415,353,0,1
5c68d179-2392-4852-896c-1a4933d59ebf,3,1,8,2380,32896,286,71,35562,35276,2380,252,54,2
5c68d179-2392-4852-896c-1a4933d59ebf,3,1,9,3511,35456,556,215,39523,38967,3511,848,0,1
5c68d179-2392-4852-896c-1a4933d59ebf,3,1,10,548,39424,851,471,40823,39972,548,1841,113,1
5c68d179-2392-4852-896c-1a4933d59ebf,3,1,11,1790,40704,628,280,43122,42494,1790,1014,99,1
5c68d179-2392-4852-896c-1a4933d59ebf,3,1,12,486,43008,429,12,43923,43494,486,51,0,1
5c68d179-2392-4852-896c-1a4933d59ebf,3,1,13,2116,43904,779,183,46799,46020,2116,740,79,2
5c68d179-2392-4852-896c-1a4933d59ebf,3,1,14,398,46720,431,110,47549,47118,398,403,0,2
5c68d179-2392-4852-896c-1a4933d59ebf,3,1,15,1429,47488,446,73,49363,48917,1429,318,0,1
5c68d179-2392-4852-896c-1a4933d59ebf,3,1,16,1382,49280,1320,558,51982,50662,1382,2466,162,2
5c68d179-2392-4852-896c-1a4933d59ebf,3,1,17,749,51584,647,123,52980,52333,749,446,66,2
5c68d179-2392-4852-896c-1a4933d59ebf,3,1,18,354,52864,692,167,53910,53218,354,677,0,2
5c68d179-2392-4852-896c-1a4933d59ebf,3,1,19,4162,53888,774,197,58824,58050,4162,753,90,2
5c68d179-2392-4852-896c-1a4933d59ebf,3,1,20,565,58752,683,91,60000,59317,565,373,0,2
5c68d179-2392-4852-896c-1a4933d59ebf,3,1,21,3434,59904,1280,577,64618,63338,3434,2189,130,2
5c68d179-2392-4852-896c-1a4933d59ebf,3,1,22,387,64512,402,118,65301,64899,387,404,73,1
5c68d179-2392-4852-896c-1a4933d59ebf,3,1,23,1189,65280,1134,349,67603,66469,1189,1282,0,2
5c68d179-2392-4852-896c-1a4933d59ebf,3,1,24,1504,67584,1047,399,70135,69088,1504,1353,87,2
5c68d179-2392-4852-896c-1a4933d59ebf,3,1,25,1654,70016,587,111,72257,71670,1654,456,0,2
5c68d179-2392-4852-896c-1a4933d59ebf,3,1,26,494,72192,751,203,73437,72686,494,675,0,2
5c68d179-2392-4852-896c-1a4933d59ebf,3,1,27,493,73344,1086,472,74923,73837,493,1613,0,2
5c68d179-2392-4852-896c-1a4933d59ebf,3,1,28,2255,74880,1251,646,78386,77135,2255,2427,83,2
5c68d179-2392-4852-896c-1a4933d59ebf,3,1,29,407,78336,614,332,79357,78743,407,1170,97,1
5c68d179-2392-4852-896c-1a4933d59ebf,3,1,30,1416,79232,848,437,81496,80648,1416,1584,108,2
5c68d179-2392-4852-896c-1a4933d59ebf,3,1,31,8947,81408,1212,331,91567,90355,8947,1404,116,2
5c68d179-2392-4852-896c-1a4933d59ebf,3,1,32,1172,91520,504,225,93196,92692,1172,924,92,1
5c68d179-2392-4852-896c-1a4933d59ebf,3,1,33,1995,93184,3610,1936,98789,95179,1995,7307,69,1
5c68d179-2392-4852-896c-1a4933d59ebf,3,1,34,152,98688,1701,0,100541,98840,152,0,43,1
5c68d179-2392-4852-896c-1a4933d59ebf,3,1,35,235,100352,1964,29,102551,100587,235,135,83,1
5c68d179-2392-4852-896c-1a4933d59ebf,3,1,36,193,102400,92,0,102685,102593,193,0,0,1
5c68d179-2392-4852-896c-1a4933d59ebf,3,1,37,191,102528,1673,0,104392,102719,191,0,5808,0
5c72160c-7771-45e4-aa96-c81976ec5f83,3,1,1,2956,7936,187,0,11079,10892,2956,0,105,2
5c72160c-7771-45e4-aa96-c81976ec5f83,3,1,2,3854,11008,765,434,15627,14862,3854,1571,0,2
5c72160c-7771-45e4-aa96-c81976ec5f83,3,1,3,997,15616,388,50,17001,16613,997,183,0,2
5c72160c-7771-45e4-aa96-c81976ec5f83,3,1,4,1312,16896,507,64,18715,18208,1312,282,0,2
5c72160c-7771-45e4-aa96-c81976ec5f83,3,1,5,3377,18688,242,166,22307,22065,3377,521,0,1
5c72160c-7771-45e4-aa96-c81976ec5f83,3,1,6,1468,22272,354,187,24094,23740,1468,504,0,2
5c72160c-7771-45e4-aa96-c81976ec5f83,3,1,7,709,24064,189,117,24962,24773,709,490,0,1
5c72160c-7771-45e4-aa96-c81976ec5f83,3,1,8,1412,24960,1226,702,27598,26372,1412,2585,0,1
5c72160c-7771-45e4-aa96-c81976ec5f83,3,1,9,220,27392,280,0,27892,27612,220,0,0,1
5c72160c-7771-45e4-aa96-c81976ec5f83,3,1,10,323,27776,294,54,28393,28099,323,167,0,2
5c72160c-7771-45e4-aa96-c81976ec5f83,3,1,11,1925,28288,177,100,30390,30213,1925,416,0,1
5c72160c-7771-45e4-aa96-c81976ec5f83,3,1,12,1826,30336,456,192,32618,32162,1826,468,0,2
5c72160c-7771-45e4-aa96-c81976ec5f83,3,1,13,1514,32512,279,154,34305,34026,1514,641,0,2
5c72160c-7771-45e4-aa96-c81976ec5f83,3,1,14,1660,34304,430,355,36394,35964,1660,1010,0,1
5c72160c-7771-45e4-aa96-c81976ec5f83,3,1,15,710,36352,298,223,37360,37062,710,539,0,1
5c72160c-7771-45e4-aa96-c81976ec5f83,3,1,16,943,37248,140,65,38331,38191,943,213,0,1
5c72160c-7771-45e4-aa96-c81976ec5f83,3,1,17,836,38272,142,67,39250,39108,836,161,0,1
5c72160c-7771-45e4-aa96-c81976ec5f83,3,1,18,852,39168,1538,206,41558,40020,852,875,0,2
5c72160c-7771-45e4-aa96-c81976ec5f83,3,1,19,952,41472,858,443,43282,42424,952,1301,166,1
5c72160c-7771-45e4-aa96-c81976ec5f83,3,1,20,901,43264,243,167,44408,44165,901,508,0,1
5c72160c-7771-45e4-aa96-c81976ec5f83,3,1,21,862,44288,558,350,45708,45150,862,1048,0,2
5c72160c-7771-45e4-aa96-c81976ec5f83,3,1,22,2484,45696,233,67,48413,48180,2484,262,0,2
5c72160c-7771-45e4-aa96-c81976ec5f83,3,1,23,1109,48384,198,121,49691,49493,1109,381,0,1
5c72160c-7771-45e4-aa96-c81976ec5f83,3,1,24,1775,49664,341,198,51780,51439,1775,624,0,2
5c72160c-7771-45e4-aa96-c81976ec5f83,3,1,25,683,51712,606,178,53001,52395,683,719,0,1
5c72160c-7771-45e4-aa96-c81976ec5f83,3,1,26,305,52992,347,0,53644,53297,305,0,0,2
5c72160c-7771-45e4-aa96-c81976ec5f83,3,1,27,1066,53632,284,142,54982,54698,1066,538,0,2
5c72160c-7771-45e4-aa96-c81976ec5f83,3,1,28,2095,54912,321,246,57328,57007,2095,803,0,1
5c72160c-7771-45e4-aa96-c81976ec5f83,3,1,29,994,57216,1520,1105,59730,58210,994,3400,0,2
5c72160c-7771-45e4-aa96-c81976ec5f83,3,1,30,4770,59648,187,84,64605,64418,4770,313,0,2
5c72160c-7771-45e4-aa96-c81976ec5f83,3,1,31,380,64512,805,351,65697,64892,380,1218,0,2
5c72160c-7771-45e4-aa96-c81976ec5f83,3,1,32,6143,65664,1041,371,72848,71807,6143,1433,0,1
5c72160c-7771-45e4-aa96-c81976ec5f83,3,1,33,525,72832,222,102,73579,73357,525,426,0,1
5c72160c-7771-45e4-aa96-c81976ec5f83,3,1,34,297,73472,167,54,73936,73769,297,202,0,1
5c72160c-7771-45e4-aa96-c81976ec5f83,3,1,35,2032,73856,186,25,76074,75888,2032,87,0,1
5c72160c-7771-45e4-aa96-c81976ec5f83,3,1,36,428,76032,740,251,77200,76460,428,937,0,2
5c72160c-7771-45e4-aa96-c81976ec5f83,3,1,37,5156,77184,308,166,82648,82340,5156,643,0,2
5c72160c-7771-45e4-aa96-c81976ec5f83,3,1,38,2980,82560,604,487,86144,85540,2980,1438,0,1
5c72160c-7771-45e4-aa96-c81976ec5f83,3,1,39,157,86016,375,81,86548,86173,157,343,0,2
5c72160c-7771-45e4-aa96-c81976ec5f83,3,1,40,1612,86528,221,50,88361,88140,1612,207,0,1
5c72160c-7771-45e4-aa96-c81976ec5f83,3,1,41,3892,88320,671,452,92883,92212,3892,1797,0,1
5c72160c-7771-45e4-aa96-c81976ec5f83,3,1,42,2039,92800,639,153,95478,94839,2039,578,0,1
5c72160c-7771-45e4-aa96-c81976ec5f83,3,1,43,154,95360,944,521,96458,95514,154,1989,0,2
5c72160c-7771-45e4-aa96-c81976ec5f83,3,1,44,528,96384,128,52,97040,96912,528,196,0,1
5c72160c-7771-45e4-aa96-c81976ec5f83,3,1,45,590,97024,154,78,97768,97614,590,289,0,1
5c72160c-7771-45e4-aa96-c81976ec5f83,3,1,46,992,97664,817,436,99473,98656,992,1556,0,1
5c72160c-7771-45e4-aa96-c81976ec5f83,3,1,47,633,99456,626,141,100715,100089,633,577,0,2
5c72160c-7771-45e4-aa96-c81976ec5f83,3,1,48,645,100608,621,221,101874,101253,645,769,0,2
5c72160c-7771-45e4-aa96-c81976ec5f83,3,1,49,826,101760,1362,880,103948,102586,826,3354,0,2
5c72160c-7771-45e4-aa96-c81976ec5f83,3,1,50,6474,103936,731,367,111141,110410,6474,1357,0,1
5c72160c-7771-45e4-aa96-c81976ec5f83,3,1,51,182,110976,791,313,111949,111158,182,1093,0,1
5c72160c-7771-45e4-aa96-c81976ec5f83,3,1,52,316,111872,258,87,112446,112188,316,356,0,1
5c72160c-7771-45e4-aa96-c81976ec5f83,3,1,53,230,112256,739,423,113225,112486,230,1594,0,1
5c72160c-7771-45e4-aa96-c81976ec5f83,3,1,54,208,113152,122,22,113482,113360,208,79,0,1
5c72160c-7771-45e4-aa96-c81976ec5f83,3,1,55,829,113408,867,440,115104,114237,829,1725,0,2
5c72160c-7771-45e4-aa96-c81976ec5f83,3,1,56,3740,115072,750,442,119562,118812,3740,1656,0,1
5c72160c-7771-45e4-aa96-c81976ec5f83,3,1,57,170,119552,160,35,119882,119722,170,115,0,1
5c72160c-7771-45e4-aa96-c81976ec5f83,3,1,58,228,119680,188,42,120096,119908,228,164,0,1
5c72160c-7771-45e4-aa96-c81976ec5f83,3,1,59,1106,120064,1304,972,122474,121170,1106,3315,0,2
5c72160c-7771-45e4-aa96-c81976ec5f83,3,1,60,548,122368,228,65,123144,122916,548,231,0,1
5c72160c-7771-45e4-aa96-c81976ec5f83,3,1,61,1643,123136,370,110,125149,124779,1643,408,0,1
5c72160c-7771-45e4-aa96-c81976ec5f83,3,1,62,1229,125056,363,124,126648,126285,1229,439,0,1
5c72160c-7771-45e4-aa96-c81976ec5f83,3,1,63,2508,126592,968,615,130068,129100,2508,2276,0,1
5c72160c-7771-45e4-aa96-c81976ec5f83,3,1,64,202,130048,203,38,130453,130250,202,146,0,1
5c72160c-7771-45e4-aa96-c81976ec5f83,3,1,65,515,130432,674,254,131621,130947,515,982,0,2
5c72160c-7771-45e4-aa96-c81976ec5f83,3,1,66,2110,131584,151,74,133845,133694,2110,284,0,1
5c72160c-7771-45e4-aa96-c81976ec5f83,3,1,67,1010,133760,755,520,135525,134770,1010,1707,0,1
5c72160c-7771-45e4-aa96-c81976ec5f83,3,1,68,208,135424,716,431,136348,135632,208,1534,0,1
5c72160c-7771-45e4-aa96-c81976ec5f83,3,1,69,1406,136320,1050,660,138776,137726,1406,2449,0,1
5c72160c-7771-45e4-aa96-c81976ec5f83,3,1,70,188,138624,20005,7990,158817,138812,188,22094,62,1
5c72160c-7771-45e4-aa96-c81976ec5f83,3,1,71,152,158720,105,0,158977,158872,152,0,0,1
5c72160c-7771-45e4-aa96-c81976ec5f83,3,1,72,171,158848,166,35,159185,159019,171,133,0,1
5c72160c-7771-45e4-aa96-c81976ec5f83,3,1,73,231,158976,1738,0,160945,159207,231,0,0,1
5c72160c-7771-45e4-aa96-c81976ec5f83,3,1,74,216,160768,452,0,161436,160984,216,0,1831,0
5e2d13b6-32ba-4fcc-9c15-452b9f884509,3,1,1,3245,7936,212,0,11393,11181,3245,0,81,2
5e2d13b6-32ba-4fcc-9c15-452b9f884509,3,1,2,4447,11392,439,201,16278,15839,4447,743,0,2
5e2d13b6-32ba-4fcc-9c15-452b9f884509,3,1,3,3576,16256,468,50,20300,19832,3576,229,96,2
5e2d13b6-32ba-4fcc-9c15-452b9f884509,3,1,4,453,20224,336,48,21013,20677,453,200,58,2
5e2d13b6-32ba-4fcc-9c15-452b9f884509,3,1,5,3307,20992,876,403,25175,24299,3307,1338,135,2
5e2d13b6-32ba-4fcc-9c15-452b9f884509,3,1,6,6886,25088,1039,266,33013,31974,6886,929,126,2
5e2d13b6-32ba-4fcc-9c15-452b9f884509,3,1,7,2282,32896,1114,271,36292,35178,2282,954,92,2
5e2d13b6-32ba-4fcc-9c15-452b9f884509,3,1,8,630,36224,1368,327,38222,36854,630,1028,99,2
5e2d13b6-32ba-4fcc-9c15-452b9f884509,3,1,9,2027,38144,1379,718,41550,40171,2027,2592,88,2
5e2d13b6-32ba-4fcc-9c15-452b9f884509,3,1,10,480,41472,1036,404,42988,41952,480,1576,0,2
5e2d13b6-32ba-4fcc-9c15-452b9f884509,3,1,11,920,42880,1277,611,45077,43800,920,2566,62,2
5e2d13b6-32ba-4fcc-9c15-452b9f884509,3,1,12,1158,45056,907,259,47121,46214,1158,948,90,2
5e2d13b6-32ba-4fcc-9c15-452b9f884509,3,1,13,370,47104,464,92,47938,47474,370,361,0,1
5e2d13b6-32ba-4fcc-9c15-452b9f884509,3,1,14,466,47872,1056,259,49394,48338,466,1020,74,1
5e2d13b6-32ba-4fcc-9c15-452b9f884509,3,1,15,204,49280,1128,124,50612,49484,204,478,95,1
5e2d13b6-32ba-4fcc-9c15-452b9f884509,3,1,16,592,50560,1245,116,52397,51152,592,468,84,1
5e2d13b6-32ba-4fcc-9c15-452b9f884509,3,1,17,224,52224,93,0,52541,52448,224,0,0,1
5e2d13b6-32ba-4fcc-9c15-452b9f884509,3,1,18,673,52480,696,142,53849,53153,673,544,54,2
5e2d13b6-32ba-4fcc-9c15-452b9f884509,3,1,19,1255,53760,446,73,55461,55015,1255,305,80,2
5e2d13b6-32ba-4fcc-9c15-452b9f884509,3,1,20,2301,55424,820,308,58545,57725,2301,986,47,2
5e2d13b6-32ba-4fcc-9c15-452b9f884509,3,1,21,1348,58496,186,7,60030,59844,1348,32,0,2
5e2d13b6-32ba-4fcc-9c15-452b9f884509,3,1,22,7114,59904,4085,1221,71103,67018,7114,4107,109,2
5e2d13b6-32ba-4fcc-9c15-452b9f884509,3,1,23,235,70912,873,301,72020,71147,235,1073,104,2
5e2d13b6-32ba-4fcc-9c15-452b9f884509,3,1,24,258,71808,122,0,72188,72066,258,0,0,2
5e2d13b6-32ba-4fcc-9c15-452b9f884509,3,1,25,4279,72064,1194,544,77537,76343,4279,1595,50,2
5e2d13b6-32ba-4fcc-9c15-452b9f884509,3,1,26,1868,77440,289,55,79597,79308,1868,170,0,2
5e2d13b6-32ba-4fcc-9c15-452b9f884509,3,1,27,9557,79488,2037,1334,91082,89045,9557,4625,88,2
5e2d13b6-32ba-4fcc-9c15-452b9f884509,3,1,28,2169,91008,873,311,94050,93177,2169,972,0,2
5e2d13b6-32ba-4fcc-9c15-452b9f884509,3,1,29,1127,93952,504,72,95583,95079,1127,209,74,2
5e2d13b6-32ba-4fcc-9c15-452b9f884509,3,1,30,5051,95488,1233,526,101772,100539,5051,1774,134,2
5e2d13b6-32ba-4fcc-9c15-452b9f884509,3,1,31,642,101760,1133,776,103535,102402,642,2735,0,2
5e2d13b6-32ba-4fcc-9c15-452b9f884509,3,1,32,4427,103424,1287,478,109138,107851,4427,1656,85,2
5e2d13b6-32ba-4fcc-9c15-452b9f884509,3,1,33,1067,109056,815,84,110938,110123,1067,311,0,2
5e2d13b6-32ba-4fcc-9c15-452b9f884509,3,1,34,3610,110848,925,669,115383,114458,3610,2280,0,1
5e2d13b6-32ba-4fcc-9c15-452b9f884509,3,1,35,1143,115328,1290,944,117761,116471,1143,3234,99,1
5e2d13b6-32ba-4fcc-9c15-452b9f884509,3,1,36,175,117632,284,0,118091,117807,175,0,0,1
5e2d13b6-32ba-4fcc-9c15-452b9f884509,3,1,37,151,118016,249,58,118416,118167,151,218,0,1
5e2d13b6-32ba-4fcc-9c15-452b9f884509,3,1,38,348,118400,316,136,119064,118748,348,480,0,1
5e2d13b6-32ba-4fcc-9c15-452b9f884509,3,1,39,515,119040,691,271,120246,119555,515,881,0,1
5e2d13b6-32ba-4fcc-9c15-452b9f884509,3,1,40,611,120192,425,66,121228,120803,611,184,69,1
5e2d13b6-32ba-4fcc-9c15-452b9f884509,3,1,41,614,121216,577,155,122407,121830,614,597,54,1
5e2d13b6-32ba-4fcc-9c15-452b9f884509,3,1,42,562,122368,1283,419,124213,122930,562,1355,103,2
5e2d13b6-32ba-4fcc-9c15-452b9f884509,3,1,43,414,124160,342,218,124916,124574,414,753,0,1
5e2d13b6-32ba-4fcc-9c15-452b9f884509,3,1,44,3595,124800,939,380,129334,128395,3595,1284,83,2
5e2d13b6-32ba-4fcc-9c15-452b9f884509,3,1,45,5451,129280,1092,477,135823,134731,5451,1612,0,2
5e2d13b6-32ba-4fcc-9c15-452b9f884509,3,1,46,1009,135808,546,105,137363,136817,1009,430,77,1
5e2d13b6-32ba-4fcc-9c15-452b9f884509,3,1,47,1702,137344,772,199,139818,139046,1702,719,91,2
5e2d13b6-32ba-4fcc-9c15-452b9f884509,3,1,48,322,139776,233,103,140331,140098,322,448,0,1
5e2d13b6-32ba-4fcc-9c15-452b9f884509,3,1,49,1036,140288,640,244,141964,141324,1036,799,0,1
5e2d13b6-32ba-4fcc-9c15-452b9f884509,3,1,50,2630,141952,618,254,145200,144582,2630,797,70,1
5e2d13b6-32ba-4fcc-9c15-452b9f884509,3,1,51,216,145152,395,0,145763,145368,216,0,0,1
5e2d13b6-32ba-4fcc-9c15-452b9f884509,3,1,52,474,145664,237,55,146375,146138,474,214,0,1
5e2d13b6-32ba-4fcc-9c15-452b9f884509,3,1,53,1848,146304,1115,392,149267,148152,1848,1373,0,2
5e2d13b6-32ba-4fcc-9c15-452b9f884509,3,1,54,2142,149248,974,221,152364,151390,2142,824,0,2
5e2d13b6-32ba-4fcc-9c15-452b9f884509,3,1,55,509,152320,838,208,153667,152829,509,738,0,2
5e2d13b6-32ba-4fcc-9c15-452b9f884509,3,1,56,1990,153600,611,187,156201,155590,1990,704,0,2
5e2d13b6-32ba-4fcc-9c15-452b9f884509,3,1,57,1020,156160,869,263,158049,157180,1020,1093,0,2
5e2d13b6-32ba-4fcc-9c15-452b9f884509,3,1,58,453,157952,1270,717,159675,158405,453,2424,0,2
5e2d13b6-32ba-4fcc-9c15-452b9f884509,3,1,59,2764,159616,540,263,162920,162380,2764,973,0,1
5e2d13b6-32ba-4fcc-9c15-452b9f884509,3,1,60,166,162816,661,277,163643,162982,166,1031,0,1
5e2d13b6-32ba-4fcc-9c15-452b9f884509,3,1,61,245,163456,583,251,164284,163701,245,901,0,1
5e2d13b6-32ba-4fcc-9c15-452b9f884509,3,1,62,202,164096,17455,4796,181753,164298,202,15661,62,1
5e2d13b6-32ba-4fcc-9c15-452b9f884509,3,1,63,177,181632,986,261,182795,181809,177,959,55,1
5e2d13b6-32ba-4fcc-9c15-452b9f884509,3,1,64,547,182784,437,89,183768,183331,547,380,94,1
5e2d13b6-32ba-4fcc-9c15-452b9f884509,3,1,65,1492,183680,350,125,185522,185172,1492,529,0,1
5e2d13b6-32ba-4fcc-9c15-452b9f884509,3,1,66,1374,185472,209,104,187055,186846,1374,368,0,1
5e2d13b6-32ba-4fcc-9c15-452b9f884509,3,1,67,198,186880,1979,0,189057,187078,198,0,0,1
5e2d13b6-32ba-4fcc-9c15-452b9f884509,3,1,68,168,188928,273,21,189369,189096,168,92,0,1
5e2d13b6-32ba-4fcc-9c15-452b9f884509,3,1,69,213,189184,541,0,189938,189397,213,0,1964,0
5fb605f1-c023-4869-ba9a-7d3e11e1fcd7,3,1,1,2978,7936,318,0,11232,10914,2978,0,99,2
5fb605f1-c023-4869-ba9a-7d3e11e1fcd7,3,1,2,2898,11136,715,104,14749,14034,2898,387,83,2
5fb605f1-c023-4869-ba9a-7d3e11e1fcd7,3,1,3,16602,14720,1001,406,32323,31322,16602,1505,68,2
5fb605f1-c023-4869-ba9a-7d3e11e1fcd7,3,1,4,9797,32256,2358,1230,44411,42053,9797,4657,124,3
5fb605f1-c023-4869-ba9a-7d3e11e1fcd7,3,1,5,578,44288,328,212,45194,44866,578,818,47,1
5fb605f1-c023-4869-ba9a-7d3e11e1fcd7,3,1,6,145,45184,1009,300,46338,45329,145,1291,95,1
5fb605f1-c023-4869-ba9a-7d3e11e1fcd7,3,1,7,181,46208,1113,0,47502,46389,181,0,0,3
5fb605f1-c023-4869-ba9a-7d3e11e1fcd7,3,1,8,2879,47488,479,101,50846,50367,2879,405,0,2
5fb605f1-c023-4869-ba9a-7d3e11e1fcd7,3,1,9,5499,50816,1628,831,57943,56315,5499,3006,0,3
5fb605f1-c023-4869-ba9a-7d3e11e1fcd7,3,1,10,6393,57856,1319,487,65568,64249,6393,1772,0,3
5fb605f1-c023-4869-ba9a-7d3e11e1fcd7,3,1,11,2368,65536,1161,373,69065,67904,2368,1318,0,2
5fb605f1-c023-4869-ba9a-7d3e11e1fcd7,3,1,12,4149,68992,484,187,73625,73141,4149,679,0,2
5fb605f1-c023-4869-ba9a-7d3e11e1fcd7,3,1,13,4594,73600,1117,460,79311,78194,4594,1818,0,2
5fb605f1-c023-4869-ba9a-7d3e11e1fcd7,3,1,14,2973,79232,1104,157,83309,82205,2973,593,0,3
5fb605f1-c023-4869-ba9a-7d3e11e1fcd7,3,1,15,2614,83200,1129,658,86943,85814,2614,2694,86,2
5fb605f1-c023-4869-ba9a-7d3e11e1fcd7,3,1,16,2787,86912,1456,791,91155,89699,2787,2944,0,2
5fb605f1-c023-4869-ba9a-7d3e11e1fcd7,3,1,17,1414,91136,859,280,93409,92550,1414,1078,0,2
5fb605f1-c023-4869-ba9a-7d3e11e1fcd7,3,1,18,1592,93312,627,72,95531,94904,1592,250,0,2
5fb605f1-c023-4869-ba9a-7d3e11e1fcd7,3,1,19,1599,95488,862,460,97949,97087,1599,1700,0,2
5fb605f1-c023-4869-ba9a-7d3e11e1fcd7,3,1,20,2777,97920,1479,829,102176,100697,2777,2851,0,2
5fb605f1-c023-4869-ba9a-7d3e11e1fcd7,3,1,21,3359,102144,1043,744,106546,105503,3359,2893,0,1
5fb605f1-c023-4869-ba9a-7d3e11e1fcd7,3,1,22,177,106496,217,51,106890,106673,177,179,67,1
5fb605f1-c023-4869-ba9a-7d3e11e1fcd7,3,1,23,446,106880,169,44,107495,107326,446,186,0,1
5fb605f1-c023-4869-ba9a-7d3e11e1fcd7,3,1,24,746,107392,364,29,108502,108138,746,109,0,1
5fb605f1-c023-4869-ba9a-7d3e11e1fcd7,3,1,25,408,108416,382,106,109206,108824,408,413,0,1
5fb605f1-c023-4869-ba9a-7d3e11e1fcd7,3,1,26,981,109184,5034,1756,115199,110165,981,6569,74,1
5fb605f1-c023-4869-ba9a-7d3e11e1fcd7,3,1,27,185,115072,188,21,115445,115257,185,91,0,1
5fb605f1-c023-4869-ba9a-7d3e11e1fcd7,3,1,28,163,115328,3074,254,118565,115491,163,1018,93,1
5fb605f1-c023-4869-ba9a-7d3e11e1fcd7,3,1,29,223,118400,1003,77,119626,118623,223,337,0,2
5fb605f1-c023-4869-ba9a-7d3e11e1fcd7,3,1,30,148,119552,2736,0,122436,119700,148,0,9669,0
5fe471da-406c-4b74-ac78-9e1d2d25a90f,3,1,1,3376,7936,184,0,11496,11312,3376,0,99,2
5fe471da-406c-4b74-ac78-9e1d2d25a90f,3,1,2,1764,11392,515,34,13671,13156,1764,154,0,3
5fe471da-406c-4b74-ac78-9e1d2d25a90f,3,1,3,2092,13568,273,59,15933,15660,2092,240,0,2
5fe471da-406c-4b74-ac78-9e1d2d25a90f,3,1,4,2560,15872,173,32,18605,18432,2560,117,0,2
5fe471da-406c-4b74-ac78-9e1d2d25a90f,3,1,5,5424,18560,1263,529,25247,23984,5424,1688,99,3
5fe471da-406c-4b74-ac78-9e1d2d25a90f,3,1,6,1126,25216,475,125,26817,26342,1126,484,0,3
5fe471da-406c-4b74-ac78-9e1d2d25a90f,3,1,7,1850,26752,493,124,29095,28602,1850,481,0,3
5fe471da-406c-4b74-ac78-9e1d2d25a90f,3,1,8,4628,29056,286,70,33970,33684,4628,270,0,2
5fe471da-406c-4b74-ac78-9e1d2d25a90f,3,1,9,5056,33920,479,252,39455,38976,5056,858,0,2
5fe471da-406c-4b74-ac78-9e1d2d25a90f,3,1,10,3328,39424,1271,652,44023,42752,3328,1863,0,3
5fe471da-406c-4b74-ac78-9e1d2d25a90f,3,1,11,178,43904,475,91,44557,44082,178,427,0,2
5fe471da-406c-4b74-ac78-9e1d2d25a90f,3,1,12,722,44544,655,106,45921,45266,722,432,0,3
5fe471da-406c-4b74-ac78-9e1d2d25a90f,3,1,13,3715,45824,766,224,50305,49539,3715,856,0,3
5fe471da-406c-4b74-ac78-9e1d2d25a90f,3,1,14,4638,50304,1145,465,56087,54942,4638,1466,0,3
5fe471da-406c-4b74-ac78-9e1d2d25a90f,3,1,15,8222,56064,1079,398,65365,64286,8222,1489,0,3
5fe471da-406c-4b74-ac78-9e1d2d25a90f,3,1,16,3528,65280,396,208,69204,68808,3528,856,0,2
5fe471da-406c-4b74-ac78-9e1d2d25a90f,3,1,17,2385,69120,332,88,71837,71505,2385,343,0,2
5fe471da-406c-4b74-ac78-9e1d2d25a90f,3,1,18,6584,71808,246,70,78638,78392,6584,287,0,2
5fe471da-406c-4b74-ac78-9e1d2d25a90f,3,1,19,8670,78592,959,595,88221,87262,8670,2227,0,3
5fe471da-406c-4b74-ac78-9e1d2d25a90f,3,1,20,5503,88192,720,280,94415,93695,5503,1070,0,3
5fe471da-406c-4b74-ac78-9e1d2d25a90f,3,1,21,4114,94336,379,116,98829,98450,4114,410,0,2
5fe471da-406c-4b74-ac78-9e1d2d25a90f,3,1,22,1537,98816,3067,613,103420,100353,1537,2314,96,2
5fe471da-406c-4b74-ac78-9e1d2d25a90f,3,1,23,168,103296,946,223,104410,103464,168,809,72,3
5fe471da-406c-4b74-ac78-9e1d2d25a90f,3,1,24,219,104320,356,31,104895,104539,219,150,0,1
5fe471da-406c-4b74-ac78-9e1d2d25a90f,3,1,25,242,104832,418,161,105492,105074,242,693,0,2
5fe471da-406c-4b74-ac78-9e1d2d25a90f,3,1,26,221,105344,533,246,106098,105565,221,836,0,2
5fe471da-406c-4b74-ac78-9e1d2d25a90f,3,1,27,7350,105984,1869,1011,115203,113334,7350,3727,89,3
5fe471da-406c-4b74-ac78-9e1d2d25a90f,3,1,28,1543,115200,1021,266,117764,116743,1543,921,95,3
5fe471da-406c-4b74-ac78-9e1d2d25a90f,3,1,29,4324,116736,677,292,121737,121060,4324,875,0,3
5fe471da-406c-4b74-ac78-9e1d2d25a90f,3,1,30,4350,121728,1216,540,127294,126078,4350,1596,0,3
5fe471da-406c-4b74-ac78-9e1d2d25a90f,3,1,31,4948,127232,1966,1090,134146,132180,4948,4155,0,3
5fe471da-406c-4b74-ac78-9e1d2d25a90f,3,1,32,787,134144,603,183,135534,134931,787,712,0,3
5fe471da-406c-4b74-ac78-9e1d2d25a90f,3,1,33,1964,135424,1229,747,138617,137388,1964,2788,86,2
5fe471da-406c-4b74-ac78-9e1d2d25a90f,3,1,34,1000,138496,1343,842,140839,139496,1000,3143,0,2
5fe471da-406c-4b74-ac78-9e1d2d25a90f,3,1,35,168,140800,902,404,141870,140968,168,1694,0,2
61b1e41b-32e7-4092-aa70-26577f10fb08,2,1,1,2822,7936,203,0,10961,10758,2822,0,93,2
61b1e41b-32e7-4092-aa70-26577f10fb08,2,1,2,2295,10880,209,40,13384,13175,2295,198,0,2
61b1e41b-32e7-4092-aa70-26577f10fb08,2,1,3,2512,13312,6889,1528,22713,15824,2512,6107,113,6
61b1e41b-32e7-4092-aa70-26577f10fb08,2,1,4,1927,20992,320,59,23239,22919,1927,229,59,2
61b1e41b-32e7-4092-aa70-26577f10fb08,2,1,5,1206,23168,247,65,24621,24374,1206,258,0,2
61b1e41b-32e7-4092-aa70-26577f10fb08,2,1,6,10201,24576,427,99,35204,34777,10201,341,76,2
61b1e41b-32e7-4092-aa70-26577f10fb08,2,1,7,236,35072,490,292,35798,35308,236,1011,0,2
61b1e41b-32e7-4092-aa70-26577f10fb08,2,1,8,2112,35712,219,9,38043,37824,2112,39,0,2
61b1e41b-32e7-4092-aa70-26577f10fb08,2,1,9,2527,38016,737,537,41280,40543,2527,2036,0,2
61b1e41b-32e7-4092-aa70-26577f10fb08,2,1,10,1352,41216,1070,533,43638,42568,1352,2125,150,2
61b1e41b-32e7-4092-aa70-26577f10fb08,2,1,11,142,43520,262,19,43924,43662,142,84,0,2
61b1e41b-32e7-4092-aa70-26577f10fb08,2,1,12,263,43904,596,85,44763,44167,263,387,0,2
61b1e41b-32e7-4092-aa70-26577f10fb08,2,1,13,833,44672,728,404,46233,45505,833,1647,0,1
61b1e41b-32e7-4092-aa70-26577f10fb08,2,1,14,488,46208,500,243,47196,46696,488,940,0,2
61b1e41b-32e7-4092-aa70-26577f10fb08,2,1,15,179,47104,309,113,47592,47283,179,538,0,2
61b1e41b-32e7-4092-aa70-26577f10fb08,2,1,16,416,47488,235,63,48139,47904,416,254,0,1
61b1e41b-32e7-4092-aa70-26577f10fb08,2,1,17,328,48128,257,0,48713,48456,328,0,0,2
61b1e41b-32e7-4092-aa70-26577f10fb08,2,1,18,3831,48640,446,252,52917,52471,3831,998,0,2
61b1e41b-32e7-4092-aa70-26577f10fb08,2,1,19,6265,52864,1020,665,60149,59129,6265,2508,0,2
61b1e41b-32e7-4092-aa70-26577f10fb08,2,1,20,411,60032,529,270,60972,60443,411,1106,0,2
61b1e41b-32e7-4092-aa70-26577f10fb08,2,1,21,1275,60928,1109,724,63312,62203,1275,2783,0,2
61b1e41b-32e7-4092-aa70-26577f10fb08,2,1,22,403,63232,888,476,64523,63635,403,1855,0,2
61b1e41b-32e7-4092-aa70-26577f10fb08,2,1,23,1749,64512,495,142,66756,66261,1749,575,0,2
61b1e41b-32e7-4092-aa70-26577f10fb08,2,1,24,890,66688,393,163,67971,67578,890,690,0,2
61b1e41b-32e7-4092-aa70-26577f10fb08,2,1,25,210,67840,404,125,68454,68050,210,487,0,2
61b1e41b-32e7-4092-aa70-26577f10fb08,2,1,26,448,68352,452,244,69252,68800,448,951,0,2
61b1e41b-32e7-4092-aa70-26577f10fb08,2,1,27,516,69248,412,147,70176,69764,516,539,0,2
61b1e41b-32e7-4092-aa70-26577f10fb08,2,1,28,427,70144,247,123,70818,70571,427,515,0,1
61b1e41b-32e7-4092-aa70-26577f10fb08,2,1,29,1042,70784,324,200,72150,71826,1042,799,101,2
61b1e41b-32e7-4092-aa70-26577f10fb08,2,1,30,671,72064,663,299,73398,72735,671,1229,0,2
61b1e41b-32e7-4092-aa70-26577f10fb08,2,1,31,530,73344,681,99,74555,73874,530,380,0,2
61b1e41b-32e7-4092-aa70-26577f10fb08,2,1,32,211,74368,125,20,74704,74579,211,87,0,1
61b1e41b-32e7-4092-aa70-26577f10fb08,2,1,33,224,74496,263,125,74983,74720,224,494,0,1
61b1e41b-32e7-4092-aa70-26577f10fb08,2,1,34,2345,74880,252,136,77477,77225,2345,513,0,1
61b1e41b-32e7-4092-aa70-26577f10fb08,2,1,35,589,77440,98,0,78127,78029,589,0,0,1
61b1e41b-32e7-4092-aa70-26577f10fb08,2,1,36,930,78080,466,325,79476,79010,930,1357,0,1
61b1e41b-32e7-4092-aa70-26577f10fb08,2,1,37,860,79360,410,206,80630,80220,860,749,0,2
61b1e41b-32e7-4092-aa70-26577f10fb08,2,1,38,687,80512,900,691,82099,81199,687,2937,0,2
61b1e41b-32e7-4092-aa70-26577f10fb08,2,1,39,1035,82048,301,160,83384,83083,1035,611,0,1
61b1e41b-32e7-4092-aa70-26577f10fb08,2,1,40,1019,83328,926,462,85273,84347,1019,1830,0,2
61b1e41b-32e7-4092-aa70-26577f10fb08,2,1,41,496,85248,663,350,86407,85744,496,1400,0,1
61b1e41b-32e7-4092-aa70-26577f10fb08,2,1,42,151,86272,348,110,86771,86423,151,403,0,1
61b1e41b-32e7-4092-aa70-26577f10fb08,2,1,43,342,86656,654,520,87652,86998,342,1986,0,2
61b1e41b-32e7-4092-aa70-26577f10fb08,2,1,44,285,87552,591,238,88428,87837,285,944,0,2
61b1e41b-32e7-4092-aa70-26577f10fb08,2,1,45,342,88320,832,511,89494,88662,342,1948,0,1
61b1e41b-32e7-4092-aa70-26577f10fb08,2,1,46,275,89472,496,82,90243,89747,275,359,0,2
61b1e41b-32e7-4092-aa70-26577f10fb08,2,1,47,806,90240,453,190,91499,91046,806,857,0,1
61b1e41b-32e7-4092-aa70-26577f10fb08,2,1,48,667,91392,8993,2572,101052,92059,667,9729,90,1
61b1e41b-32e7-4092-aa70-26577f10fb08,2,1,49,4465,96640,174,36,101279,101105,4465,145,59,2
61b1e41b-32e7-4092-aa70-26577f10fb08,2,1,50,442,101248,822,450,102512,101690,442,1791,134,2
61b1e41b-32e7-4092-aa70-26577f10fb08,2,1,51,2426,102400,748,432,105574,104826,2426,1816,0,2
61b1e41b-32e7-4092-aa70-26577f10fb08,2,1,52,304,105472,299,73,106075,105776,304,291,0,2
61b1e41b-32e7-4092-aa70-26577f10fb08,2,1,53,591,105984,545,412,107120,106575,591,1732,80,1
61b1e41b-32e7-4092-aa70-26577f10fb08,2,1,54,228,107008,79,13,107315,107236,228,47,0,1
61b1e41b-32e7-4092-aa70-26577f10fb08,2,1,55,3685,107264,386,299,111335,110949,3685,1089,90,1
61b1e41b-32e7-4092-aa70-26577f10fb08,2,1,56,5074,111232,857,733,117163,116306,5074,2471,59,1
61b1e41b-32e7-4092-aa70-26577f10fb08,2,1,57,3784,117120,670,538,121574,120904,3784,2028,78,1
61b1e41b-32e7-4092-aa70-26577f10fb08,2,1,58,1797,121472,710,532,123979,123269,1797,1696,115,1
61b1e41b-32e7-4092-aa70-26577f10fb08,2,1,59,1665,123904,446,357,126015,125569,1665,1213,117,1
61b1e41b-32e7-4092-aa70-26577f10fb08,2,1,60,3473,125952,8269,1389,137694,129425,3473,4804,94,1
61b1e41b-32e7-4092-aa70-26577f10fb08,2,1,61,147,137600,190,79,137937,137747,147,267,0,1
61b1e41b-32e7-4092-aa70-26577f10fb08,2,1,62,250,137728,6898,488,144876,137978,250,1864,104,1
61b1e41b-32e7-4092-aa70-26577f10fb08,2,1,63,161,144768,80,0,145009,144929,161,0,0,1
61b1e41b-32e7-4092-aa70-26577f10fb08,2,1,64,151,144896,6633,658,151680,145047,151,2371,73,1
61b1e41b-32e7-4092-aa70-26577f10fb08,2,1,65,1268,151680,207,24,153155,152948,1268,116,66,1
61b1e41b-32e7-4092-aa70-26577f10fb08,2,1,66,239,153088,6301,455,159628,153327,239,1734,35,1
61b1e41b-32e7-4092-aa70-26577f10fb08,2,1,67,193,159488,80,0,159761,159681,193,0,0,1
61b1e41b-32e7-4092-aa70-26577f10fb08,2,1,68,183,159616,1642,418,161441,159799,183,1605,67,1
61b1e41b-32e7-4092-aa70-26577f10fb08,2,1,69,200,161280,6145,469,167625,161480,200,1760,0,1
61b1e41b-32e7-4092-aa70-26577f10fb08,2,1,70,254,167424,79,0,167757,167678,254,0,0,1
61b1e41b-32e7-4092-aa70-26577f10fb08,2,1,71,243,167552,6731,1225,174526,167795,243,4247,0,1
61b1e41b-32e7-4092-aa70-26577f10fb08,2,1,72,243,174336,128,0,174707,174579,243,0,0,1
61b1e41b-32e7-4092-aa70-26577f10fb08,2,1,73,156,174592,2778,635,177526,174748,156,2223,0,5
61b1e41b-32e7-4092-aa70-26577f10fb08,2,1,74,297,177408,81,0,177786,177705,297,0,0,1
61b1e41b-32e7-4092-aa70-26577f10fb08,2,1,75,160,177664,3260,1051,181084,177824,160,3403,0,4
61b1e41b-32e7-4092-aa70-26577f10fb08,2,1,76,236,180992,263,115,181491,181228,236,556,75,1
61b1e41b-32e7-4092-aa70-26577f10fb08,2,1,77,379,181376,963,122,182718,181755,379,413,0,3
61b1e41b-32e7-4092-aa70-26577f10fb08,2,1,78,171,182656,223,145,183050,182827,171,539,0,1
61b1e41b-32e7-4092-aa70-26577f10fb08,2,1,79,176,182912,4273,1133,187361,183088,176,3957,0,4
61b1e41b-32e7-4092-aa70-26577f10fb08,2,1,80,245,187264,187,53,187696,187509,245,230,0,1
61b1e41b-32e7-4092-aa70-26577f10fb08,2,1,81,1102,187648,3442,1084,192192,188750,1102,3843,0,4
61b1e41b-32e7-4092-aa70-26577f10fb08,2,1,82,208,192128,121,0,192457,192336,208,0,0,1
61b1e41b-32e7-4092-aa70-26577f10fb08,2,1,83,242,192256,775,506,193273,192498,242,1810,0,1
61b1e41b-32e7-4092-aa70-26577f10fb08,2,1,84,152,193152,874,596,194178,193304,152,1989,0,1
61b1e41b-32e7-4092-aa70-26577f10fb08,2,1,85,170,194048,1479,154,195697,194218,170,517,84,3
61b1e41b-32e7-4092-aa70-26577f10fb08,2,1,86,222,195584,385,107,196191,195806,222,456,0,1
61b1e41b-32e7-4092-aa70-26577f10fb08,2,1,87,450,196096,580,144,197126,196546,450,637,0,1
61b1e41b-32e7-4092-aa70-26577f10fb08,2,1,88,173,196992,91,0,197256,197165,173,0,0,1
61b1e41b-32e7-4092-aa70-26577f10fb08,2,1,89,3143,197248,149,58,200540,200391,3143,241,0,1
61b1e41b-32e7-4092-aa70-26577f10fb08,2,1,90,2411,200448,601,218,203460,202859,2411,963,103,2
61b1e41b-32e7-4092-aa70-26577f10fb08,2,1,91,240,203264,1831,0,205335,203504,240,0,0,1
61b1e41b-32e7-4092-aa70-26577f10fb08,2,1,92,191,205184,303,26,205678,205375,191,109,0,1
61b1e41b-32e7-4092-aa70-26577f10fb08,2,1,93,138,205568,931,0,206637,205706,138,0,3499,0
66e40dd4-27e6-4a85-83e8-edb605b0b1d9,2,1,1,2692,7936,240,40,10868,10628,2692,200,75,2
66e40dd4-27e6-4a85-83e8-edb605b0b1d9,2,1,2,2978,10752,508,228,14238,13730,2978,880,0,2
66e40dd4-27e6-4a85-83e8-edb605b0b1d9,2,1,3,2137,14208,2272,1749,18617,16345,2137,6535,81,2
66e40dd4-27e6-4a85-83e8-edb605b0b1d9,2,1,4,1528,18560,604,236,20692,20088,1528,843,0,2
66e40dd4-27e6-4a85-83e8-edb605b0b1d9,2,1,5,1622,20608,693,213,22923,22230,1622,799,103,2
66e40dd4-27e6-4a85-83e8-edb605b0b1d9,2,1,6,183,22912,179,81,23274,23095,183,284,0,2
66e40dd4-27e6-4a85-83e8-edb605b0b1d9,2,1,7,7555,23168,1148,613,31871,30723,7555,2368,66,2
66e40dd4-27e6-4a85-83e8-edb605b0b1d9,2,1,8,426,31744,806,196,32976,32170,426,748,0,2
66e40dd4-27e6-4a85-83e8-edb605b0b1d9,2,1,9,253,32768,237,107,33258,33021,253,384,0,1
66e40dd4-27e6-4a85-83e8-edb605b0b1d9,2,1,10,1077,33152,1830,931,36059,34229,1077,3498,140,2
66e40dd4-27e6-4a85-83e8-edb605b0b1d9,2,1,11,261,35840,894,120,36995,36101,261,460,0,2
66e40dd4-27e6-4a85-83e8-edb605b0b1d9,2,1,12,1804,36992,1110,523,39906,38796,1804,2069,79,2
66e40dd4-27e6-4a85-83e8-edb605b0b1d9,2,1,13,404,39808,683,277,40895,40212,404,1047,82,2
66e40dd4-27e6-4a85-83e8-edb605b0b1d9,2,1,14,269,40832,777,182,41878,41101,269,737,0,2
66e40dd4-27e6-4a85-83e8-edb605b0b1d9,2,1,15,619,41856,1177,591,43652,42475,619,2181,96,2
66e40dd4-27e6-4a85-83e8-edb605b0b1d9,2,1,16,3506,43648,819,312,47973,47154,3506,1260,82,2
66e40dd4-27e6-4a85-83e8-edb605b0b1d9,2,1,17,385,47872,1866,1044,50123,48257,385,3984,101,2
66e40dd4-27e6-4a85-83e8-edb605b0b1d9,2,1,18,312,50048,607,476,50967,50360,312,1805,64,2
66e40dd4-27e6-4a85-83e8-edb605b0b1d9,2,1,19,6194,50944,1859,1522,58997,57138,6194,5767,108,1
66e40dd4-27e6-4a85-83e8-edb605b0b1d9,2,1,20,653,58880,531,382,60064,59533,653,1636,82,2
66e40dd4-27e6-4a85-83e8-edb605b0b1d9,2,1,21,11091,60032,756,255,71879,71123,11091,999,72,2
66e40dd4-27e6-4a85-83e8-edb605b0b1d9,2,1,22,1620,71808,288,80,73716,73428,1620,300,88,2
66e40dd4-27e6-4a85-83e8-edb605b0b1d9,2,1,23,1792,73600,336,109,75728,75392,1792,487,0,2
66e40dd4-27e6-4a85-83e8-edb605b0b1d9,2,1,24,1290,75648,577,409,77515,76938,1290,1518,90,2
66e40dd4-27e6-4a85-83e8-edb605b0b1d9,2,1,25,7596,77440,4014,1352,89050,85036,7596,5359,128,2
66e40dd4-27e6-4a85-83e8-edb605b0b1d9,2,1,26,163,88960,1280,10,90403,89123,163,39,0,1
66e40dd4-27e6-4a85-83e8-edb605b0b1d9,2,1,27,201,90240,928,244,91369,90441,201,898,0,2
66e40dd4-27e6-4a85-83e8-edb605b0b1d9,2,1,28,882,91264,736,291,92882,92146,882,1055,67,2
66e40dd4-27e6-4a85-83e8-edb605b0b1d9,2,1,29,575,92800,656,197,94031,93375,575,695,0,2
66e40dd4-27e6-4a85-83e8-edb605b0b1d9,2,1,30,536,93952,540,130,95028,94488,536,517,0,2
66e40dd4-27e6-4a85-83e8-edb605b0b1d9,2,1,31,2155,94976,720,309,97851,97131,2155,1288,0,2
66e40dd4-27e6-4a85-83e8-edb605b0b1d9,2,1,32,791,97792,1070,568,99653,98583,791,2338,0,2
66e40dd4-27e6-4a85-83e8-edb605b0b1d9,2,1,33,2040,99584,669,205,102293,101624,2040,872,0,2
66e40dd4-27e6-4a85-83e8-edb605b0b1d9,2,1,34,1072,102272,946,441,104290,103344,1072,1668,97,2
66e40dd4-27e6-4a85-83e8-edb605b0b1d9,2,1,35,8204,103424,587,282,112215,111628,8204,1045,72,1
66e40dd4-27e6-4a85-83e8-edb605b0b1d9,2,1,36,259,112128,192,46,112579,112387,259,182,0,1
66e40dd4-27e6-4a85-83e8-edb605b0b1d9,2,1,37,613,112512,473,350,113598,113125,613,1170,0,2
66e40dd4-27e6-4a85-83e8-edb605b0b1d9,2,1,38,589,113536,479,287,114604,114125,589,1045,95,1
66e40dd4-27e6-4a85-83e8-edb605b0b1d9,2,1,39,763,114560,1120,348,116443,115323,763,1300,107,2
66e40dd4-27e6-4a85-83e8-edb605b0b1d9,2,1,40,781,116352,1448,867,118581,117133,781,3600,0,2
66e40dd4-27e6-4a85-83e8-edb605b0b1d9,2,1,41,1329,118528,535,294,120392,119857,1329,1060,0,2
66e40dd4-27e6-4a85-83e8-edb605b0b1d9,2,1,42,1507,120320,833,240,122660,121827,1507,877,0,2
66e40dd4-27e6-4a85-83e8-edb605b0b1d9,2,1,43,744,122624,851,280,124219,123368,744,1156,0,2
66e40dd4-27e6-4a85-83e8-edb605b0b1d9,2,1,44,637,124160,1310,887,126107,124797,637,3501,0,2
66e40dd4-27e6-4a85-83e8-edb605b0b1d9,2,1,45,1557,126080,1330,1208,128967,127637,1557,4664,0,2
66e40dd4-27e6-4a85-83e8-edb605b0b1d9,2,1,46,3102,128896,750,368,132748,131998,3102,1326,0,2
66e40dd4-27e6-4a85-83e8-edb605b0b1d9,2,1,47,4107,132736,781,572,137624,136843,4107,2310,0,1
66e40dd4-27e6-4a85-83e8-edb605b0b1d9,2,1,48,1381,137600,485,251,139466,138981,1381,1041,0,2
66e40dd4-27e6-4a85-83e8-edb605b0b1d9,2,1,49,1008,139392,2015,1226,142415,140400,1008,5072,103,2
66e40dd4-27e6-4a85-83e8-edb605b0b1d9,2,1,50,3420,142336,1232,484,146988,145756,3420,1908,107,2
66e40dd4-27e6-4a85-83e8-edb605b0b1d9,2,1,51,1321,146944,1160,605,149425,148265,1321,2603,0,2
66e40dd4-27e6-4a85-83e8-edb605b0b1d9,2,1,52,1555,149376,734,522,151665,150931,1555,2123,0,2
66e40dd4-27e6-4a85-83e8-edb605b0b1d9,2,1,53,1634,151552,543,299,153729,153186,1634,1245,79,2
66e40dd4-27e6-4a85-83e8-edb605b0b1d9,2,1,54,1088,153728,365,131,155181,154816,1088,525,0,2
66e40dd4-27e6-4a85-83e8-edb605b0b1d9,2,1,55,987,155136,663,354,156786,156123,987,1433,95,2
66e40dd4-27e6-4a85-83e8-edb605b0b1d9,2,1,56,3015,156672,452,108,160139,159687,3015,433,113,2
66e40dd4-27e6-4a85-83e8-edb605b0b1d9,2,1,57,911,160128,247,137,161286,161039,911,509,0,2
66e40dd4-27e6-4a85-83e8-edb605b0b1d9,2,1,58,2460,161280,3720,2958,167460,163740,2460,12155,62,2
66e40dd4-27e6-4a85-83e8-edb605b0b1d9,2,1,59,1176,167424,738,408,169338,168600,1176,1605,0,2
66e40dd4-27e6-4a85-83e8-edb605b0b1d9,2,1,60,1321,169216,1401,1179,171938,170537,1321,5037,0,2
66e40dd4-27e6-4a85-83e8-edb605b0b1d9,2,1,61,316,171904,501,148,172721,172220,316,629,0,2
66e40dd4-27e6-4a85-83e8-edb605b0b1d9,2,1,62,459,172672,366,99,173497,173131,459,446,0,1
66e40dd4-27e6-4a85-83e8-edb605b0b1d9,2,1,63,203,173312,263,177,173778,173515,203,691,0,1
66e40dd4-27e6-4a85-83e8-edb605b0b1d9,2,1,64,2232,173696,16586,797,192514,175928,2232,3000,64,1
66e40dd4-27e6-4a85-83e8-edb605b0b1d9,2,1,65,3052,192512,1396,590,196960,195564,3052,2286,90,1
66e40dd4-27e6-4a85-83e8-edb605b0b1d9,2,1,66,138,196864,1163,0,198165,197002,138,0,0,1
66e40dd4-27e6-4a85-83e8-edb605b0b1d9,2,1,67,191,198016,1332,19,199539,198207,191,71,0,1
66e40dd4-27e6-4a85-83e8-edb605b0b1d9,2,1,68,157,199424,749,168,200330,199581,157,637,0,1
66e40dd4-27e6-4a85-83e8-edb605b0b1d9,2,1,69,180,200192,606,66,200978,200372,180,326,0,1
66e40dd4-27e6-4a85-83e8-edb605b0b1d9,2,1,70,188,200832,614,131,201634,201020,188,519,48,2
66e40dd4-27e6-4a85-83e8-edb605b0b1d9,2,1,71,1571,201600,338,134,203509,203171,1571,529,0,2
66e40dd4-27e6-4a85-83e8-edb605b0b1d9,2,1,72,2619,203392,587,254,206598,206011,2619,997,0,1
66e40dd4-27e6-4a85-83e8-edb605b0b1d9,2,1,73,162,206464,1865,0,208491,206626,162,0,0,1
66e40dd4-27e6-4a85-83e8-edb605b0b1d9,2,1,74,148,208384,311,66,208843,208532,148,301,0,1
66e40dd4-27e6-4a85-83e8-edb605b0b1d9,2,1,75,145,208768,1067,0,209980,208913,145,0,4229,0
69945366-9aea-4a07-a7fb-3ae889133eb7,3,1,1,2544,7936,222,0,10702,10480,2544,0,116,2
69945366-9aea-4a07-a7fb-3ae889133eb7,3,1,2,590,10624,398,47,11612,11214,590,226,109,2
69945366-9aea-4a07-a7fb-3ae889133eb7,3,1,3,630,11520,690,139,12840,12150,630,515,114,2
69945366-9aea-4a07-a7fb-3ae889133eb7,3,1,4,241,12672,164,31,13077,12913,241,125,0,1
69945366-9aea-4a07-a7fb-3ae889133eb7,3,1,5,179,12928,537,173,13644,13107,179,618,0,2
69945366-9aea-4a07-a7fb-3ae889133eb7,3,1,6,235,13440,425,109,14100,13675,235,409,0,2
69945366-9aea-4a07-a7fb-3ae889133eb7,3,1,7,525,14080,349,201,14954,14605,525,800,89,2
69945366-9aea-4a07-a7fb-3ae889133eb7,3,1,8,899,14848,580,217,16327,15747,899,920,75,2
69945366-9aea-4a07-a7fb-3ae889133eb7,3,1,9,1065,16256,1251,446,18572,17321,1065,1885,73,1
69945366-9aea-4a07-a7fb-3ae889133eb7,3,1,10,190,18432,101,0,18723,18622,190,0,0,1
69945366-9aea-4a07-a7fb-3ae889133eb7,3,1,11,4248,18688,1483,811,24419,22936,4248,3006,76,2
69945366-9aea-4a07-a7fb-3ae889133eb7,3,1,12,135,24320,57,0,24512,24455,135,0,0,1
69945366-9aea-4a07-a7fb-3ae889133eb7,3,1,13,5731,24448,433,335,30612,30179,5731,1239,47,1
69945366-9aea-4a07-a7fb-3ae889133eb7,3,1,14,16442,30592,109,21,47143,47034,16442,71,0,1
69945366-9aea-4a07-a7fb-3ae889133eb7,3,1,15,15515,47104,1285,663,63904,62619,15515,2375,133,2
69945366-9aea-4a07-a7fb-3ae889133eb7,3,1,16,200,63744,87,0,64031,63944,200,0,0,1
69945366-9aea-4a07-a7fb-3ae889133eb7,3,1,17,6505,64000,879,559,71384,70505,6505,2191,102,4
69945366-9aea-4a07-a7fb-3ae889133eb7,3,1,18,1409,71296,945,439,73650,72705,1409,1561,0,2
69945366-9aea-4a07-a7fb-3ae889133eb7,3,1,19,7751,73600,788,555,82139,81351,7751,2013,0,4
69945366-9aea-4a07-a7fb-3ae889133eb7,3,1,20,1602,82048,573,245,84223,83650,1602,1068,0,2
69945366-9aea-4a07-a7fb-3ae889133eb7,3,1,21,5282,84096,919,605,90297,89378,5282,2366,107,4
69945366-9aea-4a07-a7fb-3ae889133eb7,3,1,22,7045,90240,1025,567,98310,97285,7045,2243,0,2
69945366-9aea-4a07-a7fb-3ae889133eb7,3,1,23,524,98304,360,138,99188,98828,524,609,75,1
69945366-9aea-4a07-a7fb-3ae889133eb7,3,1,24,3383,99072,1701,1092,104156,102455,3383,4249,102,2
69945366-9aea-4a07-a7fb-3ae889133eb7,3,1,25,9457,104064,777,276,114298,113521,9457,1195,0,2
69945366-9aea-4a07-a7fb-3ae889133eb7,3,1,26,2634,114176,694,307,117504,116810,2634,1212,73,3
69945366-9aea-4a07-a7fb-3ae889133eb7,3,1,27,195,117504,238,17,117937,117699,195,70,78,1
69945366-9aea-4a07-a7fb-3ae889133eb7,3,1,28,1136,117888,588,421,119612,119024,1136,1946,80,1
69945366-9aea-4a07-a7fb-3ae889133eb7,3,1,29,617,119552,356,101,120525,120169,617,401,0,2
69945366-9aea-4a07-a7fb-3ae889133eb7,3,1,30,2645,120448,1229,825,124322,123093,2645,3201,139,2
69945366-9aea-4a07-a7fb-3ae889133eb7,3,1,31,2134,124288,309,191,126731,126422,2134,815,0,1
69945366-9aea-4a07-a7fb-3ae889133eb7,3,1,32,2703,126720,911,619,130334,129423,2703,2434,122,1
69945366-9aea-4a07-a7fb-3ae889133eb7,3,1,33,6661,130304,1238,986,138203,136965,6661,3658,78,2
69945366-9aea-4a07-a7fb-3ae889133eb7,3,1,34,2593,138112,490,266,141195,140705,2593,1018,0,3
69945366-9aea-4a07-a7fb-3ae889133eb7,3,1,35,665,141184,429,186,142278,141849,665,711,0,1
69945366-9aea-4a07-a7fb-3ae889133eb7,3,1,36,615,142208,524,162,143347,142823,615,638,0,1
69945366-9aea-4a07-a7fb-3ae889133eb7,3,1,37,207,143232,4758,1398,148197,143439,207,4829,79,1
69945366-9aea-4a07-a7fb-3ae889133eb7,3,1,38,152,148096,147,19,148395,148248,152,80,0,1
69945366-9aea-4a07-a7fb-3ae889133eb7,3,1,39,202,148224,3407,183,151833,148426,202,749,108,1
69945366-9aea-4a07-a7fb-3ae889133eb7,3,1,40,204,151680,124,0,152008,151884,204,0,0,1
69945366-9aea-4a07-a7fb-3ae889133eb7,3,1,41,254,151808,472,136,152534,152062,254,457,22,1
69945366-9aea-4a07-a7fb-3ae889133eb7,3,1,42,251,152320,734,0,153305,152571,251,0,0,1
69945366-9aea-4a07-a7fb-3ae889133eb7,3,1,43,254,153088,840,0,154182,153342,254,0,0,1
69945366-9aea-4a07-a7fb-3ae889133eb7,3,1,44,235,153984,361,0,154580,154219,235,0,0,1
69945366-9aea-4a07-a7fb-3ae889133eb7,3,1,45,249,154368,114,0,154731,154617,249,0,0,1
69945366-9aea-4a07-a7fb-3ae889133eb7,3,1,46,260,154496,1584,291,156340,154756,260,1026,0,1
69945366-9aea-4a07-a7fb-3ae889133eb7,3,1,47,217,156160,183,85,156560,156377,217,360,0,1
69945366-9aea-4a07-a7fb-3ae889133eb7,3,1,48,801,156544,1696,332,159041,157345,801,1299,0,1
69945366-9aea-4a07-a7fb-3ae889133eb7,3,1,49,230,158848,141,0,159219,159078,230,0,0,1
69945366-9aea-4a07-a7fb-3ae889133eb7,3,1,50,671,159104,774,206,160549,159775,671,833,0,1
69945366-9aea-4a07-a7fb-3ae889133eb7,3,1,51,202,160384,439,337,161025,160586,202,1392,134,1
69945366-9aea-4a07-a7fb-3ae889133eb7,3,1,52,2218,161024,1279,116,164521,163242,2218,508,100,2
69945366-9aea-4a07-a7fb-3ae889133eb7,3,1,53,240,164352,365,0,164957,164592,240,0,1402,0
6d105fdb-03f9-44c6-93a2-3d50ac916f2a,3,1,1,3118,7936,240,0,11294,11054,3118,0,108,2
6d105fdb-03f9-44c6-93a2-3d50ac916f2a,3,1,2,2508,11264,355,162,14127,13772,2508,631,0,2
6d105fdb-03f9-44c6-93a2-3d50ac916f2a,3,1,3,1492,14080,444,39,16016,15572,1492,163,0,2
6d105fdb-03f9-44c6-93a2-3d50ac916f2a,3,1,4,464,16000,649,235,17113,16464,464,893,0,2
6d105fdb-03f9-44c6-93a2-3d50ac916f2a,3,1,5,409,17024,665,341,18098,17433,409,1165,0,2
6d105fdb-03f9-44c6-93a2-3d50ac916f2a,3,1,6,348,18048,204,64,18600,18396,348,237,0,1
6d105fdb-03f9-44c6-93a2-3d50ac916f2a,3,1,7,608,18560,438,126,19606,19168,608,418,0,2
6d105fdb-03f9-44c6-93a2-3d50ac916f2a,3,1,8,1986,19584,777,441,22347,21570,1986,1802,0,2
6d105fdb-03f9-44c6-93a2-3d50ac916f2a,3,1,9,517,22272,379,88,23168,22789,517,305,0,2
6d105fdb-03f9-44c6-93a2-3d50ac916f2a,3,1,10,619,23168,1137,657,24924,23787,619,2609,0,2
6d105fdb-03f9-44c6-93a2-3d50ac916f2a,3,1,11,152,24832,2272,297,27256,24984,152,1301,148,2
6d105fdb-03f9-44c6-93a2-3d50ac916f2a,3,1,12,164,27136,934,247,28234,27300,164,914,82,2
6d105fdb-03f9-44c6-93a2-3d50ac916f2a,3,1,13,687,28160,786,528,29633,28847,687,2123,0,2
6d105fdb-03f9-44c6-93a2-3d50ac916f2a,3,1,14,561,29568,456,126,30585,30129,561,530,0,2
6d105fdb-03f9-44c6-93a2-3d50ac916f2a,3,1,15,688,30464,239,57,31391,31152,688,206,0,2
6d105fdb-03f9-44c6-93a2-3d50ac916f2a,3,1,16,1473,31360,361,155,33194,32833,1473,633,0,2
6d105fdb-03f9-44c6-93a2-3d50ac916f2a,3,1,17,1791,33152,937,169,35880,34943,1791,663,0,2
6d105fdb-03f9-44c6-93a2-3d50ac916f2a,3,1,18,1703,35840,929,587,38472,37543,1703,2271,0,2
6d105fdb-03f9-44c6-93a2-3d50ac916f2a,3,1,19,321,38400,764,181,39485,38721,321,736,0,2
6d105fdb-03f9-44c6-93a2-3d50ac916f2a,3,1,20,639,39424,719,310,40782,40063,639,1039,0,2
6d105fdb-03f9-44c6-93a2-3d50ac916f2a,3,1,21,1238,40704,1216,511,43158,41942,1238,2086,0,2
6d105fdb-03f9-44c6-93a2-3d50ac916f2a,3,1,22,595,43136,732,274,44463,43731,595,1139,0,2
6d105fdb-03f9-44c6-93a2-3d50ac916f2a,3,1,23,537,44416,538,81,45491,44953,537,384,0,2
6d105fdb-03f9-44c6-93a2-3d50ac916f2a,3,1,24,461,45440,748,334,46649,45901,461,1374,0,2
6d105fdb-03f9-44c6-93a2-3d50ac916f2a,3,1,25,2329,46592,674,251,49595,48921,2329,992,0,2
6d105fdb-03f9-44c6-93a2-3d50ac916f2a,3,1,26,1143,49536,701,317,51380,50679,1143,1292,0,2
6d105fdb-03f9-44c6-93a2-3d50ac916f2a,3,1,27,588,51328,493,128,52409,51916,588,551,0,2
6d105fdb-03f9-44c6-93a2-3d50ac916f2a,3,1,28,1540,52352,777,301,54669,53892,1540,1168,0,2
6d105fdb-03f9-44c6-93a2-3d50ac916f2a,3,1,29,1224,54656,1544,732,57424,55880,1224,2765,0,2
6d105fdb-03f9-44c6-93a2-3d50ac916f2a,3,1,30,288,57344,885,382,58517,57632,288,1524,0,2
6d105fdb-03f9-44c6-93a2-3d50ac916f2a,3,1,31,1234,58496,1116,438,60846,59730,1234,1701,0,2
6d105fdb-03f9-44c6-93a2-3d50ac916f2a,3,1,32,697,60800,1291,958,62788,61497,697,3660,0,2
6d105fdb-03f9-44c6-93a2-3d50ac916f2a,3,1,33,1223,62720,1204,687,65147,63943,1223,2729,0,2
6d105fdb-03f9-44c6-93a2-3d50ac916f2a,3,1,34,1187,65024,1041,584,67252,66211,1187,2500,93,1
6d105fdb-03f9-44c6-93a2-3d50ac916f2a,3,1,35,287,67200,484,59,67971,67487,287,250,0,1
6d105fdb-03f9-44c6-93a2-3d50ac916f2a,3,1,36,688,67968,772,368,69428,68656,688,1638,0,1
6d105fdb-03f9-44c6-93a2-3d50ac916f2a,3,1,37,1946,69376,2660,2222,73982,71322,1946,8699,0,1
6d105fdb-03f9-44c6-93a2-3d50ac916f2a,3,1,38,790,73856,562,435,75208,74646,790,1756,0,1
6d105fdb-03f9-44c6-93a2-3d50ac916f2a,3,1,39,212,75008,203,55,75423,75220,212,219,0,1
6d105fdb-03f9-44c6-93a2-3d50ac916f2a,3,1,40,775,75392,258,112,76425,76167,775,430,0,1
6d105fdb-03f9-44c6-93a2-3d50ac916f2a,3,1,41,390,76416,364,125,77170,76806,390,513,0,1
6d105fdb-03f9-44c6-93a2-3d50ac916f2a,3,1,42,137,77056,985,365,78178,77193,137,1505,0,1
6d105fdb-03f9-44c6-93a2-3d50ac916f2a,3,1,43,823,78080,553,353,79456,78903,823,1319,0,2
6d105fdb-03f9-44c6-93a2-3d50ac916f2a,3,1,44,938,79360,654,245,80952,80298,938,951,0,2
6d105fdb-03f9-44c6-93a2-3d50ac916f2a,3,1,45,1412,80896,856,402,83164,82308,1412,1631,0,2
6d105fdb-03f9-44c6-93a2-3d50ac916f2a,3,1,46,1731,83072,653,221,85456,84803,1731,891,0,2
6d105fdb-03f9-44c6-93a2-3d50ac916f2a,3,1,47,719,85376,668,402,86763,86095,719,1709,0,2
6d105fdb-03f9-44c6-93a2-3d50ac916f2a,3,1,48,1134,86656,639,452,88429,87790,1134,1835,0,1
6d105fdb-03f9-44c6-93a2-3d50ac916f2a,3,1,49,980,88320,523,324,89823,89300,980,1216,0,2
6d105fdb-03f9-44c6-93a2-3d50ac916f2a,3,1,50,1994,89728,228,108,91950,91722,1994,414,0,1
6d105fdb-03f9-44c6-93a2-3d50ac916f2a,3,1,51,1230,91904,174,40,93308,93134,1230,130,0,1
6d105fdb-03f9-44c6-93a2-3d50ac916f2a,3,1,52,1867,93184,785,465,95836,95051,1867,1898,0,2
6d105fdb-03f9-44c6-93a2-3d50ac916f2a,3,1,53,1218,95744,857,305,97819,96962,1218,1259,0,2
6d105fdb-03f9-44c6-93a2-3d50ac916f2a,3,1,54,386,97792,752,519,98930,98178,386,2125,0,2
6d105fdb-03f9-44c6-93a2-3d50ac916f2a,3,1,55,380,98816,1166,800,100362,99196,380,3236,0,2
6d105fdb-03f9-44c6-93a2-3d50ac916f2a,3,1,56,2720,100352,851,668,103923,103072,2720,2753,0,2
6d105fdb-03f9-44c6-93a2-3d50ac916f2a,3,1,57,949,103808,662,579,105419,104757,949,2345,0,1
6d105fdb-03f9-44c6-93a2-3d50ac916f2a,3,1,58,1059,105344,1391,955,107794,106403,1059,3802,0,2
6d105fdb-03f9-44c6-93a2-3d50ac916f2a,3,1,59,1295,107776,885,639,109956,109071,1295,2487,0,1
6d105fdb-03f9-44c6-93a2-3d50ac916f2a,3,1,60,237,109824,6938,3313,116999,110061,237,13275,63,1
6d105fdb-03f9-44c6-93a2-3d50ac916f2a,3,1,61,192,116864,115,28,117171,117056,192,105,0,1
6d105fdb-03f9-44c6-93a2-3d50ac916f2a,3,1,62,200,116992,3300,68,120492,117192,200,293,109,1
6d105fdb-03f9-44c6-93a2-3d50ac916f2a,3,1,63,229,120320,95,0,120644,120549,229,0,0,1
6d105fdb-03f9-44c6-93a2-3d50ac916f2a,3,1,64,247,120448,3354,167,124049,120695,247,571,0,1
6d105fdb-03f9-44c6-93a2-3d50ac916f2a,3,1,65,202,123904,168,82,124274,124106,202,363,0,1
6d105fdb-03f9-44c6-93a2-3d50ac916f2a,3,1,66,135,124160,735,196,125030,124295,135,728,44,2
6d105fdb-03f9-44c6-93a2-3d50ac916f2a,3,1,67,184,124928,1268,0,126380,125112,184,0,0,2
6d105fdb-03f9-44c6-93a2-3d50ac916f2a,3,1,68,254,126208,1153,0,127615,126462,254,0,0,2
6d105fdb-03f9-44c6-93a2-3d50ac916f2a,3,1,69,209,127488,87,0,127784,127697,209,0,0,1
6d105fdb-03f9-44c6-93a2-3d50ac916f2a,3,1,70,189,127616,1401,193,129206,127805,189,730,0,2
6d105fdb-03f9-44c6-93a2-3d50ac916f2a,3,1,71,136,129152,1104,514,130392,129288,136,2020,0,2
6d105fdb-03f9-44c6-93a2-3d50ac916f2a,3,1,72,170,130304,142,54,130616,130474,170,242,0,1
6d105fdb-03f9-44c6-93a2-3d50ac916f2a,3,1,73,285,130560,95,0,130940,130845,285,0,0,1
6d105fdb-03f9-44c6-93a2-3d50ac916f2a,3,1,74,1039,130816,174,0,132029,131855,1039,0,46,1
6d105fdb-03f9-44c6-93a2-3d50ac916f2a,3,1,75,232,131840,108,0,132180,132072,232,0,0,1
6d105fdb-03f9-44c6-93a2-3d50ac916f2a,3,1,76,344,132096,368,305,132808,132440,344,1213,0,1
6d105fdb-03f9-44c6-93a2-3d50ac916f2a,3,1,77,3183,132736,1441,454,137360,135919,3183,1876,0,2
6d105fdb-03f9-44c6-93a2-3d50ac916f2a,3,1,78,218,137216,702,0,138136,137434,218,0,2825,0
6f182957-7587-4604-97e9-5b8275f63b51,1,1,1,2602,7936,196,0,10734,10538,2602,0,76,2
6f182957-7587-4604-97e9-5b8275f63b51,1,1,2,2325,10624,229,27,13178,12949,2325,145,0,2
6f182957-7587-4604-97e9-5b8275f63b51,1,1,3,1536,13056,355,171,14947,14592,1536,941,0,2
6f182957-7587-4604-97e9-5b8275f63b51,1,1,4,3945,14848,8155,86,26948,18793,3945,431,87,6
6f182957-7587-4604-97e9-5b8275f63b51,1,1,5,286,26880,360,54,27526,27166,286,290,0,2
6f182957-7587-4604-97e9-5b8275f63b51,1,1,6,150,27520,138,23,27808,27670,150,109,0,1
6f182957-7587-4604-97e9-5b8275f63b51,1,1,7,2644,27776,254,93,30674,30420,2644,526,0,2
6f182957-7587-4604-97e9-5b8275f63b51,1,1,8,7777,30592,455,130,38824,38369,7777,698,0,1
6f182957-7587-4604-97e9-5b8275f63b51,1,1,9,6359,38784,457,71,45600,45143,6359,370,0,2
6f182957-7587-4604-97e9-5b8275f63b51,1,1,10,730,45568,387,56,46685,46298,730,270,0,1
6f182957-7587-4604-97e9-5b8275f63b51,1,1,11,4210,46592,482,101,51284,50802,4210,534,0,2
6f182957-7587-4604-97e9-5b8275f63b51,1,1,12,3415,51200,391,25,55006,54615,3415,135,0,1
6f182957-7587-4604-97e9-5b8275f63b51,1,1,13,344,54912,336,21,55592,55256,344,101,0,2
6f182957-7587-4604-97e9-5b8275f63b51,1,1,14,195,55552,270,22,56017,55747,195,111,0,1
6f182957-7587-4604-97e9-5b8275f63b51,1,1,15,475,55936,136,0,56547,56411,475,0,0,1
6f182957-7587-4604-97e9-5b8275f63b51,1,1,16,421,56448,325,58,57194,56869,421,315,0,2
6f182957-7587-4604-97e9-5b8275f63b51,1,1,17,4939,57088,151,39,62178,62027,4939,220,0,1
6f182957-7587-4604-97e9-5b8275f63b51,1,1,18,3323,62080,118,47,65521,65403,3323,279,0,1
6f182957-7587-4604-97e9-5b8275f63b51,1,1,19,2713,65408,286,139,68407,68121,2713,785,0,2
6f182957-7587-4604-97e9-5b8275f63b51,1,1,20,998,68352,443,59,69793,69350,998,326,0,1
6f182957-7587-4604-97e9-5b8275f63b51,1,1,21,189,69760,193,46,70142,69949,189,217,0,2
6f182957-7587-4604-97e9-5b8275f63b51,1,1,22,379,70016,225,45,70620,70395,379,225,0,1
6f182957-7587-4604-97e9-5b8275f63b51,1,1,23,170,70528,582,163,71280,70698,170,864,0,2
6f182957-7587-4604-97e9-5b8275f63b51,1,1,24,963,71168,2723,2185,74854,72131,963,12220,0,2
6f182957-7587-4604-97e9-5b8275f63b51,1,1,25,835,74752,417,106,76004,75587,835,526,0,1
6f182957-7587-4604-97e9-5b8275f63b51,1,1,26,3239,75904,139,39,79282,79143,3239,189,0,1
6f182957-7587-4604-97e9-5b8275f63b51,1,1,27,3159,79232,196,86,82587,82391,3159,464,0,1
6f182957-7587-4604-97e9-5b8275f63b51,1,1,28,203,82432,189,84,82824,82635,203,443,0,1
6f182957-7587-4604-97e9-5b8275f63b51,1,1,29,2732,82816,136,41,85684,85548,2732,262,0,1
6f182957-7587-4604-97e9-5b8275f63b51,1,1,30,3233,85632,331,229,89196,88865,3233,1186,0,1
6f182957-7587-4604-97e9-5b8275f63b51,1,1,31,773,89088,312,60,90173,89861,773,288,0,1
6f182957-7587-4604-97e9-5b8275f63b51,1,1,32,513,90112,495,385,91120,90625,513,1971,0,2
6f182957-7587-4604-97e9-5b8275f63b51,1,1,33,139,91008,7406,28,98553,91147,139,149,72,1
6f182957-7587-4604-97e9-5b8275f63b51,1,1,34,5297,93312,118,18,98727,98609,5297,82,0,2
6f182957-7587-4604-97e9-5b8275f63b51,1,1,35,270,98688,203,62,99161,98958,270,263,0,1
6f182957-7587-4604-97e9-5b8275f63b51,1,1,36,244,98944,6623,168,105811,99188,244,775,79,1
6f182957-7587-4604-97e9-5b8275f63b51,1,1,37,139,105728,143,0,106010,105867,139,0,0,2
6f182957-7587-4604-97e9-5b8275f63b51,1,1,38,263,105984,6339,120,112586,106247,263,532,28,1
6f182957-7587-4604-97e9-5b8275f63b51,1,1,39,258,112384,128,0,112770,112642,258,0,0,1
6f182957-7587-4604-97e9-5b8275f63b51,1,1,40,157,112640,2647,114,115444,112797,157,519,0,1
6f182957-7587-4604-97e9-5b8275f63b51,1,1,41,135,115328,6567,619,122030,115463,135,3348,0,1
6f182957-7587-4604-97e9-5b8275f63b51,1,1,42,231,121856,135,34,122222,122087,231,162,0,1
6f182957-7587-4604-97e9-5b8275f63b51,1,1,43,279,122112,103,25,122494,122391,279,116,0,1
6f182957-7587-4604-97e9-5b8275f63b51,1,1,44,267,122368,5956,0,128591,122635,267,0,50,1
6f182957-7587-4604-97e9-5b8275f63b51,1,1,45,135,128512,142,0,128789,128647,135,0,0,2
6f182957-7587-4604-97e9-5b8275f63b51,1,1,46,258,128768,1001,142,130027,129026,258,655,0,1
6f182957-7587-4604-97e9-5b8275f63b51,1,1,47,254,129792,153,59,130199,130046,254,238,0,1
6f182957-7587-4604-97e9-5b8275f63b51,1,1,48,1543,130176,4037,47,135756,131719,1543,265,0,1
6f182957-7587-4604-97e9-5b8275f63b51,1,1,49,223,135552,2031,51,137806,135775,223,270,0,1
6f182957-7587-4604-97e9-5b8275f63b51,1,1,50,225,137600,663,56,138488,137825,225,246,0,1
6f182957-7587-4604-97e9-5b8275f63b51,1,1,51,139,138368,1306,76,139813,138507,139,385,0,1
6f182957-7587-4604-97e9-5b8275f63b51,1,1,52,184,139648,2866,47,142698,139832,184,183,0,1
6f182957-7587-4604-97e9-5b8275f63b51,1,1,53,253,142464,229,136,142946,142717,253,679,0,1
6f182957-7587-4604-97e9-5b8275f63b51,1,1,54,1008,142848,1479,40,145335,143856,1008,194,0,1
6f182957-7587-4604-97e9-5b8275f63b51,1,1,55,202,145152,777,160,146131,145354,202,746,0,1
6f182957-7587-4604-97e9-5b8275f63b51,1,1,56,238,145920,141,47,146299,146158,238,204,0,1
6f182957-7587-4604-97e9-5b8275f63b51,1,1,57,1086,146176,1717,0,148979,147262,1086,0,0,1
6f182957-7587-4604-97e9-5b8275f63b51,1,1,58,261,148736,1031,57,150028,148997,261,247,0,1
6f182957-7587-4604-97e9-5b8275f63b51,1,1,59,158,149888,890,56,150936,150046,158,237,0,1
6f182957-7587-4604-97e9-5b8275f63b51,1,1,60,170,150784,1399,32,152353,150954,170,142,0,1
6f182957-7587-4604-97e9-5b8275f63b51,1,1,61,179,152192,718,51,153089,152371,179,181,0,1
6f182957-7587-4604-97e9-5b8275f63b51,1,1,62,147,152960,904,40,154011,153107,147,196,0,1
6f182957-7587-4604-97e9-5b8275f63b51,1,1,63,173,153856,564,23,154593,154029,173,117,0,1
6f182957-7587-4604-97e9-5b8275f63b51,1,1,64,243,154368,603,45,155214,154611,243,176,0,1
6f182957-7587-4604-97e9-5b8275f63b51,1,1,65,160,155136,498,0,155794,155296,160,0,0,1
6f182957-7587-4604-97e9-5b8275f63b51,1,1,66,227,155648,146,27,156021,155875,227,134,0,1
6f182957-7587-4604-97e9-5b8275f63b51,1,1,67,721,155904,459,0,157084,156625,721,0,0,1
6f182957-7587-4604-97e9-5b8275f63b51,1,1,68,175,156928,369,42,157472,157103,175,168,0,1
6f182957-7587-4604-97e9-5b8275f63b51,1,1,69,179,157312,345,56,157836,157491,179,240,0,1
6f182957-7587-4604-97e9-5b8275f63b51,1,1,70,159,157696,184,45,158039,157855,159,237,0,2
6f182957-7587-4604-97e9-5b8275f63b51,1,1,71,808,157952,165,71,158925,158760,808,354,0,1
6f182957-7587-4604-97e9-5b8275f63b51,1,1,72,1335,158848,1586,209,161769,160183,1335,1145,0,1
6f182957-7587-4604-97e9-5b8275f63b51,1,1,73,252,161536,1204,36,162992,161788,252,130,0,1
6f182957-7587-4604-97e9-5b8275f63b51,1,1,74,195,162816,910,38,163921,163011,195,131,0,1
6f182957-7587-4604-97e9-5b8275f63b51,1,1,75,228,163712,1199,135,165139,163940,228,666,0,1
6f182957-7587-4604-97e9-5b8275f63b51,1,1,76,166,164992,436,68,165594,165158,166,279,0,1
6f182957-7587-4604-97e9-5b8275f63b51,1,1,77,237,165376,537,0,166150,165613,237,0,0,1
6f182957-7587-4604-97e9-5b8275f63b51,1,1,78,153,166016,279,53,166448,166169,153,265,0,1
6f182957-7587-4604-97e9-5b8275f63b51,1,1,79,195,166272,521,50,166988,166467,195,191,0,1
6f182957-7587-4604-97e9-5b8275f63b51,1,1,80,223,166784,407,48,167414,167007,223,175,0,1
6f182957-7587-4604-97e9-5b8275f63b51,1,1,81,137,167296,320,0,167753,167433,137,0,0,1
6f182957-7587-4604-97e9-5b8275f63b51,1,1,82,220,167552,128,34,167900,167772,220,127,0,1
6f182957-7587-4604-97e9-5b8275f63b51,1,1,83,1271,167808,229,93,169308,169079,1271,471,0,1
6f182957-7587-4604-97e9-5b8275f63b51,1,1,84,147,169216,1366,0,170729,169363,147,0,0,1
6f182957-7587-4604-97e9-5b8275f63b51,1,1,85,1915,170624,192,64,172731,172539,1915,334,128,2
6f182957-7587-4604-97e9-5b8275f63b51,1,1,86,566,172672,175,61,173413,173238,566,342,0,1
6f182957-7587-4604-97e9-5b8275f63b51,1,1,87,607,173312,1662,166,175581,173919,607,834,0,1
6f182957-7587-4604-97e9-5b8275f63b51,1,1,88,1237,175488,1547,75,178272,176725,1237,336,0,1
6f182957-7587-4604-97e9-5b8275f63b51,1,1,89,243,178048,182,79,178473,178291,243,378,0,1
6f182957-7587-4604-97e9-5b8275f63b51,1,1,90,177,178432,804,0,179413,178609,177,0,0,1
6f182957-7587-4604-97e9-5b8275f63b51,1,1,91,232,179200,1494,173,180926,179432,232,851,0,1
6f182957-7587-4604-97e9-5b8275f63b51,1,1,92,209,180736,723,106,181668,180945,209,508,0,1
6f182957-7587-4604-97e9-5b8275f63b51,1,1,93,183,181504,1112,36,182799,181687,183,156,0,1
6f182957-7587-4604-97e9-5b8275f63b51,1,1,94,162,182656,1281,131,184099,182818,162,615,0,1
6f182957-7587-4604-97e9-5b8275f63b51,1,1,95,182,183936,689,69,184807,184118,182,301,0,1
6f182957-7587-4604-97e9-5b8275f63b51,1,1,96,250,184576,677,36,185503,184826,250,155,0,1
6f182957-7587-4604-97e9-5b8275f63b51,1,1,97,178,185344,687,65,186209,185522,178,270,0,1
6f182957-7587-4604-97e9-5b8275f63b51,1,1,98,181,186112,539,0,186832,186293,181,0,0,1
6f182957-7587-4604-97e9-5b8275f63b51,1,1,99,227,186624,489,44,187340,186851,227,194,0,1
6f182957-7587-4604-97e9-5b8275f63b51,1,1,100,223,187136,770,115,188129,187359,223,434,0,1
6f182957-7587-4604-97e9-5b8275f63b51,1,1,101,244,187904,519,29,188667,188148,244,95,0,1
6f182957-7587-4604-97e9-5b8275f63b51,1,1,102,142,188544,197,0,188883,188686,142,0,0,1
6f182957-7587-4604-97e9-5b8275f63b51,1,1,103,254,188672,119,41,189045,188926,254,177,0,1
6f182957-7587-4604-97e9-5b8275f63b51,1,1,104,1853,188928,206,27,190987,190781,1853,128,0,1
6f182957-7587-4604-97e9-5b8275f63b51,1,1,105,229,190848,230,86,191307,191077,229,496,0,1
6f182957-7587-4604-97e9-5b8275f63b51,1,1,106,242,191104,871,0,192217,191346,242,0,3969,0
6f182957-7587-4604-97e9-5b8275f63b51,1,2,1,1662,192128,328,155,194118,193790,1662,717,123,1
6f182957-7587-4604-97e9-5b8275f63b51,1,2,2,2571,194048,363,252,196982,196619,2571,1165,0,1
6f182957-7587-4604-97e9-5b8275f63b51,1,2,3,197,196864,568,0,197629,197061,197,0,0,1
6f182957-7587-4604-97e9-5b8275f63b51,1,2,4,144,197504,1162,36,198810,197648,144,150,0,1
6f182957-7587-4604-97e9-5b8275f63b51,1,2,5,1298,198784,178,85,200260,200082,1298,351,0,1
6f182957-7587-4604-97e9-5b8275f63b51,1,2,6,483,200192,648,61,201323,200675,483,302,0,1
6f182957-7587-4604-97e9-5b8275f63b51,1,2,7,793,201216,1273,244,203282,202009,793,1081,0,1
6f182957-7587-4604-97e9-5b8275f63b51,1,2,8,165,203136,151,58,203452,203301,165,262,0,1
6f182957-7587-4604-97e9-5b8275f63b51,1,2,9,634,203392,907,78,204933,204026,634,375,0,1
6f182957-7587-4604-97e9-5b8275f63b51,1,2,10,152,204800,1606,45,206558,204952,152,200,0,1
6f182957-7587-4604-97e9-5b8275f63b51,1,2,11,241,206336,1369,48,207946,206577,241,178,0,1
6f182957-7587-4604-97e9-5b8275f63b51,1,2,12,221,207744,1265,160,209230,207965,221,696,0,1
6f182957-7587-4604-97e9-5b8275f63b51,1,2,13,225,209024,713,157,209962,209249,225,667,0,1
6f182957-7587-4604-97e9-5b8275f63b51,1,2,14,189,209792,1164,80,211145,209981,189,360,0,1
6f182957-7587-4604-97e9-5b8275f63b51,1,2,15,220,210944,993,71,212157,211164,220,302,0,1
6f182957-7587-4604-97e9-5b8275f63b51,1,2,16,208,211968,752,47,212928,212176,208,202,0,1
6f182957-7587-4604-97e9-5b8275f63b51,1,2,17,211,212736,839,38,213786,212947,211,133,0,1
6f182957-7587-4604-97e9-5b8275f63b51,1,2,18,177,213760,652,76,214589,213937,177,313,0,1
6f182957-7587-4604-97e9-5b8275f63b51,1,2,19,208,214400,187,0,214795,214608,208,0,0,1
6f182957-7587-4604-97e9-5b8275f63b51,1,2,20,158,214656,135,41,214949,214814,158,167,0,1
6f182957-7587-4604-97e9-5b8275f63b51,1,2,21,882,214912,222,24,216016,215794,882,131,0,1
6f182957-7587-4604-97e9-5b8275f63b51,1,2,22,229,215808,1230,101,217267,216037,229,465,0,1
6f182957-7587-4604-97e9-5b8275f63b51,1,2,23,222,217088,153,0,217463,217310,222,0,0,1
6f182957-7587-4604-97e9-5b8275f63b51,1,2,24,158,217344,554,0,218056,217502,158,0,2372,0
6f182957-7587-4604-97e9-5b8275f63b51,1,3,1,1240,217984,215,49,219439,219224,1240,244,0,1
6f182957-7587-4604-97e9-5b8275f63b51,1,3,2,155,219392,441,0,219988,219547,155,0,2005,0
6f182957-7587-4604-97e9-5b8275f63b51,1,4,1,1795,219904,1398,265,223097,221699,1795,1236,110,1
6f182957-7587-4604-97e9-5b8275f63b51,1,4,2,140,222976,1030,44,224146,223116,140,186,0,1
6f182957-7587-4604-97e9-5b8275f63b51,1,4,3,232,224000,93,0,224325,224232,232,0,0,1
6f182957-7587-4604-97e9-5b8275f63b51,1,4,4,315,224256,573,39,225144,224571,315,184,0,1
6f182957-7587-4604-97e9-5b8275f63b51,1,4,5,139,225024,1329,74,226492,225163,139,340,0,1
6f182957-7587-4604-97e9-5b8275f63b51,1,4,6,207,226304,1205,100,227716,226511,207,458,0,1
6f182957-7587-4604-97e9-5b8275f63b51,1,4,7,151,227584,992,77,228727,227735,151,314,0,1
6f182957-7587-4604-97e9-5b8275f63b51,1,4,8,664,228608,1007,33,230279,229272,664,143,0,1
6f182957-7587-4604-97e9-5b8275f63b51,1,4,9,154,230144,676,39,230974,230298,154,135,0,1
6f182957-7587-4604-97e9-5b8275f63b51,1,4,10,1430,230912,1019,103,233361,232342,1430,461,0,1
6f182957-7587-4604-97e9-5b8275f63b51,1,4,11,164,233216,370,207,233750,233380,164,922,0,1
6f182957-7587-4604-97e9-5b8275f63b51,1,4,12,189,233600,1107,97,234896,233789,189,375,0,1
6f182957-7587-4604-97e9-5b8275f63b51,1,4,13,163,234752,910,45,235825,234915,163,183,0,1
6f182957-7587-4604-97e9-5b8275f63b51,1,4,14,252,235648,513,0,236413,235900,252,0,0,1
6f182957-7587-4604-97e9-5b8275f63b51,1,4,15,144,236288,690,35,237122,236432,144,119,0,1
6f182957-7587-4604-97e9-5b8275f63b51,1,4,16,213,236928,622,39,237763,237141,213,177,0,1
6f182957-7587-4604-97e9-5b8275f63b51,1,4,17,151,237696,370,0,238217,237847,151,0,0,1
6f182957-7587-4604-97e9-5b8275f63b51,1,4,18,225,238080,95,0,238400,238305,225,0,0,1
6f182957-7587-4604-97e9-5b8275f63b51,1,4,19,228,238208,319,43,238755,238436,228,192,0,1
6f182957-7587-4604-97e9-5b8275f63b51,1,4,20,182,238592,304,41,239078,238774,182,176,0,1
6f182957-7587-4604-97e9-5b8275f63b51,1,4,21,249,238848,388,0,239485,239097,249,0,0,1
6f182957-7587-4604-97e9-5b8275f63b51,1,4,22,220,239360,442,0,240022,239580,220,0,0,1
6f182957-7587-4604-97e9-5b8275f63b51,1,4,23,240,239872,453,56,240565,240112,240,247,0,1
6f182957-7587-4604-97e9-5b8275f63b51,1,4,24,249,240384,156,0,240789,240633,249,0,0,1
6f182957-7587-4604-97e9-5b8275f63b51,1,4,25,168,240640,217,49,241025,240808,168,207,0,1
6f182957-7587-4604-97e9-5b8275f63b51,1,4,26,533,241024,854,0,242411,241557,533,0,0,1
6f182957-7587-4604-97e9-5b8275f63b51,1,4,27,150,242304,171,0,242625,242454,150,0,0,1
6f182957-7587-4604-97e9-5b8275f63b51,1,4,28,232,242432,508,0,243172,242664,232,0,2069,0
6f182957-7587-4604-97e9-5b8275f63b51,1,5,1,1471,243072,1027,297,245570,244543,1471,1294,107,1
6f182957-7587-4604-97e9-5b8275f63b51,1,5,2,213,245376,1064,46,246653,245589,213,191,0,1
6f182957-7587-4604-97e9-5b8275f63b51,1,5,3,1173,246528,1203,41,248904,247701,1173,202,0,1
6f182957-7587-4604-97e9-5b8275f63b51,1,5,4,219,248704,1129,130,250052,248923,219,614,0,1
6f182957-7587-4604-97e9-5b8275f63b51,1,5,5,147,249984,126,0,250257,250131,147,0,0,1
6f182957-7587-4604-97e9-5b8275f63b51,1,5,6,533,250240,1134,87,251907,250773,533,381,0,1
6f182957-7587-4604-97e9-5b8275f63b51,1,5,7,150,251776,492,46,252418,251926,150,169,0,1
6f182957-7587-4604-97e9-5b8275f63b51,1,5,8,207,252288,482,0,252977,252495,207,0,0,1
6f182957-7587-4604-97e9-5b8275f63b51,1,5,9,196,252800,444,0,253440,252996,196,0,0,1
6f182957-7587-4604-97e9-5b8275f63b51,1,5,10,160,253312,318,0,253790,253472,160,0,0,1
6f182957-7587-4604-97e9-5b8275f63b51,1,5,11,241,253568,361,69,254170,253809,241,306,0,1
6f182957-7587-4604-97e9-5b8275f63b51,1,5,12,139,254080,507,0,254726,254219,139,0,0,1
6f182957-7587-4604-97e9-5b8275f63b51,1,5,13,161,254592,197,67,254950,254753,161,256,0,1
6f182957-7587-4604-97e9-5b8275f63b51,1,5,14,430,254848,943,0,256221,255278,430,0,0,1
6f182957-7587-4604-97e9-5b8275f63b51,1,5,15,136,256128,206,0,256470,256264,136,0,0,1
6f182957-7587-4604-97e9-5b8275f63b51,1,5,16,253,256256,583,0,257092,256509,253,0,2566,0
6f182957-7587-4604-97e9-5b8275f63b51,1,6,1,1738,257024,1321,371,260083,258762,1738,1847,138,1
6f182957-7587-4604-97e9-5b8275f63b51,1,6,2,134,259968,1316,72,261418,260102,134,317,0,1
6f182957-7587-4604-97e9-5b8275f63b51,1,6,3,1132,261376,871,219,263379,262508,1132,1026,0,1
6f182957-7587-4604-97e9-5b8275f63b51,1,6,4,230,263168,779,52,264177,263398,230,214,0,1
6f182957-7587-4604-97e9-5b8275f63b51,1,6,5,191,264064,119,0,264374,264255,191,0,0,1
6f182957-7587-4604-97e9-5b8275f63b51,1,6,6,225,264192,93,0,264510,264417,225,0,0,1
6f182957-7587-4604-97e9-5b8275f63b51,1,6,7,253,264320,561,0,265134,264573,253,0,0,1
6f182957-7587-4604-97e9-5b8275f63b51,1,6,8,251,264960,121,0,265332,265211,251,0,0,1
6f182957-7587-4604-97e9-5b8275f63b51,1,6,9,160,265216,664,82,266040,265376,160,364,0,1
6f182957-7587-4604-97e9-5b8275f63b51,1,6,10,139,265984,189,0,266312,266123,139,0,0,1
6f182957-7587-4604-97e9-5b8275f63b51,1,6,11,344,266240,558,0,267142,266584,344,0,0,1
6f182957-7587-4604-97e9-5b8275f63b51,1,6,12,216,267008,120,0,267344,267224,216,0,0,1
6f182957-7587-4604-97e9-5b8275f63b51,1,6,13,329,267264,540,147,268133,267593,329,639,0,1
6f182957-7587-4604-97e9-5b8275f63b51,1,6,14,179,268032,104,0,268315,268211,179,0,0,1
6f182957-7587-4604-97e9-5b8275f63b51,1,6,15,190,268160,117,0,268467,268350,190,0,0,1
6f182957-7587-4604-97e9-5b8275f63b51,1,6,16,247,268288,454,74,268989,268535,247,372,0,1
6f182957-7587-4604-97e9-5b8275f63b51,1,6,17,208,268800,249,72,269257,269008,208,296,0,1
6f182957-7587-4604-97e9-5b8275f63b51,1,6,18,266,269184,1172,0,270622,269450,266,0,0,1
6f182957-7587-4604-97e9-5b8275f63b51,1,6,19,201,270464,174,0,270839,270665,201,0,0,1
6f182957-7587-4604-97e9-5b8275f63b51,1,6,20,158,270720,598,0,271476,270878,158,0,2749,0
6f3e236e-1a8d-43fa-a135-c0eb0229a696,3,1,1,2818,7936,70,0,10824,10754,2818,0,64,1
6f3e236e-1a8d-43fa-a135-c0eb0229a696,3,1,2,1254,10752,495,34,12501,12006,1254,168,93,2
6f3e236e-1a8d-43fa-a135-c0eb0229a696,3,1,3,616,12416,364,17,13396,13032,616,66,65,2
6f3e236e-1a8d-43fa-a135-c0eb0229a696,3,1,4,638,13312,787,195,14737,13950,638,667,82,2
6f3e236e-1a8d-43fa-a135-c0eb0229a696,3,1,5,642,14720,507,78,15869,15362,642,308,91,2
6f3e236e-1a8d-43fa-a135-c0eb0229a696,3,1,6,3518,15744,774,280,20036,19262,3518,1028,112,2
6f3e236e-1a8d-43fa-a135-c0eb0229a696,3,1,7,1804,19968,487,282,22259,21772,1804,926,90,2
6f3e236e-1a8d-43fa-a135-c0eb0229a696,3,1,8,2517,22144,1125,590,25786,24661,2517,2199,98,2
6f3e236e-1a8d-43fa-a135-c0eb0229a696,3,1,9,1604,25728,1063,159,28395,27332,1604,577,0,2
6f3e236e-1a8d-43fa-a135-c0eb0229a696,3,1,10,3209,28288,1785,670,33282,31497,3209,2117,112,3
6f3e236e-1a8d-43fa-a135-c0eb0229a696,3,1,11,1076,33280,513,174,34869,34356,1076,606,127,1
6f3e236e-1a8d-43fa-a135-c0eb0229a696,3,1,12,5093,34816,762,109,40671,39909,5093,426,75,2
6f3e236e-1a8d-43fa-a135-c0eb0229a696,3,1,13,326,40576,453,133,41355,40902,326,462,97,1
6f3e236e-1a8d-43fa-a135-c0eb0229a696,3,1,14,215,41216,313,56,41744,41431,215,223,0,1
6f3e236e-1a8d-43fa-a135-c0eb0229a696,3,1,15,180,41600,463,200,42243,41780,180,619,0,1
6f3e236e-1a8d-43fa-a135-c0eb0229a696,3,1,16,155,42240,2650,854,45045,42395,155,3300,209,2
6f3e236e-1a8d-43fa-a135-c0eb0229a696,3,1,17,1054,44928,568,162,46550,45982,1054,537,128,1
6f3e236e-1a8d-43fa-a135-c0eb0229a696,3,1,18,676,46464,777,312,47917,47140,676,1169,0,2
6f3e236e-1a8d-43fa-a135-c0eb0229a696,3,1,19,624,47872,764,252,49260,48496,624,897,78,2
6f3e236e-1a8d-43fa-a135-c0eb0229a696,3,1,20,2040,49152,737,248,51929,51192,2040,788,148,2
6f3e236e-1a8d-43fa-a135-c0eb0229a696,3,1,21,3692,51840,535,188,56067,55532,3692,607,73,1
6f3e236e-1a8d-43fa-a135-c0eb0229a696,3,1,22,258,55936,973,285,57167,56194,258,1108,97,2
6f3e236e-1a8d-43fa-a135-c0eb0229a696,3,1,23,1537,57088,410,138,59035,58625,1537,485,70,1
6f3e236e-1a8d-43fa-a135-c0eb0229a696,3,1,24,174,59008,385,38,59567,59182,174,123,55,1
6f3e236e-1a8d-43fa-a135-c0eb0229a696,3,1,25,694,59520,381,185,60595,60214,694,560,60,2
6f3e236e-1a8d-43fa-a135-c0eb0229a696,3,1,26,1526,60544,630,387,62700,62070,1526,1464,0,2
6f3e236e-1a8d-43fa-a135-c0eb0229a696,3,1,27,2880,62592,965,341,66437,65472,2880,1382,152,2
6f3e236e-1a8d-43fa-a135-c0eb0229a696,3,1,28,159,66432,971,322,67562,66591,159,1008,103,2
6f3e236e-1a8d-43fa-a135-c0eb0229a696,3,1,29,397,67456,582,127,68435,67853,397,418,78,1
6f3e236e-1a8d-43fa-a135-c0eb0229a696,3,1,30,7847,68352,1521,660,77720,76199,7847,2576,86,2
6f3e236e-1a8d-43fa-a135-c0eb0229a696,3,1,31,286,77696,1073,245,79055,77982,286,956,88,2
6f3e236e-1a8d-43fa-a135-c0eb0229a696,3,1,32,352,78976,595,255,79923,79328,352,827,71,1
6f3e236e-1a8d-43fa-a135-c0eb0229a696,3,1,33,351,79872,643,296,80866,80223,351,1119,132,1
6f3e236e-1a8d-43fa-a135-c0eb0229a696,3,1,34,1565,80768,1426,773,83759,82333,1565,2420,161,1
6f3e236e-1a8d-43fa-a135-c0eb0229a696,3,1,35,258,83712,1041,315,85011,83970,258,1239,100,2
6f3e236e-1a8d-43fa-a135-c0eb0229a696,3,1,36,1099,84992,383,87,86474,86091,1099,343,0,1
6f3e236e-1a8d-43fa-a135-c0eb0229a696,3,1,37,1254,86400,988,481,88642,87654,1254,1573,92,1
6f3e236e-1a8d-43fa-a135-c0eb0229a696,3,1,38,230,88576,280,0,89086,88806,230,0,0,1
6f3e236e-1a8d-43fa-a135-c0eb0229a696,3,1,39,1840,88960,1356,976,92156,90800,1840,3609,111,1
6f3e236e-1a8d-43fa-a135-c0eb0229a696,3,1,40,328,92032,852,105,93212,92360,328,412,76,2
6f3e236e-1a8d-43fa-a135-c0eb0229a696,3,1,41,658,93184,691,175,94533,93842,658,636,89,1
6f3e236e-1a8d-43fa-a135-c0eb0229a696,3,1,42,590,94464,651,189,95705,95054,590,714,0,1
6f3e236e-1a8d-43fa-a135-c0eb0229a696,3,1,43,1155,95616,502,301,97273,96771,1155,1030,104,2
6f3e236e-1a8d-43fa-a135-c0eb0229a696,3,1,44,1994,97152,890,295,100036,99146,1994,1094,0,2
6f3e236e-1a8d-43fa-a135-c0eb0229a696,3,1,45,4187,99456,615,357,104258,103643,4187,1273,124,2
6f3e236e-1a8d-43fa-a135-c0eb0229a696,3,1,46,2474,104192,1189,438,107855,106666,2474,1509,145,2
6f3e236e-1a8d-43fa-a135-c0eb0229a696,3,1,47,2919,107776,3172,2643,113867,110695,2919,8314,84,1
6f3e236e-1a8d-43fa-a135-c0eb0229a696,3,1,48,889,113792,2359,342,117040,114681,889,1238,48,1
6f3e236e-1a8d-43fa-a135-c0eb0229a696,3,1,49,227,116864,498,273,117589,117091,227,916,65,1
6f3e236e-1a8d-43fa-a135-c0eb0229a696,3,1,50,237,117376,3035,1186,120648,117613,237,4034,70,1
6f3e236e-1a8d-43fa-a135-c0eb0229a696,3,1,51,251,120448,172,10,120871,120699,251,42,0,1
6f3e236e-1a8d-43fa-a135-c0eb0229a696,3,1,52,185,120704,2263,423,123152,120889,185,1683,55,1
6f3e236e-1a8d-43fa-a135-c0eb0229a696,3,1,53,195,123008,158,0,123361,123203,195,0,0,1
6f3e236e-1a8d-43fa-a135-c0eb0229a696,3,1,54,243,123136,1452,1140,124831,123379,243,4178,49,2
6f3e236e-1a8d-43fa-a135-c0eb0229a696,3,1,55,229,124672,293,0,125194,124901,229,0,0,2
6f3e236e-1a8d-43fa-a135-c0eb0229a696,3,1,56,208,125056,311,0,125575,125264,208,0,0,2
6f3e236e-1a8d-43fa-a135-c0eb0229a696,3,1,57,186,125440,810,246,126436,125626,186,823,0,2
6f3e236e-1a8d-43fa-a135-c0eb0229a696,3,1,58,170,126336,235,0,126741,126506,170,0,0,2
6f3e236e-1a8d-43fa-a135-c0eb0229a696,3,1,59,219,126592,158,0,126969,126811,219,0,0,1
6f3e236e-1a8d-43fa-a135-c0eb0229a696,3,1,60,139,126848,499,378,127486,126987,139,1408,0,1
6f3e236e-1a8d-43fa-a135-c0eb0229a696,3,1,61,163,127360,57,0,127580,127523,163,0,0,1
6f3e236e-1a8d-43fa-a135-c0eb0229a696,3,1,62,1891,127488,2523,44,131902,129379,1891,190,58,2
6f3e236e-1a8d-43fa-a135-c0eb0229a696,3,1,63,146,131840,325,65,132311,131986,146,255,139,1
6f3e236e-1a8d-43fa-a135-c0eb0229a696,3,1,64,179,132224,1890,0,134293,132403,179,0,5893,0
74e3962c-673c-4068-90c4-60d02d23773c,3,1,1,3966,7936,158,0,12060,11902,3966,0,73,2
74e3962c-673c-4068-90c4-60d02d23773c,3,1,2,4566,12032,204,86,16802,16598,4566,371,0,1
74e3962c-673c-4068-90c4-60d02d23773c,3,1,3,1781,16768,762,289,19311,18549,1781,1155,0,2
74e3962c-673c-4068-90c4-60d02d23773c,3,1,4,169,19200,5638,63,25007,19369,169,276,112,4
74e3962c-673c-4068-90c4-60d02d23773c,3,1,5,259,24832,1269,742,26360,25091,259,2564,117,1
74e3962c-673c-4068-90c4-60d02d23773c,3,1,6,567,26240,322,84,27129,26807,567,258,0,2
74e3962c-673c-4068-90c4-60d02d23773c,3,1,7,2569,27008,544,258,30121,29577,2569,924,0,2
74e3962c-673c-4068-90c4-60d02d23773c,3,1,8,598,30080,470,387,31148,30678,598,1414,86,1
74e3962c-673c-4068-90c4-60d02d23773c,3,1,9,208,30976,128,75,31312,31184,208,280,0,1
74e3962c-673c-4068-90c4-60d02d23773c,3,1,10,245,31232,547,207,32024,31477,245,797,0,1
74e3962c-673c-4068-90c4-60d02d23773c,3,1,11,236,32000,391,299,32627,32236,236,1083,0,2
74e3962c-673c-4068-90c4-60d02d23773c,3,1,12,385,32512,304,194,33201,32897,385,710,0,1
74e3962c-673c-4068-90c4-60d02d23773c,3,1,13,2509,33152,505,93,36166,35661,2509,352,0,1
74e3962c-673c-4068-90c4-60d02d23773c,3,1,14,286,36096,387,163,36769,36382,286,654,0,1
74e3962c-673c-4068-90c4-60d02d23773c,3,1,15,221,36736,715,196,37672,36957,221,634,0,2
74e3962c-673c-4068-90c4-60d02d23773c,3,1,16,1226,37632,786,516,39644,38858,1226,2152,0,1
74e3962c-673c-4068-90c4-60d02d23773c,3,1,17,600,39552,882,399,41034,40152,600,1421,99,2
74e3962c-673c-4068-90c4-60d02d23773c,3,1,18,1446,40064,647,97,42157,41510,1446,340,0,2
74e3962c-673c-4068-90c4-60d02d23773c,3,1,19,2433,42112,447,201,44992,44545,2433,719,0,1
74e3962c-673c-4068-90c4-60d02d23773c,3,1,20,458,44928,621,465,46007,45386,458,1455,0,1
74e3962c-673c-4068-90c4-60d02d23773c,3,1,21,2474,45952,838,243,49264,48426,2474,928,0,1
74e3962c-673c-4068-90c4-60d02d23773c,3,1,22,576,49152,568,283,50296,49728,576,1052,0,1
74e3962c-673c-4068-90c4-60d02d23773c,3,1,23,375,50176,220,0,50771,50551,375,0,0,2
74e3962c-673c-4068-90c4-60d02d23773c,3,1,24,3151,50688,608,305,54447,53839,3151,1130,0,2
74e3962c-673c-4068-90c4-60d02d23773c,3,1,25,2045,54400,722,240,57167,56445,2045,867,0,2
74e3962c-673c-4068-90c4-60d02d23773c,3,1,26,1839,57088,347,59,59274,58927,1839,219,0,2
74e3962c-673c-4068-90c4-60d02d23773c,3,1,27,1618,59264,430,183,61312,60882,1618,625,0,2
74e3962c-673c-4068-90c4-60d02d23773c,3,1,28,1055,61312,185,0,62552,62367,1055,0,0,2
74e3962c-673c-4068-90c4-60d02d23773c,3,1,29,1529,62464,357,239,64350,63993,1529,882,0,1
74e3962c-673c-4068-90c4-60d02d23773c,3,1,30,1100,64256,568,258,65924,65356,1100,1154,0,1
74e3962c-673c-4068-90c4-60d02d23773c,3,1,31,181,65792,201,59,66174,65973,181,230,0,1
74e3962c-673c-4068-90c4-60d02d23773c,3,1,32,327,66048,273,0,66648,66375,327,0,0,1
74e3962c-673c-4068-90c4-60d02d23773c,3,1,33,1028,66560,1219,732,68807,67588,1028,2829,72,1
74e3962c-673c-4068-90c4-60d02d23773c,3,1,34,452,68736,403,73,69591,69188,452,326,0,2
74e3962c-673c-4068-90c4-60d02d23773c,3,1,35,1187,69504,613,126,71304,70691,1187,534,0,2
74e3962c-673c-4068-90c4-60d02d23773c,3,1,36,746,71296,1256,800,73298,72042,746,2924,0,1
74e3962c-673c-4068-90c4-60d02d23773c,3,1,37,490,73216,157,54,73863,73706,490,200,0,1
74e3962c-673c-4068-90c4-60d02d23773c,3,1,38,2172,73856,210,106,76238,76028,2172,492,0,1
74e3962c-673c-4068-90c4-60d02d23773c,3,1,39,2478,76160,337,95,78975,78638,2478,421,0,2
74e3962c-673c-4068-90c4-60d02d23773c,3,1,40,3465,78848,313,113,82626,82313,3465,464,0,1
74e3962c-673c-4068-90c4-60d02d23773c,3,1,41,1708,82560,919,370,85187,84268,1708,1361,110,2
74e3962c-673c-4068-90c4-60d02d23773c,3,1,42,367,85120,331,85,85818,85487,367,337,0,1
74e3962c-673c-4068-90c4-60d02d23773c,3,1,43,165,85760,477,127,86402,85925,165,499,0,1
74e3962c-673c-4068-90c4-60d02d23773c,3,1,44,181,86400,787,389,87368,86581,181,1512,0,1
74e3962c-673c-4068-90c4-60d02d23773c,3,1,45,519,87296,361,115,88176,87815,519,431,0,1
74e3962c-673c-4068-90c4-60d02d23773c,3,1,46,1427,88064,544,165,90035,89491,1427,656,0,2
74e3962c-673c-4068-90c4-60d02d23773c,3,1,47,2264,89984,769,419,93017,92248,2264,1591,0,1
74e3962c-673c-4068-90c4-60d02d23773c,3,1,48,246,92928,795,279,93969,93174,246,1121,0,2
74e3962c-673c-4068-90c4-60d02d23773c,3,1,49,1047,93952,774,206,95773,94999,1047,738,0,2
74e3962c-673c-4068-90c4-60d02d23773c,3,1,50,966,95744,623,438,97333,96710,966,1636,0,1
74e3962c-673c-4068-90c4-60d02d23773c,3,1,51,145,97280,271,145,97696,97425,145,558,0,2
74e3962c-673c-4068-90c4-60d02d23773c,3,1,52,179,97664,667,211,98510,97843,179,845,0,1
74e3962c-673c-4068-90c4-60d02d23773c,3,1,53,212,98432,624,319,99268,98644,212,1206,0,2
74e3962c-673c-4068-90c4-60d02d23773c,3,1,54,1207,99200,1041,501,101448,100407,1207,1793,0,2
74e3962c-673c-4068-90c4-60d02d23773c,3,1,55,726,101376,309,68,102411,102102,726,275,0,2
74e3962c-673c-4068-90c4-60d02d23773c,3,1,56,6448,102400,763,393,109611,108848,6448,1513,0,1
74e3962c-673c-4068-90c4-60d02d23773c,3,1,57,227,109568,675,149,110470,109795,227,565,0,2
74e3962c-673c-4068-90c4-60d02d23773c,3,1,58,369,110464,918,562,111751,110833,369,2113,0,1
74e3962c-673c-4068-90c4-60d02d23773c,3,1,59,463,111744,1102,282,113309,112207,463,1061,0,2
74e3962c-673c-4068-90c4-60d02d23773c,3,1,60,499,113280,835,462,114614,113779,499,1725,0,1
74e3962c-673c-4068-90c4-60d02d23773c,3,1,61,327,114560,565,192,115452,114887,327,749,0,1
74e3962c-673c-4068-90c4-60d02d23773c,3,1,62,517,115328,494,184,116339,115845,517,705,0,1
74e3962c-673c-4068-90c4-60d02d23773c,3,1,63,294,116224,296,0,116814,116518,294,0,0,2
74e3962c-673c-4068-90c4-60d02d23773c,3,1,64,4675,116736,1812,637,123223,121411,4675,2222,62,1
74e3962c-673c-4068-90c4-60d02d23773c,3,1,65,1828,123136,623,205,125587,124964,1828,853,0,1
74e3962c-673c-4068-90c4-60d02d23773c,3,1,66,1234,125568,588,132,127390,126802,1234,561,116,1
74e3962c-673c-4068-90c4-60d02d23773c,3,1,67,177,127232,740,389,128149,127409,177,1566,0,2
74e3962c-673c-4068-90c4-60d02d23773c,3,1,68,900,128128,1449,1106,130477,129028,900,3672,0,2
74e3962c-673c-4068-90c4-60d02d23773c,3,1,69,314,130432,21788,73,152534,130746,314,315,28,1
74e3962c-673c-4068-90c4-60d02d23773c,3,1,70,524,152448,359,119,153331,152972,524,417,0,2
74e3962c-673c-4068-90c4-60d02d23773c,3,1,71,694,153216,320,131,154230,153910,694,494,81,1
74e3962c-673c-4068-90c4-60d02d23773c,3,1,72,766,154112,279,62,155157,154878,766,282,0,1
74e3962c-673c-4068-90c4-60d02d23773c,3,1,73,1354,155136,432,227,156922,156490,1354,972,0,1
74e3962c-673c-4068-90c4-60d02d23773c,3,1,74,969,156800,296,150,158065,157769,969,617,0,1
74e3962c-673c-4068-90c4-60d02d23773c,3,1,75,534,157952,214,84,158700,158486,534,349,0,1
74e3962c-673c-4068-90c4-60d02d23773c,3,1,76,258,158464,1469,416,160191,158722,258,1850,50,1
74e3962c-673c-4068-90c4-60d02d23773c,3,1,77,235,160000,395,0,160630,160235,235,0,0,1
74e3962c-673c-4068-90c4-60d02d23773c,3,1,78,162,160512,303,70,160977,160674,162,324,0,1
74e3962c-673c-4068-90c4-60d02d23773c,3,1,79,546,160896,730,529,162172,161442,546,2032,0,1
74e3962c-673c-4068-90c4-60d02d23773c,3,1,80,304,162048,320,199,162672,162352,304,789,0,1
74e3962c-673c-4068-90c4-60d02d23773c,3,1,81,737,162560,905,460,164202,163297,737,1779,0,1
74e3962c-673c-4068-90c4-60d02d23773c,3,1,82,153,164096,210,65,164459,164249,153,263,0,1
74e3962c-673c-4068-90c4-60d02d23773c,3,1,83,137,164352,92,0,164581,164489,137,0,0,1
74e3962c-673c-4068-90c4-60d02d23773c,3,1,84,254,164352,1367,0,165973,164606,254,0,0,1
74e3962c-673c-4068-90c4-60d02d23773c,3,1,85,251,165760,891,22,166902,166011,251,85,3228,0
77ee89e8-327b-4e3a-a160-c2ca700953df,2,1,1,3077,7936,176,0,11189,11013,3077,0,113,2
77ee89e8-327b-4e3a-a160-c2ca700953df,2,1,2,1656,11136,214,18,13006,12792,1656,88,0,2
77ee89e8-327b-4e3a-a160-c2ca700953df,2,1,3,2641,12928,271,86,15840,15569,2641,339,0,2
77ee89e8-327b-4e3a-a160-c2ca700953df,2,1,4,2528,15744,422,83,18694,18272,2528,312,0,2
77ee89e8-327b-4e3a-a160-c2ca700953df,2,1,5,1985,18688,633,337,21306,20673,1985,1406,0,2
77ee89e8-327b-4e3a-a160-c2ca700953df,2,1,6,460,21248,554,317,22262,21708,460,1353,189,2
77ee89e8-327b-4e3a-a160-c2ca700953df,2,1,7,180,22144,1224,49,23548,22324,180,235,0,1
77ee89e8-327b-4e3a-a160-c2ca700953df,2,1,8,182,23424,298,30,23904,23606,182,156,0,1
77ee89e8-327b-4e3a-a160-c2ca700953df,2,1,9,252,23680,6602,0,30534,23932,252,0,0,3
77ee89e8-327b-4e3a-a160-c2ca700953df,2,1,10,179,30464,780,157,31423,30643,179,566,80,2
77ee89e8-327b-4e3a-a160-c2ca700953df,2,1,11,272,31360,830,163,32462,31632,272,653,144,2
77ee89e8-327b-4e3a-a160-c2ca700953df,2,1,12,1460,32384,379,48,34223,33844,1460,236,0,2
77ee89e8-327b-4e3a-a160-c2ca700953df,2,1,13,306,34176,637,203,35119,34482,306,849,0,2
77ee89e8-327b-4e3a-a160-c2ca700953df,2,1,14,385,35072,773,205,36230,35457,385,755,92,2
77ee89e8-327b-4e3a-a160-c2ca700953df,2,1,15,596,36224,858,431,37678,36820,596,1861,0,2
77ee89e8-327b-4e3a-a160-c2ca700953df,2,1,16,201,37504,828,538,38533,37705,201,2174,0,1
77ee89e8-327b-4e3a-a160-c2ca700953df,2,1,17,422,38528,1038,121,39988,38950,422,530,0,1
77ee89e8-327b-4e3a-a160-c2ca700953df,2,1,18,230,39808,274,19,40312,40038,230,71,0,1
77ee89e8-327b-4e3a-a160-c2ca700953df,2,1,19,156,40192,134,0,40482,40348,156,0,0,1
77ee89e8-327b-4e3a-a160-c2ca700953df,2,1,20,792,40448,363,148,41603,41240,792,586,0,2
77ee89e8-327b-4e3a-a160-c2ca700953df,2,1,21,1763,41600,809,633,44172,43363,1763,2238,0,1
77ee89e8-327b-4e3a-a160-c2ca700953df,2,1,22,802,44160,861,418,45823,44962,802,1779,0,2
77ee89e8-327b-4e3a-a160-c2ca700953df,2,1,23,1946,45696,1486,1054,49128,47642,1946,4180,221,2
77ee89e8-327b-4e3a-a160-c2ca700953df,2,1,24,446,49024,691,505,50161,49470,446,1817,0,1
77ee89e8-327b-4e3a-a160-c2ca700953df,2,1,25,572,50048,379,150,50999,50620,572,451,0,2
77ee89e8-327b-4e3a-a160-c2ca700953df,2,1,26,564,50944,489,197,51997,51508,564,785,79,1
77ee89e8-327b-4e3a-a160-c2ca700953df,2,1,27,288,51968,193,0,52449,52256,288,0,0,1
77ee89e8-327b-4e3a-a160-c2ca700953df,2,1,28,301,52352,233,50,52886,52653,301,192,0,1
77ee89e8-327b-4e3a-a160-c2ca700953df,2,1,29,205,52736,96,0,53037,52941,205,0,0,1
77ee89e8-327b-4e3a-a160-c2ca700953df,2,1,30,297,52992,200,0,53489,53289,297,0,0,1
77ee89e8-327b-4e3a-a160-c2ca700953df,2,1,31,2955,53376,626,500,56957,56331,2955,2110,131,1
77ee89e8-327b-4e3a-a160-c2ca700953df,2,1,32,896,56832,368,274,58096,57728,896,1185,0,1
77ee89e8-327b-4e3a-a160-c2ca700953df,2,1,33,1361,57984,623,325,59968,59345,1361,1494,0,2
77ee89e8-327b-4e3a-a160-c2ca700953df,2,1,34,1053,59904,317,94,61274,60957,1053,455,0,2
77ee89e8-327b-4e3a-a160-c2ca700953df,2,1,35,699,61184,569,318,62452,61883,699,1179,0,1
77ee89e8-327b-4e3a-a160-c2ca700953df,2,1,36,271,62336,256,0,62863,62607,271,0,0,1
77ee89e8-327b-4e3a-a160-c2ca700953df,2,1,37,865,62848,557,273,64270,63713,865,1221,0,2
77ee89e8-327b-4e3a-a160-c2ca700953df,2,1,38,2196,64256,534,410,66986,66452,2196,1620,0,2
77ee89e8-327b-4e3a-a160-c2ca700953df,2,1,39,1140,66944,802,526,68886,68084,1140,2236,0,2
77ee89e8-327b-4e3a-a160-c2ca700953df,2,1,40,8510,68864,723,453,78097,77374,8510,1708,106,2
77ee89e8-327b-4e3a-a160-c2ca700953df,2,1,41,1539,78080,316,154,79935,79619,1539,525,95,1
77ee89e8-327b-4e3a-a160-c2ca700953df,2,1,42,454,79872,522,256,80848,80326,454,1101,0,1
77ee89e8-327b-4e3a-a160-c2ca700953df,2,1,43,306,80768,543,418,81617,81074,306,1771,0,1
77ee89e8-327b-4e3a-a160-c2ca700953df,2,1,44,505,81536,358,252,82399,82041,505,1189,0,1
77ee89e8-327b-4e3a-a160-c2ca700953df,2,1,45,204,82304,284,84,82792,82508,204,376,0,2
77ee89e8-327b-4e3a-a160-c2ca700953df,2,1,46,5868,82688,1697,662,90253,88556,5868,2355,132,1
77ee89e8-327b-4e3a-a160-c2ca700953df,2,1,47,181,90112,321,166,90614,90293,181,724,0,1
77ee89e8-327b-4e3a-a160-c2ca700953df,2,1,48,139,90496,436,172,91071,90635,139,818,0,2
77ee89e8-327b-4e3a-a160-c2ca700953df,2,1,49,1123,91008,397,192,92528,92131,1123,823,0,1
77ee89e8-327b-4e3a-a160-c2ca700953df,2,1,50,876,92416,244,107,93536,93292,876,461,0,1
77ee89e8-327b-4e3a-a160-c2ca700953df,2,1,51,295,93440,167,58,93902,93735,295,231,0,1
77ee89e8-327b-4e3a-a160-c2ca700953df,2,1,52,183,93824,1624,249,95631,94007,183,1118,109,1
77ee89e8-327b-4e3a-a160-c2ca700953df,2,1,53,204,95488,229,109,95921,95692,204,470,0,1
77ee89e8-327b-4e3a-a160-c2ca700953df,2,1,54,211,95744,115,0,96070,95955,211,0,0,1
77ee89e8-327b-4e3a-a160-c2ca700953df,2,1,55,460,96000,397,256,96857,96460,460,832,68,1
77ee89e8-327b-4e3a-a160-c2ca700953df,2,1,56,1227,96768,300,88,98295,97995,1227,342,0,1
77ee89e8-327b-4e3a-a160-c2ca700953df,2,1,57,1028,98176,689,438,99893,99204,1028,1648,0,2
77ee89e8-327b-4e3a-a160-c2ca700953df,2,1,58,1937,99840,563,370,102340,101777,1937,1312,0,1
77ee89e8-327b-4e3a-a160-c2ca700953df,2,1,59,789,102272,527,383,103588,103061,789,1513,0,1
77ee89e8-327b-4e3a-a160-c2ca700953df,2,1,60,288,103552,1091,92,104931,103840,288,369,122,1
77ee89e8-327b-4e3a-a160-c2ca700953df,2,1,61,136,104832,206,35,105174,104968,136,147,72,1
77ee89e8-327b-4e3a-a160-c2ca700953df,2,1,62,566,105088,324,117,105978,105654,566,425,0,1
77ee89e8-327b-4e3a-a160-c2ca700953df,2,1,63,490,105856,1642,298,107988,106346,490,1110,0,2
77ee89e8-327b-4e3a-a160-c2ca700953df,2,1,64,157,107904,225,57,108286,108061,157,224,0,1
77ee89e8-327b-4e3a-a160-c2ca700953df,2,1,65,284,108160,286,202,108730,108444,284,845,0,1
77ee89e8-327b-4e3a-a160-c2ca700953df,2,1,66,159,108672,1592,1132,110423,108831,159,3968,73,2
77ee89e8-327b-4e3a-a160-c2ca700953df,2,1,67,265,110336,407,182,111008,110601,265,726,0,1
77ee89e8-327b-4e3a-a160-c2ca700953df,2,1,68,176,110848,223,103,111247,111024,176,472,0,1
77ee89e8-327b-4e3a-a160-c2ca700953df,2,1,69,219,111232,290,117,111741,111451,219,450,0,1
77ee89e8-327b-4e3a-a160-c2ca700953df,2,1,70,690,111616,480,306,112786,112306,690,1101,111,1
77ee89e8-327b-4e3a-a160-c2ca700953df,2,1,71,651,112768,533,247,113952,113419,651,980,110,1
77ee89e8-327b-4e3a-a160-c2ca700953df,2,1,72,180,113792,158,36,114130,113972,180,137,0,1
77ee89e8-327b-4e3a-a160-c2ca700953df,2,1,73,167,114048,293,213,114508,114215,167,854,0,1
77ee89e8-327b-4e3a-a160-c2ca700953df,2,1,74,218,114304,141,48,114663,114522,218,186,0,1
77ee89e8-327b-4e3a-a160-c2ca700953df,2,1,75,331,114560,219,87,115110,114891,331,304,66,1
77ee89e8-327b-4e3a-a160-c2ca700953df,2,1,76,513,115072,179,83,115764,115585,513,312,0,1
77ee89e8-327b-4e3a-a160-c2ca700953df,2,1,77,3307,115712,194,77,119213,119019,3307,314,115,1
77ee89e8-327b-4e3a-a160-c2ca700953df,2,1,78,1873,119168,344,244,121385,121041,1873,988,50,1
77ee89e8-327b-4e3a-a160-c2ca700953df,2,1,79,2405,121344,561,220,124310,123749,2405,918,145,2
77ee89e8-327b-4e3a-a160-c2ca700953df,2,1,80,981,124288,421,213,125690,125269,981,841,0,2
77ee89e8-327b-4e3a-a160-c2ca700953df,2,1,81,2656,125568,549,218,128773,128224,2656,867,109,2
77ee89e8-327b-4e3a-a160-c2ca700953df,2,1,82,2714,128768,657,283,132139,131482,2714,1116,104,1
77ee89e8-327b-4e3a-a160-c2ca700953df,2,1,83,281,132096,416,74,132793,132377,281,277,0,2
77ee89e8-327b-4e3a-a160-c2ca700953df,2,1,84,232,132608,189,53,133029,132840,232,203,0,1
77ee89e8-327b-4e3a-a160-c2ca700953df,2,1,85,689,132992,389,197,134070,133681,689,746,75,1
77ee89e8-327b-4e3a-a160-c2ca700953df,2,1,86,1602,134016,688,478,136306,135618,1602,2088,103,1
77ee89e8-327b-4e3a-a160-c2ca700953df,2,1,87,3589,136192,579,470,140360,139781,3589,2336,41,1
77ee89e8-327b-4e3a-a160-c2ca700953df,2,1,88,1774,140288,443,322,142505,142062,1774,1667,59,2
77ee89e8-327b-4e3a-a160-c2ca700953df,2,1,89,361,142464,1294,1026,144119,142825,361,3629,75,1
77ee89e8-327b-4e3a-a160-c2ca700953df,2,1,90,237,144000,389,104,144626,144237,237,434,0,1
77ee89e8-327b-4e3a-a160-c2ca700953df,2,1,91,347,144512,543,374,145402,144859,347,1561,0,1
77ee89e8-327b-4e3a-a160-c2ca700953df,2,1,92,166,145280,135,32,145581,145446,166,140,0,1
77ee89e8-327b-4e3a-a160-c2ca700953df,2,1,93,295,145536,10745,1345,156576,145831,295,5207,108,1
77ee89e8-327b-4e3a-a160-c2ca700953df,2,1,94,219,156416,136,16,156771,156635,219,60,81,1
77ee89e8-327b-4e3a-a160-c2ca700953df,2,1,95,420,156672,270,96,157362,157092,420,353,0,1
77ee89e8-327b-4e3a-a160-c2ca700953df,2,1,96,314,157312,1149,83,158775,157626,314,317,0,1
77ee89e8-327b-4e3a-a160-c2ca700953df,2,1,97,223,158592,244,90,159059,158815,223,388,74,1
77ee89e8-327b-4e3a-a160-c2ca700953df,2,1,98,1798,158976,217,104,160991,160774,1798,442,0,1
77ee89e8-327b-4e3a-a160-c2ca700953df,2,1,99,194,160896,4488,1095,165578,161090,194,4453,63,1
77ee89e8-327b-4e3a-a160-c2ca700953df,2,1,100,257,165376,130,18,165763,165633,257,78,0,1
77ee89e8-327b-4e3a-a160-c2ca700953df,2,1,101,236,165760,2878,117,168874,165996,236,491,0,1
77ee89e8-327b-4e3a-a160-c2ca700953df,2,1,102,225,168704,113,0,169042,168929,225,0,0,1
77ee89e8-327b-4e3a-a160-c2ca700953df,2,1,103,232,168832,1752,857,170816,169064,232,3308,73,1
77ee89e8-327b-4e3a-a160-c2ca700953df,2,1,104,244,170624,148,0,171016,170868,244,0,0,1
77ee89e8-327b-4e3a-a160-c2ca700953df,2,1,105,145,171008,187,42,171340,171153,145,182,87,1
77ee89e8-327b-4e3a-a160-c2ca700953df,2,1,106,496,171264,286,105,172046,171760,496,432,0,1
77ee89e8-327b-4e3a-a160-c2ca700953df,2,1,107,586,172032,323,148,172941,172618,586,532,0,1
77ee89e8-327b-4e3a-a160-c2ca700953df,2,1,108,272,172928,185,23,173385,173200,272,91,66,1
77ee89e8-327b-4e3a-a160-c2ca700953df,2,1,109,255,173312,206,109,173773,173567,255,464,0,1
77ee89e8-327b-4e3a-a160-c2ca700953df,2,1,110,1449,173696,1381,416,176526,175145,1449,1926,153,1
77ee89e8-327b-4e3a-a160-c2ca700953df,2,1,111,183,176384,363,123,176930,176567,183,484,0,1
77ee89e8-327b-4e3a-a160-c2ca700953df,2,1,112,203,176768,125,0,177096,176971,203,0,0,1
77ee89e8-327b-4e3a-a160-c2ca700953df,2,1,113,2107,177024,1756,467,180887,179131,2107,2006,149,1
77ee89e8-327b-4e3a-a160-c2ca700953df,2,1,114,894,180864,577,336,182335,181758,894,1482,77,1
77ee89e8-327b-4e3a-a160-c2ca700953df,2,1,115,222,182144,173,0,182539,182366,222,0,0,1
77ee89e8-327b-4e3a-a160-c2ca700953df,2,1,116,177,182400,190,0,182767,182577,177,0,0,1
77ee89e8-327b-4e3a-a160-c2ca700953df,2,1,117,149,182656,266,89,183071,182805,149,370,0,1
77ee89e8-327b-4e3a-a160-c2ca700953df,2,1,118,197,182912,124,0,183233,183109,197,0,0,1
77ee89e8-327b-4e3a-a160-c2ca700953df,2,1,119,510,183168,609,182,184287,183678,510,753,93,1
77ee89e8-327b-4e3a-a160-c2ca700953df,2,1,120,140,184192,229,0,184561,184332,140,0,0,1
77ee89e8-327b-4e3a-a160-c2ca700953df,2,1,121,234,184448,263,136,184945,184682,234,528,0,1
77ee89e8-327b-4e3a-a160-c2ca700953df,2,1,122,463,184832,327,73,185622,185295,463,351,63,1
77ee89e8-327b-4e3a-a160-c2ca700953df,2,1,123,178,185472,365,0,186015,185650,178,0,0,1
77ee89e8-327b-4e3a-a160-c2ca700953df,2,1,124,247,185856,2497,0,188600,186103,247,0,0,1
77ee89e8-327b-4e3a-a160-c2ca700953df,2,1,125,225,188416,240,0,188881,188641,225,0,0,1
77ee89e8-327b-4e3a-a160-c2ca700953df,2,1,126,237,188672,1081,0,189990,188909,237,0,4039,0
788b4f96-a913-4fb4-93d7-d44af41dd69e,3,1,1,2839,7936,170,0,10945,10775,2839,0,91,2
788b4f96-a913-4fb4-93d7-d44af41dd69e,3,1,2,2382,10880,425,47,13687,13262,2382,200,0,2
788b4f96-a913-4fb4-93d7-d44af41dd69e,3,1,3,2576,13568,645,137,16789,16144,2576,547,0,2
788b4f96-a913-4fb4-93d7-d44af41dd69e,3,1,4,833,16768,288,21,17889,17601,833,99,0,2
788b4f96-a913-4fb4-93d7-d44af41dd69e,3,1,5,780,17792,524,46,19096,18572,780,214,0,2
788b4f96-a913-4fb4-93d7-d44af41dd69e,3,1,6,1467,19072,632,274,21171,20539,1467,845,0,2
788b4f96-a913-4fb4-93d7-d44af41dd69e,3,1,7,316,21120,504,74,21940,21436,316,282,0,2
788b4f96-a913-4fb4-93d7-d44af41dd69e,3,1,8,4235,21888,608,227,26731,26123,4235,774,0,2
788b4f96-a913-4fb4-93d7-d44af41dd69e,3,1,9,2105,26624,221,24,28950,28729,2105,105,0,1
788b4f96-a913-4fb4-93d7-d44af41dd69e,3,1,10,2194,28928,417,130,31539,31122,2194,502,0,2
788b4f96-a913-4fb4-93d7-d44af41dd69e,3,1,11,2541,31488,1513,933,35542,34029,2541,3608,0,2
788b4f96-a913-4fb4-93d7-d44af41dd69e,3,1,12,3324,35456,371,205,39151,38780,3324,884,0,1
788b4f96-a913-4fb4-93d7-d44af41dd69e,3,1,13,514,39040,564,442,40118,39554,514,1445,0,1
788b4f96-a913-4fb4-93d7-d44af41dd69e,3,1,14,299,40064,540,229,40903,40363,299,949,0,2
788b4f96-a913-4fb4-93d7-d44af41dd69e,3,1,15,505,40832,981,419,42318,41337,505,1454,0,1
788b4f96-a913-4fb4-93d7-d44af41dd69e,3,1,16,1433,42240,1201,812,44874,43673,1433,2998,0,2
788b4f96-a913-4fb4-93d7-d44af41dd69e,3,1,17,138,44800,294,50,45232,44938,138,202,0,2
788b4f96-a913-4fb4-93d7-d44af41dd69e,3,1,18,148,45184,318,75,45650,45332,148,328,0,2
788b4f96-a913-4fb4-93d7-d44af41dd69e,3,1,19,135,45568,614,41,46317,45703,135,165,0,2
788b4f96-a913-4fb4-93d7-d44af41dd69e,3,1,20,3896,46208,543,271,50647,50104,3896,936,0,2
788b4f96-a913-4fb4-93d7-d44af41dd69e,3,1,21,1019,50560,328,66,51907,51579,1019,260,0,1
788b4f96-a913-4fb4-93d7-d44af41dd69e,3,1,22,402,51840,384,29,52626,52242,402,110,0,2
788b4f96-a913-4fb4-93d7-d44af41dd69e,3,1,23,935,52608,948,420,54491,53543,935,1702,0,2
788b4f96-a913-4fb4-93d7-d44af41dd69e,3,1,24,2284,54400,792,670,57476,56684,2284,2630,0,1
788b4f96-a913-4fb4-93d7-d44af41dd69e,3,1,25,264,57472,728,571,58464,57736,264,2208,0,1
788b4f96-a913-4fb4-93d7-d44af41dd69e,3,1,26,1482,57728,1037,639,60247,59210,1482,2567,0,2
788b4f96-a913-4fb4-93d7-d44af41dd69e,3,1,27,2270,60160,664,335,63094,62430,2270,1353,0,2
788b4f96-a913-4fb4-93d7-d44af41dd69e,3,1,28,1238,62976,743,336,64957,64214,1238,1222,0,2
788b4f96-a913-4fb4-93d7-d44af41dd69e,3,1,29,4765,64896,776,486,70437,69661,4765,1862,0,2
788b4f96-a913-4fb4-93d7-d44af41dd69e,3,1,30,949,70400,804,442,72153,71349,949,1665,0,2
788b4f96-a913-4fb4-93d7-d44af41dd69e,3,1,31,1546,72064,1756,1302,75366,73610,1546,5157,0,2
788b4f96-a913-4fb4-93d7-d44af41dd69e,3,1,32,2214,75264,714,280,78192,77478,2214,1199,0,2
788b4f96-a913-4fb4-93d7-d44af41dd69e,3,1,33,537,78080,1121,841,79738,78617,537,3044,0,2
788b4f96-a913-4fb4-93d7-d44af41dd69e,3,1,34,1040,79616,1189,637,81845,80656,1040,2364,0,2
788b4f96-a913-4fb4-93d7-d44af41dd69e,3,1,35,247,81664,570,152,82481,81911,247,579,0,1
788b4f96-a913-4fb4-93d7-d44af41dd69e,3,1,36,284,82432,801,118,83517,82716,284,463,0,2
788b4f96-a913-4fb4-93d7-d44af41dd69e,3,1,37,921,83456,825,270,85202,84377,921,912,0,2
788b4f96-a913-4fb4-93d7-d44af41dd69e,3,1,38,3239,85120,553,250,88912,88359,3239,929,0,2
788b4f96-a913-4fb4-93d7-d44af41dd69e,3,1,39,1078,88832,285,30,90195,89910,1078,122,0,1
788b4f96-a913-4fb4-93d7-d44af41dd69e,3,1,40,748,90112,316,71,91176,90860,748,236,0,2
788b4f96-a913-4fb4-93d7-d44af41dd69e,3,1,41,2115,91136,415,157,93666,93251,2115,619,0,2
788b4f96-a913-4fb4-93d7-d44af41dd69e,3,1,42,1206,93568,748,446,95522,94774,1206,1636,0,2
788b4f96-a913-4fb4-93d7-d44af41dd69e,3,1,43,1495,95488,13236,4501,110219,96983,1495,16900,79,1
788b4f96-a913-4fb4-93d7-d44af41dd69e,3,1,44,4929,105344,1102,112,111375,110273,4929,428,0,2
788b4f96-a913-4fb4-93d7-d44af41dd69e,3,1,45,203,111232,813,0,112248,111435,203,0,2548,0
78eb7cd5-19e0-4682-857d-67f6cdd17f3e,2,1,1,2980,7936,243,0,11159,10916,2980,0,99,2
78eb7cd5-19e0-4682-857d-67f6cdd17f3e,2,1,2,505,11136,453,44,12094,11641,505,211,68,2
78eb7cd5-19e0-4682-857d-67f6cdd17f3e,2,1,3,230,12032,424,147,12686,12262,230,574,59,1
78eb7cd5-19e0-4682-857d-67f6cdd17f3e,2,1,4,144,12672,313,46,13129,12816,144,140,61,1
78eb7cd5-19e0-4682-857d-67f6cdd17f3e,2,1,5,143,13056,555,75,13754,13199,143,303,0,1
78eb7cd5-19e0-4682-857d-67f6cdd17f3e,2,1,6,208,13568,372,14,14148,13776,208,60,0,1
78eb7cd5-19e0-4682-857d-67f6cdd17f3e,2,1,7,241,13952,724,228,14917,14193,241,902,98,2
78eb7cd5-19e0-4682-857d-67f6cdd17f3e,2,1,8,298,14848,549,133,15695,15146,298,448,51,1
78eb7cd5-19e0-4682-857d-67f6cdd17f3e,2,1,9,279,15616,727,196,16622,15895,279,806,0,2
78eb7cd5-19e0-4682-857d-67f6cdd17f3e,2,1,10,431,16512,380,163,17323,16943,431,609,97,4
78eb7cd5-19e0-4682-857d-67f6cdd17f3e,2,1,11,179,17280,243,44,17702,17459,179,147,0,4
78eb7cd5-19e0-4682-857d-67f6cdd17f3e,2,1,12,3550,17664,482,245,21696,21214,3550,856,86,4
78eb7cd5-19e0-4682-857d-67f6cdd17f3e,2,1,13,3313,21632,826,344,25771,24945,3313,1434,107,2
78eb7cd5-19e0-4682-857d-67f6cdd17f3e,2,1,14,2067,25728,824,445,28619,27795,2067,1696,74,1
78eb7cd5-19e0-4682-857d-67f6cdd17f3e,2,1,15,692,28544,1290,178,30526,29236,692,672,79,1
78eb7cd5-19e0-4682-857d-67f6cdd17f3e,2,1,16,241,30336,4377,0,34954,30577,241,0,72,4
78eb7cd5-19e0-4682-857d-67f6cdd17f3e,2,1,17,1824,33280,634,142,35738,35104,1824,501,69,2
78eb7cd5-19e0-4682-857d-67f6cdd17f3e,2,1,18,181,35712,960,393,36853,35893,181,1315,87,2
78eb7cd5-19e0-4682-857d-67f6cdd17f3e,2,1,19,3795,36736,987,375,41518,40531,3795,1403,0,2
78eb7cd5-19e0-4682-857d-67f6cdd17f3e,2,1,20,4010,41472,1301,317,46783,45482,4010,1058,53,2
78eb7cd5-19e0-4682-857d-67f6cdd17f3e,2,1,21,1409,46720,835,244,48964,48129,1409,885,105,2
78eb7cd5-19e0-4682-857d-67f6cdd17f3e,2,1,22,295,48896,671,100,49862,49191,295,340,66,2
78eb7cd5-19e0-4682-857d-67f6cdd17f3e,2,1,23,1154,49792,494,234,51440,50946,1154,941,70,2
78eb7cd5-19e0-4682-857d-67f6cdd17f3e,2,1,24,1990,51328,830,396,54148,53318,1990,1597,66,2
78eb7cd5-19e0-4682-857d-67f6cdd17f3e,2,1,25,515,54144,1224,592,55883,54659,515,2193,0,2
78eb7cd5-19e0-4682-857d-67f6cdd17f3e,2,1,26,363,55808,554,15,56725,56171,363,57,0,2
78eb7cd5-19e0-4682-857d-67f6cdd17f3e,2,1,27,827,56704,1683,785,59214,57531,827,2777,128,2
78eb7cd5-19e0-4682-857d-67f6cdd17f3e,2,1,28,757,59136,1982,1040,61875,59893,757,3749,82,2
78eb7cd5-19e0-4682-857d-67f6cdd17f3e,2,1,29,653,61824,835,160,63312,62477,653,611,83,2
78eb7cd5-19e0-4682-857d-67f6cdd17f3e,2,1,30,1744,63232,732,297,65708,64976,1744,1116,73,2
78eb7cd5-19e0-4682-857d-67f6cdd17f3e,2,1,31,2134,65664,1330,565,69128,67798,2134,2051,86,2
78eb7cd5-19e0-4682-857d-67f6cdd17f3e,2,1,32,375,69120,931,173,70426,69495,375,612,73,2
78eb7cd5-19e0-4682-857d-67f6cdd17f3e,2,1,33,253,70400,2831,1021,73484,70653,253,4077,83,2
78eb7cd5-19e0-4682-857d-67f6cdd17f3e,2,1,34,218,73344,1178,467,74740,73562,218,1970,76,2
78eb7cd5-19e0-4682-857d-67f6cdd17f3e,2,1,35,2439,74624,685,179,77748,77063,2439,675,86,1
78eb7cd5-19e0-4682-857d-67f6cdd17f3e,2,1,36,159,77696,453,144,78308,77855,159,542,0,1
78eb7cd5-19e0-4682-857d-67f6cdd17f3e,2,1,37,186,78208,717,220,79111,78394,186,806,56,2
78eb7cd5-19e0-4682-857d-67f6cdd17f3e,2,1,38,952,79104,634,227,80690,80056,952,892,66,1
78eb7cd5-19e0-4682-857d-67f6cdd17f3e,2,1,39,162,80640,820,215,81622,80802,162,922,0,2
78eb7cd5-19e0-4682-857d-67f6cdd17f3e,2,1,40,152,81536,690,273,82378,81688,152,1224,0,2
78eb7cd5-19e0-4682-857d-67f6cdd17f3e,2,1,41,1019,82304,1154,382,84477,83323,1019,1282,61,2
78eb7cd5-19e0-4682-857d-67f6cdd17f3e,2,1,42,2163,84352,1140,599,87655,86515,2163,1991,84,2
78eb7cd5-19e0-4682-857d-67f6cdd17f3e,2,1,43,424,87552,330,39,88306,87976,424,164,0,1
78eb7cd5-19e0-4682-857d-67f6cdd17f3e,2,1,44,2304,88192,718,454,91214,90496,2304,1519,66,2
78eb7cd5-19e0-4682-857d-67f6cdd17f3e,2,1,45,2269,91136,1131,682,94536,93405,2269,2788,72,2
78eb7cd5-19e0-4682-857d-67f6cdd17f3e,2,1,46,1623,94464,509,173,96596,96087,1623,470,55,1
78eb7cd5-19e0-4682-857d-67f6cdd17f3e,2,1,47,230,96512,493,80,97235,96742,230,274,0,2
78eb7cd5-19e0-4682-857d-67f6cdd17f3e,2,1,48,1103,97152,901,413,99156,98255,1103,1361,81,2
78eb7cd5-19e0-4682-857d-67f6cdd17f3e,2,1,49,2528,99072,1422,865,103022,101600,2528,3287,82,2
78eb7cd5-19e0-4682-857d-67f6cdd17f3e,2,1,50,755,102912,559,225,104226,103667,755,866,0,1
78eb7cd5-19e0-4682-857d-67f6cdd17f3e,2,1,51,650,104192,454,400,105296,104842,650,1394,92,1
78eb7cd5-19e0-4682-857d-67f6cdd17f3e,2,1,52,260,105216,599,72,106075,105476,260,264,70,2
78eb7cd5-19e0-4682-857d-67f6cdd17f3e,2,1,53,721,105984,502,79,107207,106705,721,306,0,1
78eb7cd5-19e0-4682-857d-67f6cdd17f3e,2,1,54,289,107136,517,152,107942,107425,289,528,60,1
78eb7cd5-19e0-4682-857d-67f6cdd17f3e,2,1,55,513,107904,571,120,108988,108417,513,376,56,1
78eb7cd5-19e0-4682-857d-67f6cdd17f3e,2,1,56,767,108928,436,100,110131,109695,767,343,0,1
78eb7cd5-19e0-4682-857d-67f6cdd17f3e,2,1,57,527,110080,684,109,111291,110607,527,330,54,2
78eb7cd5-19e0-4682-857d-67f6cdd17f3e,2,1,58,1469,111232,786,557,113487,112701,1469,1922,60,1
78eb7cd5-19e0-4682-857d-67f6cdd17f3e,2,1,59,1267,113408,900,611,115575,114675,1267,2362,63,2
78eb7cd5-19e0-4682-857d-67f6cdd17f3e,2,1,60,349,115456,375,53,116180,115805,349,207,45,1
78eb7cd5-19e0-4682-857d-67f6cdd17f3e,2,1,61,625,116096,350,69,117071,116721,625,226,57,1
78eb7cd5-19e0-4682-857d-67f6cdd17f3e,2,1,62,183,116992,503,109,117678,117175,183,310,0,1
78eb7cd5-19e0-4682-857d-67f6cdd17f3e,2,1,63,208,117632,439,139,118279,117840,208,537,0,2
78eb7cd5-19e0-4682-857d-67f6cdd17f3e,2,1,64,1161,118272,704,515,120137,119433,1161,2168,0,2
78eb7cd5-19e0-4682-857d-67f6cdd17f3e,2,1,65,584,120064,3044,167,123692,120648,584,770,78,5
78eb7cd5-19e0-4682-857d-67f6cdd17f3e,2,1,66,0,0,0,0,0,0,0,285,0,0
78eb7cd5-19e0-4682-857d-67f6cdd17f3e,2,2,1,1237,123776,510,169,125523,125013,1237,686,76,2
78eb7cd5-19e0-4682-857d-67f6cdd17f3e,2,2,2,2337,125440,631,313,128408,127777,2337,1338,0,1
78eb7cd5-19e0-4682-857d-67f6cdd17f3e,2,2,3,254,128256,1044,533,129554,128510,254,2283,113,1
78eb7cd5-19e0-4682-857d-67f6cdd17f3e,2,2,4,1172,129536,414,152,131122,130708,1172,669,83,1
78eb7cd5-19e0-4682-857d-67f6cdd17f3e,2,2,5,1043,131072,288,250,132403,132115,1043,986,77,1
78eb7cd5-19e0-4682-857d-67f6cdd17f3e,2,2,6,232,132352,7333,939,139917,132584,232,3474,81,1
78eb7cd5-19e0-4682-857d-67f6cdd17f3e,2,2,7,6821,136704,1749,1627,145274,143525,6821,5514,90,2
78eb7cd5-19e0-4682-857d-67f6cdd17f3e,2,2,8,5001,145152,103,33,150256,150153,5001,143,0,2
78eb7cd5-19e0-4682-857d-67f6cdd17f3e,2,2,9,2091,150144,8900,331,161135,152235,2091,1251,90,1
78eb7cd5-19e0-4682-857d-67f6cdd17f3e,2,2,10,165,161024,241,93,161430,161189,165,412,0,2
78eb7cd5-19e0-4682-857d-67f6cdd17f3e,2,2,11,229,161408,571,427,162208,161637,229,1887,0,1
78eb7cd5-19e0-4682-857d-67f6cdd17f3e,2,2,12,8655,162176,9905,918,180736,170831,8655,3124,119,1
78eb7cd5-19e0-4682-857d-67f6cdd17f3e,2,2,13,182,180608,217,21,181007,180790,182,99,0,1
78eb7cd5-19e0-4682-857d-67f6cdd17f3e,2,2,14,180,180864,9495,564,190539,181044,180,2411,95,1
78eb7cd5-19e0-4682-857d-67f6cdd17f3e,2,2,15,257,190336,312,82,190905,190593,257,363,0,1
78eb7cd5-19e0-4682-857d-67f6cdd17f3e,2,2,16,231,190720,9095,326,200046,190951,231,1342,104,1
78eb7cd5-19e0-4682-857d-67f6cdd17f3e,2,2,17,164,199936,1156,540,201256,200100,164,2465,0,2
78eb7cd5-19e0-4682-857d-67f6cdd17f3e,2,2,18,223,201216,2569,43,204008,201439,223,213,0,1
78eb7cd5-19e0-4682-857d-67f6cdd17f3e,2,2,19,143,203904,8955,154,213002,204047,143,656,29420,0
7b92362e-8682-4b98-afdf-b980936427fc,3,1,1,3181,7936,186,0,11303,11117,3181,0,86,2
7b92362e-8682-4b98-afdf-b980936427fc,3,1,2,2174,11264,1120,119,14558,13438,2174,559,78,2
7b92362e-8682-4b98-afdf-b980936427fc,3,1,3,260,14336,340,63,14936,14596,260,269,0,2
7b92362e-8682-4b98-afdf-b980936427fc,3,1,4,3857,14848,373,43,19078,18705,3857,196,99,2
7b92362e-8682-4b98-afdf-b980936427fc,3,1,5,2019,19072,749,111,21840,21091,2019,496,90,2
7b92362e-8682-4b98-afdf-b980936427fc,3,1,6,7043,21760,694,115,29497,28803,7043,462,0,2
7b92362e-8682-4b98-afdf-b980936427fc,3,1,7,10131,29440,1658,1248,41229,39571,10131,5074,79,2
7b92362e-8682-4b98-afdf-b980936427fc,3,1,8,4383,41216,667,242,46266,45599,4383,905,113,2
7b92362e-8682-4b98-afdf-b980936427fc,3,1,9,234,46080,199,42,46513,46314,234,159,0,2
7b92362e-8682-4b98-afdf-b980936427fc,3,1,10,251,46336,408,87,46995,46587,251,378,0,2
7b92362e-8682-4b98-afdf-b980936427fc,3,1,11,1452,46976,4771,353,53199,48428,1452,1507,152,3
7b92362e-8682-4b98-afdf-b980936427fc,3,1,12,143,53120,538,151,53801,53263,143,652,107,2
7b92362e-8682-4b98-afdf-b980936427fc,3,1,13,8572,53760,1156,468,63488,62332,8572,1594,53,2
7b92362e-8682-4b98-afdf-b980936427fc,3,1,14,779,63488,378,86,64645,64267,779,421,0,2
7b92362e-8682-4b98-afdf-b980936427fc,3,1,15,4958,64640,616,395,70214,69598,4958,1500,0,2
7b92362e-8682-4b98-afdf-b980936427fc,3,1,16,25570,70144,523,148,96237,95714,25570,577,57,2
7b92362e-8682-4b98-afdf-b980936427fc,3,1,17,5394,96128,597,247,102119,101522,5394,979,92,2
7b92362e-8682-4b98-afdf-b980936427fc,3,1,18,1136,102016,802,355,103954,103152,1136,1410,0,2
7b92362e-8682-4b98-afdf-b980936427fc,3,1,19,395,103936,1229,460,105560,104331,395,1747,88,2
7b92362e-8682-4b98-afdf-b980936427fc,3,1,20,2579,105472,962,311,109013,108051,2579,1063,75,2
7b92362e-8682-4b98-afdf-b980936427fc,3,1,21,754,108928,492,211,110174,109682,754,954,0,2
7b92362e-8682-4b98-afdf-b980936427fc,3,1,22,2072,110080,700,352,112852,112152,2072,1293,96,2
7b92362e-8682-4b98-afdf-b980936427fc,3,1,23,353,112768,321,47,113442,113121,353,208,0,2
7b92362e-8682-4b98-afdf-b980936427fc,3,1,24,1628,113408,547,313,115583,115036,1628,1199,132,1
7b92362e-8682-4b98-afdf-b980936427fc,3,1,25,1332,115456,349,105,117137,116788,1332,384,0,2
7b92362e-8682-4b98-afdf-b980936427fc,3,1,26,2862,117120,496,153,120478,119982,2862,557,0,2
7b92362e-8682-4b98-afdf-b980936427fc,3,1,27,1320,120448,470,194,122238,121768,1320,822,0,2
7b92362e-8682-4b98-afdf-b980936427fc,3,1,28,6108,122112,814,445,129034,128220,6108,1725,0,2
7b92362e-8682-4b98-afdf-b980936427fc,3,1,29,5925,129024,636,242,135585,134949,5925,952,93,2
7b92362e-8682-4b98-afdf-b980936427fc,3,1,30,22043,135552,582,286,158177,157595,22043,1178,101,2
7b92362e-8682-4b98-afdf-b980936427fc,3,1,31,1708,158080,604,239,160392,159788,1708,1031,0,2
7b92362e-8682-4b98-afdf-b980936427fc,3,1,32,3658,160384,504,258,164546,164042,3658,1057,0,2
7b92362e-8682-4b98-afdf-b980936427fc,3,1,33,6773,164480,657,333,171910,171253,6773,1256,0,2
7b92362e-8682-4b98-afdf-b980936427fc,3,1,34,1395,171904,438,147,173737,173299,1395,580,0,2
7b92362e-8682-4b98-afdf-b980936427fc,3,1,35,850,173696,650,331,175196,174546,850,1460,0,2
7b92362e-8682-4b98-afdf-b980936427fc,3,1,36,1096,175104,609,165,176809,176200,1096,683,129,2
7b92362e-8682-4b98-afdf-b980936427fc,3,1,37,1192,176768,324,88,178284,177960,1192,332,0,1
7b92362e-8682-4b98-afdf-b980936427fc,3,1,38,1530,178176,311,181,180017,179706,1530,854,81,1
7b92362e-8682-4b98-afdf-b980936427fc,3,1,39,2495,179968,19711,2912,202174,182463,2495,9635,65,1
7b92362e-8682-4b98-afdf-b980936427fc,3,1,40,246,201984,413,144,202643,202230,246,510,62,1
7b92362e-8682-4b98-afdf-b980936427fc,3,1,41,189,202496,179,0,202864,202685,189,0,0,1
7b92362e-8682-4b98-afdf-b980936427fc,3,1,42,304,202752,435,116,203491,203056,304,521,0,2
7b92362e-8682-4b98-afdf-b980936427fc,3,1,43,146,203392,1563,0,205101,203538,146,0,0,1
7b92362e-8682-4b98-afdf-b980936427fc,3,1,44,214,204928,266,28,205408,205142,214,123,0,1
7b92362e-8682-4b98-afdf-b980936427fc,3,1,45,252,205184,983,0,206419,205436,252,0,3823,0
7c73d0c4-2fbe-48b3-b02e-f5d48bf540df,3,1,1,3196,7936,182,0,11314,11132,3196,0,78,2
7c73d0c4-2fbe-48b3-b02e-f5d48bf540df,3,1,2,2360,11264,1055,600,14679,13624,2360,2031,0,3
7c73d0c4-2fbe-48b3-b02e-f5d48bf540df,3,1,3,5287,14592,670,239,20549,19879,5287,918,0,3
7c73d0c4-2fbe-48b3-b02e-f5d48bf540df,3,1,4,1378,20480,235,113,22093,21858,1378,442,0,2
7c73d0c4-2fbe-48b3-b02e-f5d48bf540df,3,1,5,11818,22016,531,263,34365,33834,11818,874,0,2
7c73d0c4-2fbe-48b3-b02e-f5d48bf540df,3,1,6,3950,34304,628,208,38882,38254,3950,710,0,3
7c73d0c4-2fbe-48b3-b02e-f5d48bf540df,3,1,7,26111,38784,1011,707,65906,64895,26111,2403,0,2
7c73d0c4-2fbe-48b3-b02e-f5d48bf540df,3,1,8,576,65792,814,390,67182,66368,576,1340,0,2
7c73d0c4-2fbe-48b3-b02e-f5d48bf540df,3,1,9,1950,67072,518,180,69540,69022,1950,628,0,2
7c73d0c4-2fbe-48b3-b02e-f5d48bf540df,3,1,10,3272,69504,1168,717,73944,72776,3272,2287,0,4
7c73d0c4-2fbe-48b3-b02e-f5d48bf540df,3,1,11,4523,73856,384,36,78763,78379,4523,149,0,3
7c73d0c4-2fbe-48b3-b02e-f5d48bf540df,3,1,12,6119,78720,1029,655,85868,84839,6119,2247,0,4
7c73d0c4-2fbe-48b3-b02e-f5d48bf540df,3,1,13,4708,85760,1244,683,91712,90468,4708,2403,0,3
7c73d0c4-2fbe-48b3-b02e-f5d48bf540df,3,1,14,2112,91648,777,279,94537,93760,2112,959,0,3
7c73d0c4-2fbe-48b3-b02e-f5d48bf540df,3,1,15,4290,94464,628,269,99382,98754,4290,944,0,3
7c73d0c4-2fbe-48b3-b02e-f5d48bf540df,3,1,16,2609,99328,418,83,102355,101937,2609,315,0,2
7c73d0c4-2fbe-48b3-b02e-f5d48bf540df,3,1,17,14217,102272,775,345,117264,116489,14217,1420,0,2
7c73d0c4-2fbe-48b3-b02e-f5d48bf540df,3,1,18,2072,117248,864,519,120184,119320,2072,1853,0,4
7c73d0c4-2fbe-48b3-b02e-f5d48bf540df,3,1,19,8012,120064,1288,1115,129364,128076,8012,4296,0,2
7c73d0c4-2fbe-48b3-b02e-f5d48bf540df,3,1,20,3329,129280,455,95,133064,132609,3329,387,0,4
7c73d0c4-2fbe-48b3-b02e-f5d48bf540df,3,1,21,495,132992,597,241,134084,133487,495,964,0,3
7c73d0c4-2fbe-48b3-b02e-f5d48bf540df,3,1,22,481,134016,1342,959,135839,134497,481,3309,0,2
7c73d0c4-2fbe-48b3-b02e-f5d48bf540df,3,1,23,1132,135808,1023,667,137963,136940,1132,2699,0,4
7c73d0c4-2fbe-48b3-b02e-f5d48bf540df,3,1,24,5173,137856,1151,707,144180,143029,5173,2537,0,3
7c73d0c4-2fbe-48b3-b02e-f5d48bf540df,3,1,25,1126,144128,351,104,145605,145254,1126,365,0,2
7c73d0c4-2fbe-48b3-b02e-f5d48bf540df,3,1,26,593,145536,819,450,146948,146129,593,1606,0,2
7c73d0c4-2fbe-48b3-b02e-f5d48bf540df,3,1,27,671,146944,338,41,147953,147615,671,149,0,2
7c73d0c4-2fbe-48b3-b02e-f5d48bf540df,3,1,28,2766,147840,1262,1132,151868,150606,2766,4178,0,1
7c73d0c4-2fbe-48b3-b02e-f5d48bf540df,3,1,29,665,151808,430,131,152903,152473,665,637,0,1
7c73d0c4-2fbe-48b3-b02e-f5d48bf540df,3,1,30,1349,152832,1004,676,155185,154181,1349,2470,0,1
7c73d0c4-2fbe-48b3-b02e-f5d48bf540df,3,1,31,155,155136,472,287,155763,155291,155,1179,0,3
7c73d0c4-2fbe-48b3-b02e-f5d48bf540df,3,1,32,14333,155648,705,422,170686,169981,14333,1752,0,1
7c73d0c4-2fbe-48b3-b02e-f5d48bf540df,3,1,33,277,170624,412,66,171313,170901,277,232,0,1
7c73d0c4-2fbe-48b3-b02e-f5d48bf540df,3,1,34,216,171136,191,40,171543,171352,216,166,0,1
7c73d0c4-2fbe-48b3-b02e-f5d48bf540df,3,1,35,196,171392,351,210,171939,171588,196,761,0,1
7c73d0c4-2fbe-48b3-b02e-f5d48bf540df,3,1,36,697,171904,233,19,172834,172601,697,74,0,1
7c73d0c4-2fbe-48b3-b02e-f5d48bf540df,3,1,37,1078,172800,318,245,174196,173878,1078,878,0,1
7c73d0c4-2fbe-48b3-b02e-f5d48bf540df,3,1,38,1350,174080,719,435,176149,175430,1350,1653,0,2
7c73d0c4-2fbe-48b3-b02e-f5d48bf540df,3,1,39,2416,175744,889,433,179049,178160,2416,1542,0,2
7c73d0c4-2fbe-48b3-b02e-f5d48bf540df,3,1,40,276,178944,415,117,179635,179220,276,490,0,1
7c73d0c4-2fbe-48b3-b02e-f5d48bf540df,3,1,41,1790,179584,1045,667,182419,181374,1790,2519,0,2
7c73d0c4-2fbe-48b3-b02e-f5d48bf540df,3,1,42,425,182400,345,89,183170,182825,425,385,0,1
7c73d0c4-2fbe-48b3-b02e-f5d48bf540df,3,1,43,1222,183168,749,521,185139,184390,1222,2094,0,1
7c73d0c4-2fbe-48b3-b02e-f5d48bf540df,3,1,44,190,185088,6342,2967,191620,185278,190,10997,55,1
7c73d0c4-2fbe-48b3-b02e-f5d48bf540df,3,1,45,188,191488,1044,100,192720,191676,188,309,0,1
7c73d0c4-2fbe-48b3-b02e-f5d48bf540df,3,1,46,921,192640,171,43,193732,193561,921,181,0,1
7c73d0c4-2fbe-48b3-b02e-f5d48bf540df,3,1,47,222,193536,298,155,194056,193758,222,570,0,1
7c73d0c4-2fbe-48b3-b02e-f5d48bf540df,3,1,48,222,193920,4244,1064,198386,194142,222,4034,0,1
7c73d0c4-2fbe-48b3-b02e-f5d48bf540df,3,1,49,170,198272,185,26,198627,198442,170,109,0,1
7c73d0c4-2fbe-48b3-b02e-f5d48bf540df,3,1,50,198,198528,2123,705,200849,198726,198,2617,0,4
7c73d0c4-2fbe-48b3-b02e-f5d48bf540df,3,1,51,173,200832,581,430,201586,201005,173,1609,0,1
7c73d0c4-2fbe-48b3-b02e-f5d48bf540df,3,1,52,206,201472,3644,1377,205322,201678,206,4974,0,2
7c73d0c4-2fbe-48b3-b02e-f5d48bf540df,3,1,53,218,205184,149,0,205551,205402,218,0,0,1
7c73d0c4-2fbe-48b3-b02e-f5d48bf540df,3,1,54,203,205440,484,406,206127,205643,203,1636,0,1
7c73d0c4-2fbe-48b3-b02e-f5d48bf540df,3,1,55,2987,206080,129,27,209196,209067,2987,122,0,1
7c73d0c4-2fbe-48b3-b02e-f5d48bf540df,3,1,56,195,209024,1090,0,210309,209219,195,0,0,1
7c73d0c4-2fbe-48b3-b02e-f5d48bf540df,3,1,57,172,210176,656,0,211004,210348,172,0,2254,0
7cf0e1f7-e315-47b5-8bd3-c0fe5f3bc631,3,1,1,3184,7936,183,0,11303,11120,3184,0,71,2
7cf0e1f7-e315-47b5-8bd3-c0fe5f3bc631,3,1,2,1769,11264,247,87,13280,13033,1769,400,0,2
7cf0e1f7-e315-47b5-8bd3-c0fe5f3bc631,3,1,3,1734,13184,1165,843,16083,14918,1734,3001,0,4
7cf0e1f7-e315-47b5-8bd3-c0fe5f3bc631,3,1,4,14470,16000,891,536,31361,30470,14470,2095,0,4
7cf0e1f7-e315-47b5-8bd3-c0fe5f3bc631,3,1,5,9371,31360,837,439,41568,40731,9371,1493,0,2
7cf0e1f7-e315-47b5-8bd3-c0fe5f3bc631,3,1,6,4926,41472,657,122,47055,46398,4926,459,0,4
7cf0e1f7-e315-47b5-8bd3-c0fe5f3bc631,3,1,7,4495,46976,1074,422,52545,51471,4495,1599,0,3
7cf0e1f7-e315-47b5-8bd3-c0fe5f3bc631,3,1,8,1614,52480,779,287,54873,54094,1614,1023,0,3
7cf0e1f7-e315-47b5-8bd3-c0fe5f3bc631,3,1,9,265,54784,506,96,55555,55049,265,384,0,2
7cf0e1f7-e315-47b5-8bd3-c0fe5f3bc631,3,1,10,365,55552,448,96,56365,55917,365,384,0,2
7cf0e1f7-e315-47b5-8bd3-c0fe5f3bc631,3,1,11,1267,56320,1249,599,58836,57587,1267,2175,0,2
7cf0e1f7-e315-47b5-8bd3-c0fe5f3bc631,3,1,12,299,58752,874,503,59925,59051,299,1828,0,2
7cf0e1f7-e315-47b5-8bd3-c0fe5f3bc631,3,1,13,1188,59648,551,378,61387,60836,1188,1301,0,2
7cf0e1f7-e315-47b5-8bd3-c0fe5f3bc631,3,1,14,3424,61312,518,168,65254,64736,3424,650,0,2
7cf0e1f7-e315-47b5-8bd3-c0fe5f3bc631,3,1,15,961,65152,233,157,66346,66113,961,554,0,1
7cf0e1f7-e315-47b5-8bd3-c0fe5f3bc631,3,1,16,3840,66304,569,326,70713,70144,3840,1334,0,2
7cf0e1f7-e315-47b5-8bd3-c0fe5f3bc631,3,1,17,249,70528,489,287,71266,70777,249,1104,0,2
7cf0e1f7-e315-47b5-8bd3-c0fe5f3bc631,3,1,18,1365,71168,474,211,73007,72533,1365,822,0,2
7cf0e1f7-e315-47b5-8bd3-c0fe5f3bc631,3,1,19,493,72960,709,429,74162,73453,493,1456,0,2
7cf0e1f7-e315-47b5-8bd3-c0fe5f3bc631,3,1,20,529,74112,774,424,75415,74641,529,1679,0,3
7cf0e1f7-e315-47b5-8bd3-c0fe5f3bc631,3,1,21,2028,75392,668,288,78088,77420,2028,1219,0,3
7cf0e1f7-e315-47b5-8bd3-c0fe5f3bc631,3,1,22,193,77952,452,57,78597,78145,193,212,0,2
7cf0e1f7-e315-47b5-8bd3-c0fe5f3bc631,3,1,23,186,78464,362,64,79012,78650,186,259,0,2
7cf0e1f7-e315-47b5-8bd3-c0fe5f3bc631,3,1,24,1052,78976,1578,1096,81606,80028,1052,3965,0,2
7cf0e1f7-e315-47b5-8bd3-c0fe5f3bc631,3,1,25,201,81536,488,172,82225,81737,201,600,0,2
7cf0e1f7-e315-47b5-8bd3-c0fe5f3bc631,3,1,26,2143,82176,616,256,84935,84319,2143,929,0,2
7cf0e1f7-e315-47b5-8bd3-c0fe5f3bc631,3,1,27,816,84864,421,203,86101,85680,816,682,0,2
7cf0e1f7-e315-47b5-8bd3-c0fe5f3bc631,3,1,28,935,86016,442,162,87393,86951,935,540,0,2
7cf0e1f7-e315-47b5-8bd3-c0fe5f3bc631,3,1,29,4356,87296,838,439,92490,91652,4356,1547,0,2
7cf0e1f7-e315-47b5-8bd3-c0fe5f3bc631,3,1,30,529,92416,542,167,93487,92945,529,681,0,2
7cf0e1f7-e315-47b5-8bd3-c0fe5f3bc631,3,1,31,1236,93440,302,103,94978,94676,1236,349,0,1
7cf0e1f7-e315-47b5-8bd3-c0fe5f3bc631,3,1,32,789,94976,458,262,96223,95765,789,935,0,1
7cf0e1f7-e315-47b5-8bd3-c0fe5f3bc631,3,1,33,746,96128,671,488,97545,96874,746,1765,0,1
7cf0e1f7-e315-47b5-8bd3-c0fe5f3bc631,3,1,34,496,97536,512,290,98544,98032,496,1143,0,2
7cf0e1f7-e315-47b5-8bd3-c0fe5f3bc631,3,1,35,1032,98432,385,193,99849,99464,1032,623,0,1
7cf0e1f7-e315-47b5-8bd3-c0fe5f3bc631,3,1,36,887,99840,1295,926,102022,100727,887,3372,0,2
7cf0e1f7-e315-47b5-8bd3-c0fe5f3bc631,3,1,37,660,101632,980,421,103272,102292,660,1611,0,2
7cf0e1f7-e315-47b5-8bd3-c0fe5f3bc631,3,1,38,223,103168,266,52,103657,103391,223,236,0,2
7cf0e1f7-e315-47b5-8bd3-c0fe5f3bc631,3,1,39,782,103552,396,123,104730,104334,782,462,0,2
7cf0e1f7-e315-47b5-8bd3-c0fe5f3bc631,3,1,40,201,104576,579,398,105356,104777,201,1777,0,2
7cf0e1f7-e315-47b5-8bd3-c0fe5f3bc631,3,1,41,3368,105344,439,240,109151,108712,3368,911,0,1
7cf0e1f7-e315-47b5-8bd3-c0fe5f3bc631,3,1,42,867,109056,510,42,110433,109923,867,166,0,2
7cf0e1f7-e315-47b5-8bd3-c0fe5f3bc631,3,1,43,394,110336,694,348,111424,110730,394,1378,0,2
7cf0e1f7-e315-47b5-8bd3-c0fe5f3bc631,3,1,44,888,111360,714,317,112962,112248,888,1198,0,2
7cf0e1f7-e315-47b5-8bd3-c0fe5f3bc631,3,1,45,173,112896,665,267,113734,113069,173,1015,0,2
7cf0e1f7-e315-47b5-8bd3-c0fe5f3bc631,3,1,46,209,113664,1900,1386,115773,113873,209,4564,0,2
7cf0e1f7-e315-47b5-8bd3-c0fe5f3bc631,3,1,47,682,115712,762,398,117156,116394,682,1709,0,2
7cf0e1f7-e315-47b5-8bd3-c0fe5f3bc631,3,1,48,252,116992,469,152,117713,117244,252,642,0,2
7cf0e1f7-e315-47b5-8bd3-c0fe5f3bc631,3,1,49,250,117504,317,51,118071,117754,250,199,0,2
7cf0e1f7-e315-47b5-8bd3-c0fe5f3bc631,3,1,50,724,118016,544,166,119284,118740,724,537,0,2
7cf0e1f7-e315-47b5-8bd3-c0fe5f3bc631,3,1,51,1015,119168,3950,3529,124133,120183,1015,13259,0,2
7cf0e1f7-e315-47b5-8bd3-c0fe5f3bc631,3,1,52,2011,123520,438,174,125969,125531,2011,596,0,2
7cf0e1f7-e315-47b5-8bd3-c0fe5f3bc631,3,1,53,1168,125952,303,78,127423,127120,1168,295,0,1
7cf0e1f7-e315-47b5-8bd3-c0fe5f3bc631,3,1,54,883,127360,246,76,128489,128243,883,270,0,2
7cf0e1f7-e315-47b5-8bd3-c0fe5f3bc631,3,1,55,4781,128384,1421,899,134586,133165,4781,2553,0,1
7cf0e1f7-e315-47b5-8bd3-c0fe5f3bc631,3,1,56,438,134528,447,56,135413,134966,438,236,0,2
7cf0e1f7-e315-47b5-8bd3-c0fe5f3bc631,3,1,57,897,135296,1009,916,137202,136193,897,3605,58,1
7cf0e1f7-e315-47b5-8bd3-c0fe5f3bc631,3,1,58,256,136960,3567,0,140783,137216,256,0,0,1
7cf0e1f7-e315-47b5-8bd3-c0fe5f3bc631,3,1,59,169,140672,136,22,140977,140841,169,107,0,1
7cf0e1f7-e315-47b5-8bd3-c0fe5f3bc631,3,1,60,204,140800,386,306,141390,141004,204,1270,0,1
7cf0e1f7-e315-47b5-8bd3-c0fe5f3bc631,3,1,61,2456,141312,1160,195,144928,143768,2456,627,0,1
7cf0e1f7-e315-47b5-8bd3-c0fe5f3bc631,3,1,62,204,144768,545,0,145517,144972,204,0,0,1
7cf0e1f7-e315-47b5-8bd3-c0fe5f3bc631,3,1,63,153,145408,579,0,146140,145561,153,0,0,1
7cf0e1f7-e315-47b5-8bd3-c0fe5f3bc631,3,1,64,136,146048,709,0,146893,146184,136,0,0,1
7cf0e1f7-e315-47b5-8bd3-c0fe5f3bc631,3,1,65,249,146688,741,0,147678,146937,249,0,0,1
7cf0e1f7-e315-47b5-8bd3-c0fe5f3bc631,3,1,66,138,147584,112,0,147834,147722,138,0,0,1
7cf0e1f7-e315-47b5-8bd3-c0fe5f3bc631,3,1,67,149,147712,1057,360,148918,147861,149,1312,0,1
7cf0e1f7-e315-47b5-8bd3-c0fe5f3bc631,3,1,68,226,148736,439,0,149401,148962,226,0,0,1
7cf0e1f7-e315-47b5-8bd3-c0fe5f3bc631,3,1,69,197,149248,241,161,149686,149445,197,681,0,1
7cf0e1f7-e315-47b5-8bd3-c0fe5f3bc631,3,1,70,1987,149632,324,187,151943,151619,1987,792,0,1
7cf0e1f7-e315-47b5-8bd3-c0fe5f3bc631,3,1,71,179,151808,141,0,152128,151987,179,0,0,1
7cf0e1f7-e315-47b5-8bd3-c0fe5f3bc631,3,1,72,228,151936,1235,309,153399,152164,228,1174,0,1
7cf0e1f7-e315-47b5-8bd3-c0fe5f3bc631,3,1,73,227,153216,705,0,154148,153443,227,0,0,1
7cf0e1f7-e315-47b5-8bd3-c0fe5f3bc631,3,1,74,208,153984,112,0,154304,154192,208,0,0,1
7cf0e1f7-e315-47b5-8bd3-c0fe5f3bc631,3,1,75,219,154112,891,247,155222,154331,219,1056,0,1
7cf0e1f7-e315-47b5-8bd3-c0fe5f3bc631,3,1,76,258,155008,350,113,155616,155266,258,462,0,1
7cf0e1f7-e315-47b5-8bd3-c0fe5f3bc631,3,1,77,1229,155520,205,109,156954,156749,1229,438,0,1
7cf0e1f7-e315-47b5-8bd3-c0fe5f3bc631,3,1,78,1840,156928,136,27,158904,158768,1840,123,0,1
7cf0e1f7-e315-47b5-8bd3-c0fe5f3bc631,3,1,79,225,158720,996,0,159941,158945,225,0,0,1
7cf0e1f7-e315-47b5-8bd3-c0fe5f3bc631,3,1,80,236,159744,727,0,160707,159980,236,0,2891,0
7d77b175-ad9d-4569-ac05-e9e66bdc78b3,2,1,1,2446,7936,268,66,10650,10382,2446,338,127,2
7d77b175-ad9d-4569-ac05-e9e66bdc78b3,2,1,2,334,10624,104,32,11062,10958,334,133,111,1
7d77b175-ad9d-4569-ac05-e9e66bdc78b3,2,1,3,210,11008,163,56,11381,11218,210,238,117,2
7d77b175-ad9d-4569-ac05-e9e66bdc78b3,2,1,4,379,11264,422,203,12065,11643,379,837,152,3
7d77b175-ad9d-4569-ac05-e9e66bdc78b3,2,1,5,34036,12032,523,375,46591,46068,34036,1406,139,1
7d77b175-ad9d-4569-ac05-e9e66bdc78b3,2,1,6,299,46464,359,181,47122,46763,299,751,83,2
7d77b175-ad9d-4569-ac05-e9e66bdc78b3,2,1,7,449,47104,187,40,47740,47553,449,191,103,1
7d77b175-ad9d-4569-ac05-e9e66bdc78b3,2,1,8,775,47616,145,45,48536,48391,775,175,0,2
7d77b175-ad9d-4569-ac05-e9e66bdc78b3,2,1,9,974,48512,555,253,50041,49486,974,1033,119,1
7d77b175-ad9d-4569-ac05-e9e66bdc78b3,2,1,10,149,49920,479,0,50548,50069,149,0,0,1
7d77b175-ad9d-4569-ac05-e9e66bdc78b3,2,1,11,166,50432,462,88,51060,50598,166,341,0,4
7d77b175-ad9d-4569-ac05-e9e66bdc78b3,2,1,12,236,50944,101,15,51281,51180,236,48,0,1
7d77b175-ad9d-4569-ac05-e9e66bdc78b3,2,1,13,253,51072,370,0,51695,51325,253,0,0,4
7d77b175-ad9d-4569-ac05-e9e66bdc78b3,2,1,14,9479,51584,741,342,61804,61063,9479,1142,72,4
7d77b175-ad9d-4569-ac05-e9e66bdc78b3,2,1,15,7017,61696,1251,974,69964,68713,7017,3542,74,2
7d77b175-ad9d-4569-ac05-e9e66bdc78b3,2,1,16,2450,69888,1118,281,73456,72338,2450,1043,117,3
7d77b175-ad9d-4569-ac05-e9e66bdc78b3,2,1,17,461,73344,805,260,74610,73805,461,943,75,2
7d77b175-ad9d-4569-ac05-e9e66bdc78b3,2,1,18,1053,74496,589,74,76138,75549,1053,314,73,1
7d77b175-ad9d-4569-ac05-e9e66bdc78b3,2,1,19,156,76032,730,101,76918,76188,156,430,0,1
7d77b175-ad9d-4569-ac05-e9e66bdc78b3,2,1,20,166,76800,207,132,77173,76966,166,573,0,1
7d77b175-ad9d-4569-ac05-e9e66bdc78b3,2,1,21,527,77056,211,92,77794,77583,527,354,98,2
7d77b175-ad9d-4569-ac05-e9e66bdc78b3,2,1,22,807,77696,802,410,79305,78503,807,1410,0,4
7d77b175-ad9d-4569-ac05-e9e66bdc78b3,2,1,23,1066,79232,1265,259,81563,80298,1066,965,103,2
7d77b175-ad9d-4569-ac05-e9e66bdc78b3,2,1,24,1627,81536,1107,487,84270,83163,1627,1793,78,4
7d77b175-ad9d-4569-ac05-e9e66bdc78b3,2,1,25,3771,84224,1023,690,89018,87995,3771,2551,81,1
7d77b175-ad9d-4569-ac05-e9e66bdc78b3,2,1,26,237,88832,140,84,89209,89069,237,355,0,1
7d77b175-ad9d-4569-ac05-e9e66bdc78b3,2,1,27,659,89088,355,38,90102,89747,659,151,0,1
7d77b175-ad9d-4569-ac05-e9e66bdc78b3,2,1,28,154,89984,348,0,90486,90138,154,0,0,3
7d77b175-ad9d-4569-ac05-e9e66bdc78b3,2,1,29,1079,90368,1003,319,92450,91447,1079,1128,0,4
7d77b175-ad9d-4569-ac05-e9e66bdc78b3,2,1,30,4591,92416,1588,1019,98595,97007,4591,3579,76,4
7d77b175-ad9d-4569-ac05-e9e66bdc78b3,2,1,31,2536,98560,1349,578,102445,101096,2536,1984,67,4
7d77b175-ad9d-4569-ac05-e9e66bdc78b3,2,1,32,2073,102400,1165,344,105638,104473,2073,1259,102,4
7d77b175-ad9d-4569-ac05-e9e66bdc78b3,2,1,33,1351,105600,1059,446,108010,106951,1351,1768,0,4
7d77b175-ad9d-4569-ac05-e9e66bdc78b3,2,1,34,1366,107904,1194,550,110464,109270,1366,2127,0,4
7d77b175-ad9d-4569-ac05-e9e66bdc78b3,2,1,35,1234,110464,1645,633,113343,111698,1234,2354,116,4
7d77b175-ad9d-4569-ac05-e9e66bdc78b3,2,1,36,2592,113280,1446,760,117318,115872,2592,2845,0,4
7d77b175-ad9d-4569-ac05-e9e66bdc78b3,2,1,37,3685,117248,1605,693,122538,120933,3685,2610,0,4
7d77b175-ad9d-4569-ac05-e9e66bdc78b3,2,1,38,289,122496,1366,745,124151,122785,289,2815,0,4
7d77b175-ad9d-4569-ac05-e9e66bdc78b3,2,1,39,1714,124032,1496,624,127242,125746,1714,2143,0,4
7d77b175-ad9d-4569-ac05-e9e66bdc78b3,2,1,40,1294,127232,1357,700,129883,128526,1294,2588,0,4
7d77b175-ad9d-4569-ac05-e9e66bdc78b3,2,1,41,1065,129792,652,174,131509,130857,1065,777,0,2
7d77b175-ad9d-4569-ac05-e9e66bdc78b3,2,1,42,1754,131456,1299,769,134509,133210,1754,2977,93,3
7d77b175-ad9d-4569-ac05-e9e66bdc78b3,2,1,43,677,134400,3072,2780,138149,135077,677,9711,76,1
7d77b175-ad9d-4569-ac05-e9e66bdc78b3,2,1,44,193,137984,5622,0,143799,138177,193,0,0,1
7d77b175-ad9d-4569-ac05-e9e66bdc78b3,2,1,45,2158,141696,4189,4004,148043,143854,2158,8735,74,1
7d77b175-ad9d-4569-ac05-e9e66bdc78b3,2,1,46,481,147968,169,70,148618,148449,481,286,0,1
7d77b175-ad9d-4569-ac05-e9e66bdc78b3,2,1,47,154,148480,9585,391,158219,148634,154,1510,94,1
7d77b175-ad9d-4569-ac05-e9e66bdc78b3,2,1,48,2754,155520,268,40,158542,158274,2754,131,0,1
7d77b175-ad9d-4569-ac05-e9e66bdc78b3,2,1,49,256,158336,2149,475,160741,158592,256,1709,77,2
7d77b175-ad9d-4569-ac05-e9e66bdc78b3,2,1,50,209,160640,111,34,160960,160849,209,142,0,1
7d77b175-ad9d-4569-ac05-e9e66bdc78b3,2,1,51,4604,160896,300,207,165800,165500,4604,720,0,1
7d77b175-ad9d-4569-ac05-e9e66bdc78b3,2,1,52,1593,165760,3286,1193,170639,167353,1593,4585,28,4
7d77b175-ad9d-4569-ac05-e9e66bdc78b3,2,1,53,167,170624,1791,29,172582,170791,167,120,0,4
7d77b175-ad9d-4569-ac05-e9e66bdc78b3,2,1,54,190,172544,128,0,172862,172734,190,0,0,1
7d77b175-ad9d-4569-ac05-e9e66bdc78b3,2,1,55,227,172672,2671,2578,175570,172899,227,9951,0,1
7d77b175-ad9d-4569-ac05-e9e66bdc78b3,2,1,56,4140,175488,8773,27,188401,179628,4140,127,0,1
7d77b175-ad9d-4569-ac05-e9e66bdc78b3,2,1,57,168,188288,198,0,188654,188456,168,0,0,1
7d77b175-ad9d-4569-ac05-e9e66bdc78b3,2,1,58,192,188544,619,233,189355,188736,192,987,97,2
7d77b175-ad9d-4569-ac05-e9e66bdc78b3,2,1,59,218,189184,996,0,190398,189402,218,0,0,1
7d77b175-ad9d-4569-ac05-e9e66bdc78b3,2,1,60,228,190208,327,52,190763,190436,228,221,0,1
7d77b175-ad9d-4569-ac05-e9e66bdc78b3,2,1,61,199,190592,439,0,191230,190791,199,0,1769,0
80582e1e-cc24-4c49-bd41-86060a72245a,3,1,1,3292,7936,367,0,11595,11228,3292,0,69,2
80582e1e-cc24-4c49-bd41-86060a72245a,3,1,2,1518,11520,233,24,13271,13038,1518,114,71,2
80582e1e-cc24-4c49-bd41-86060a72245a,3,1,3,6541,13184,650,205,20375,19725,6541,737,89,3
80582e1e-cc24-4c49-bd41-86060a72245a,3,1,4,1689,19840,468,110,21997,21529,1689,429,0,3
80582e1e-cc24-4c49-bd41-86060a72245a,3,1,5,166,21888,304,50,22358,22054,166,214,0,2
80582e1e-cc24-4c49-bd41-86060a72245a,3,1,6,4348,22272,718,372,27338,26620,4348,1450,63,3
80582e1e-cc24-4c49-bd41-86060a72245a,3,1,7,8717,27264,961,333,36942,35981,8717,1263,91,3
80582e1e-cc24-4c49-bd41-86060a72245a,3,1,8,1343,36864,629,280,38836,38207,1343,1064,0,3
80582e1e-cc24-4c49-bd41-86060a72245a,3,1,9,1866,38784,976,509,41626,40650,1866,2063,0,3
80582e1e-cc24-4c49-bd41-86060a72245a,3,1,10,4994,41600,912,386,47506,46594,4994,1529,126,3
80582e1e-cc24-4c49-bd41-86060a72245a,3,1,11,4731,47488,803,361,53022,52219,4731,1456,0,3
80582e1e-cc24-4c49-bd41-86060a72245a,3,1,12,424,52992,496,59,53912,53416,424,231,0,3
80582e1e-cc24-4c49-bd41-86060a72245a,3,1,13,4407,53888,1003,451,59298,58295,4407,1621,0,3
80582e1e-cc24-4c49-bd41-86060a72245a,3,1,14,1894,59264,1111,562,62269,61158,1894,2007,0,3
80582e1e-cc24-4c49-bd41-86060a72245a,3,1,15,2698,62208,873,253,65779,64906,2698,1023,0,3
80582e1e-cc24-4c49-bd41-86060a72245a,3,1,16,2057,65664,733,360,68454,67721,2057,1479,0,3
80582e1e-cc24-4c49-bd41-86060a72245a,3,1,17,3015,68352,939,391,72306,71367,3015,1513,0,3
80582e1e-cc24-4c49-bd41-86060a72245a,3,1,18,552,72192,592,162,73336,72744,552,694,0,3
80582e1e-cc24-4c49-bd41-86060a72245a,3,1,19,1986,73216,421,110,75623,75202,1986,463,0,3
80582e1e-cc24-4c49-bd41-86060a72245a,3,1,20,205,75520,454,218,76179,75725,205,923,0,2
80582e1e-cc24-4c49-bd41-86060a72245a,3,1,21,1300,76160,451,157,77911,77460,1300,598,92,2
80582e1e-cc24-4c49-bd41-86060a72245a,3,1,22,1477,77824,377,123,79678,79301,1477,518,107,2
80582e1e-cc24-4c49-bd41-86060a72245a,3,1,23,17226,79616,8880,2906,105722,96842,17226,11293,57,1
80582e1e-cc24-4c49-bd41-86060a72245a,3,1,24,178,105600,379,19,106157,105778,178,90,0,2
80582e1e-cc24-4c49-bd41-86060a72245a,3,1,25,910,106112,894,239,107916,107022,910,936,95,1
80582e1e-cc24-4c49-bd41-86060a72245a,3,1,26,182,107776,587,0,108545,107958,182,0,0,1
80582e1e-cc24-4c49-bd41-86060a72245a,3,1,27,171,108416,218,60,108805,108587,171,254,0,1
80582e1e-cc24-4c49-bd41-86060a72245a,3,1,28,165,108672,450,148,109287,108837,165,565,0,1
80582e1e-cc24-4c49-bd41-86060a72245a,3,1,29,145,109184,228,0,109557,109329,145,0,0,1
80582e1e-cc24-4c49-bd41-86060a72245a,3,1,30,159,109440,1229,176,110828,109599,159,730,0,1
80582e1e-cc24-4c49-bd41-86060a72245a,3,1,31,150,110720,84,0,110954,110870,150,0,0,1
80582e1e-cc24-4c49-bd41-86060a72245a,3,1,32,259,110720,1519,133,112498,110979,259,639,98,2
80582e1e-cc24-4c49-bd41-86060a72245a,3,1,33,171,112384,276,0,112831,112555,171,0,0,1
80582e1e-cc24-4c49-bd41-86060a72245a,3,1,34,219,112640,554,0,113413,112859,219,0,2206,0
83090c92-ff01-4abc-9b2e-a07744680239,3,1,1,3217,7936,185,0,11338,11153,3217,0,92,2
83090c92-ff01-4abc-9b2e-a07744680239,3,1,2,2857,11264,728,146,14849,14121,2857,619,74,3
83090c92-ff01-4abc-9b2e-a07744680239,3,1,3,191,14848,176,14,15215,15039,191,57,0,2
83090c92-ff01-4abc-9b2e-a07744680239,3,1,4,800,15104,378,44,16282,15904,800,178,102,2
83090c92-ff01-4abc-9b2e-a07744680239,3,1,5,3405,16256,2616,298,22277,19661,3405,1278,96,3
83090c92-ff01-4abc-9b2e-a07744680239,3,1,6,2666,22272,509,110,25447,24938,2666,521,157,2
83090c92-ff01-4abc-9b2e-a07744680239,3,1,7,5978,25344,457,38,31779,31322,5978,166,87,2
83090c92-ff01-4abc-9b2e-a07744680239,3,1,8,6212,31744,640,143,38596,37956,6212,606,0,2
83090c92-ff01-4abc-9b2e-a07744680239,3,1,9,1531,38528,534,32,40593,40059,1531,156,0,2
83090c92-ff01-4abc-9b2e-a07744680239,3,1,10,178,40448,179,9,40805,40626,178,38,0,1
83090c92-ff01-4abc-9b2e-a07744680239,3,1,11,164,40704,681,211,41549,40868,164,714,0,1
83090c92-ff01-4abc-9b2e-a07744680239,3,1,12,270,41472,602,126,42344,41742,270,421,76,1
83090c92-ff01-4abc-9b2e-a07744680239,3,1,13,155,42240,212,0,42607,42395,155,0,0,2
83090c92-ff01-4abc-9b2e-a07744680239,3,1,14,207,42496,118,15,42821,42703,207,62,0,1
83090c92-ff01-4abc-9b2e-a07744680239,3,1,15,242,42624,309,140,43175,42866,242,452,0,1
83090c92-ff01-4abc-9b2e-a07744680239,3,1,16,204,43008,94,0,43306,43212,204,0,0,1
83090c92-ff01-4abc-9b2e-a07744680239,3,1,17,197,43136,306,124,43639,43333,197,377,0,1
83090c92-ff01-4abc-9b2e-a07744680239,3,1,18,431,43520,747,413,44698,43951,431,1507,78,1
83090c92-ff01-4abc-9b2e-a07744680239,3,1,19,223,44544,165,44,44932,44767,223,195,0,1
83090c92-ff01-4abc-9b2e-a07744680239,3,1,20,150,44800,419,92,45369,44950,150,365,0,1
83090c92-ff01-4abc-9b2e-a07744680239,3,1,21,208,45184,355,186,45747,45392,208,732,74,2
83090c92-ff01-4abc-9b2e-a07744680239,3,1,22,539,45696,607,50,46842,46235,539,223,81,1
83090c92-ff01-4abc-9b2e-a07744680239,3,1,23,173,46720,128,0,47021,46893,173,0,0,1
83090c92-ff01-4abc-9b2e-a07744680239,3,1,24,223,46848,376,174,47447,47071,223,657,0,1
83090c92-ff01-4abc-9b2e-a07744680239,3,1,25,256,47232,346,147,47834,47488,256,481,0,1
83090c92-ff01-4abc-9b2e-a07744680239,3,1,26,174,47744,448,175,48366,47918,174,651,77,2
83090c92-ff01-4abc-9b2e-a07744680239,3,1,27,7118,48256,900,471,56274,55374,7118,1769,89,2
83090c92-ff01-4abc-9b2e-a07744680239,3,1,28,1518,56192,264,36,57974,57710,1518,181,0,1
83090c92-ff01-4abc-9b2e-a07744680239,3,1,29,5500,57856,916,422,64272,63356,5500,1530,95,2
83090c92-ff01-4abc-9b2e-a07744680239,3,1,30,217,64128,510,93,64855,64345,217,433,0,1
83090c92-ff01-4abc-9b2e-a07744680239,3,1,31,2363,64768,1197,633,68328,67131,2363,2217,112,2
83090c92-ff01-4abc-9b2e-a07744680239,3,1,32,7283,68224,564,339,76071,75507,7283,1310,55,4
83090c92-ff01-4abc-9b2e-a07744680239,3,1,33,2108,76032,276,152,78416,78140,2108,538,60,1
83090c92-ff01-4abc-9b2e-a07744680239,3,1,34,2345,78336,382,65,81063,80681,2345,277,76,2
83090c92-ff01-4abc-9b2e-a07744680239,3,1,35,4967,81024,341,163,86332,85991,4967,679,70,1
83090c92-ff01-4abc-9b2e-a07744680239,3,1,36,313,86272,271,74,86856,86585,313,281,67,1
8605360c-4c6f-42c8-91a0-b14fdbd777da,2,1,1,2770,8192,556,0,11518,10962,2770,0,87,2
8605360c-4c6f-42c8-91a0-b14fdbd777da,2,1,2,1485,11392,212,11,13089,12877,1485,58,0,2
8605360c-4c6f-42c8-91a0-b14fdbd777da,2,1,3,1917,13056,6309,298,21282,14973,1917,1235,110,5
8605360c-4c6f-42c8-91a0-b14fdbd777da,2,1,4,219,21248,515,290,21982,21467,219,1078,62,2
8605360c-4c6f-42c8-91a0-b14fdbd777da,2,1,5,2870,21888,556,214,25314,24758,2870,781,0,2
8605360c-4c6f-42c8-91a0-b14fdbd777da,2,1,6,586,25216,273,89,26075,25802,586,340,0,2
8605360c-4c6f-42c8-91a0-b14fdbd777da,2,1,7,23243,25984,513,229,49740,49227,23243,868,92,2
8605360c-4c6f-42c8-91a0-b14fdbd777da,2,1,8,2720,49664,575,327,52959,52384,2720,1239,0,2
8605360c-4c6f-42c8-91a0-b14fdbd777da,2,1,9,360,52864,562,313,53786,53224,360,1167,0,2
8605360c-4c6f-42c8-91a0-b14fdbd777da,2,1,10,2236,53760,850,509,56846,55996,2236,1874,0,2
8605360c-4c6f-42c8-91a0-b14fdbd777da,2,1,11,859,56832,708,269,58399,57691,859,988,0,2
8605360c-4c6f-42c8-91a0-b14fdbd777da,2,1,12,275,58368,1099,714,59742,58643,275,2793,0,2
8605360c-4c6f-42c8-91a0-b14fdbd777da,2,1,13,3372,59648,698,141,63718,63020,3372,506,0,2
8605360c-4c6f-42c8-91a0-b14fdbd777da,2,1,14,769,63616,475,152,64860,64385,769,563,0,1
8605360c-4c6f-42c8-91a0-b14fdbd777da,2,1,15,936,64768,625,330,66329,65704,936,1273,115,2
8605360c-4c6f-42c8-91a0-b14fdbd777da,2,1,16,519,66304,519,210,67342,66823,519,800,0,2
8605360c-4c6f-42c8-91a0-b14fdbd777da,2,1,17,5739,67328,783,230,73850,73067,5739,886,0,2
8605360c-4c6f-42c8-91a0-b14fdbd777da,2,1,18,890,73728,202,35,74820,74618,890,125,0,1
8605360c-4c6f-42c8-91a0-b14fdbd777da,2,1,19,230,74624,205,20,75059,74854,230,88,0,1
8605360c-4c6f-42c8-91a0-b14fdbd777da,2,1,20,296,75008,238,117,75542,75304,296,457,0,1
8605360c-4c6f-42c8-91a0-b14fdbd777da,2,1,21,426,75520,130,0,76076,75946,426,0,0,1
8605360c-4c6f-42c8-91a0-b14fdbd777da,2,1,22,567,76032,583,145,77182,76599,567,513,0,2
8605360c-4c6f-42c8-91a0-b14fdbd777da,2,1,23,785,77056,668,90,78509,77841,785,378,82,2
8605360c-4c6f-42c8-91a0-b14fdbd777da,2,1,24,247,78336,383,112,78966,78583,247,481,0,2
8605360c-4c6f-42c8-91a0-b14fdbd777da,2,1,25,4945,78848,627,173,84420,83793,4945,713,0,1
8605360c-4c6f-42c8-91a0-b14fdbd777da,2,1,26,308,84352,444,146,85104,84660,308,650,0,2
8605360c-4c6f-42c8-91a0-b14fdbd777da,2,1,27,167,84992,727,409,85886,85159,167,1544,76,1
8605360c-4c6f-42c8-91a0-b14fdbd777da,2,1,28,1699,85760,464,71,87923,87459,1699,234,92,2
8605360c-4c6f-42c8-91a0-b14fdbd777da,2,1,29,1601,87808,352,135,89761,89409,1601,407,0,2
8605360c-4c6f-42c8-91a0-b14fdbd777da,2,1,30,1185,89728,351,120,91264,90913,1185,447,0,2
8605360c-4c6f-42c8-91a0-b14fdbd777da,2,1,31,2192,91264,466,214,93922,93456,2192,728,0,2
8605360c-4c6f-42c8-91a0-b14fdbd777da,2,1,32,1081,93824,818,444,95723,94905,1081,1633,0,2
8605360c-4c6f-42c8-91a0-b14fdbd777da,2,1,33,695,95616,380,159,96691,96311,695,470,71,1
8605360c-4c6f-42c8-91a0-b14fdbd777da,2,1,34,773,96640,522,282,97935,97413,773,1009,0,2
8605360c-4c6f-42c8-91a0-b14fdbd777da,2,1,35,1751,97920,413,139,100084,99671,1751,528,0,1
8605360c-4c6f-42c8-91a0-b14fdbd777da,2,1,36,311,99968,501,317,100780,100279,311,1347,0,1
8605360c-4c6f-42c8-91a0-b14fdbd777da,2,1,37,195,100608,787,199,101590,100803,195,794,0,2
8605360c-4c6f-42c8-91a0-b14fdbd777da,2,1,38,742,101504,256,112,102502,102246,742,459,0,1
8605360c-4c6f-42c8-91a0-b14fdbd777da,2,1,39,244,102272,699,430,103215,102516,244,1621,0,1
8605360c-4c6f-42c8-91a0-b14fdbd777da,2,1,40,317,103168,522,232,104007,103485,317,1013,0,2
8605360c-4c6f-42c8-91a0-b14fdbd777da,2,1,41,3271,103936,573,192,107780,107207,3271,712,0,2
8605360c-4c6f-42c8-91a0-b14fdbd777da,2,1,42,192,107648,233,86,108073,107840,192,372,0,1
8605360c-4c6f-42c8-91a0-b14fdbd777da,2,1,43,1488,108032,530,294,110050,109520,1488,1164,0,1
8605360c-4c6f-42c8-91a0-b14fdbd777da,2,1,44,243,109824,891,740,110958,110067,243,2922,0,2
8605360c-4c6f-42c8-91a0-b14fdbd777da,2,1,45,2650,110848,554,306,114052,113498,2650,1242,0,1
8605360c-4c6f-42c8-91a0-b14fdbd777da,2,1,46,313,114048,251,37,114612,114361,313,167,0,1
8605360c-4c6f-42c8-91a0-b14fdbd777da,2,1,47,523,114560,247,63,115330,115083,523,141,0,1
8605360c-4c6f-42c8-91a0-b14fdbd777da,2,1,48,2735,115328,633,387,118696,118063,2735,1452,0,1
8605360c-4c6f-42c8-91a0-b14fdbd777da,2,1,49,3960,118656,1625,1309,124241,122616,3960,4808,87,2
8605360c-4c6f-42c8-91a0-b14fdbd777da,2,1,50,11303,124160,753,598,136216,135463,11303,2285,0,1
8605360c-4c6f-42c8-91a0-b14fdbd777da,2,1,51,7132,136192,441,278,143765,143324,7132,1091,0,1
8605360c-4c6f-42c8-91a0-b14fdbd777da,2,1,52,3900,143744,583,324,148227,147644,3900,1231,0,2
8605360c-4c6f-42c8-91a0-b14fdbd777da,2,1,53,5457,148224,494,346,154175,153681,5457,1364,0,1
8605360c-4c6f-42c8-91a0-b14fdbd777da,2,1,54,2736,154112,336,212,157184,156848,2736,804,0,1
8605360c-4c6f-42c8-91a0-b14fdbd777da,2,1,55,1042,157184,384,157,158610,158226,1042,668,72,2
8605360c-4c6f-42c8-91a0-b14fdbd777da,2,1,56,2850,158592,439,173,161881,161442,2850,783,92,2
8605360c-4c6f-42c8-91a0-b14fdbd777da,2,1,57,1617,161792,1030,671,164439,163409,1617,2541,0,2
8605360c-4c6f-42c8-91a0-b14fdbd777da,2,1,58,7014,164352,664,434,172030,171366,7014,1681,95,2
8605360c-4c6f-42c8-91a0-b14fdbd777da,2,1,59,335,171904,569,417,172808,172239,335,1776,0,1
8605360c-4c6f-42c8-91a0-b14fdbd777da,2,1,60,2219,172800,11528,277,186547,175019,2219,969,73,1
8605360c-4c6f-42c8-91a0-b14fdbd777da,2,1,61,4328,186496,1860,172,192684,190824,4328,707,76,1
8605360c-4c6f-42c8-91a0-b14fdbd777da,2,1,62,215,192512,2378,15,195105,192727,215,63,0,1
8605360c-4c6f-42c8-91a0-b14fdbd777da,2,1,63,204,194944,1222,150,196370,195148,204,667,0,2
8605360c-4c6f-42c8-91a0-b14fdbd777da,2,1,64,172,196352,877,118,197401,196524,172,428,0,2
8605360c-4c6f-42c8-91a0-b14fdbd777da,2,1,65,235,197248,541,170,198024,197483,235,674,123,2
8605360c-4c6f-42c8-91a0-b14fdbd777da,2,1,66,3540,198016,406,238,201962,201556,3540,814,65,1
8605360c-4c6f-42c8-91a0-b14fdbd777da,2,1,67,5726,201856,1141,299,208723,207582,5726,1045,0,1
8605360c-4c6f-42c8-91a0-b14fdbd777da,2,1,68,254,208512,375,62,209141,208766,254,249,0,2
8605360c-4c6f-42c8-91a0-b14fdbd777da,2,1,69,276,209024,402,251,209702,209300,276,1178,76,1
8605360c-4c6f-42c8-91a0-b14fdbd777da,2,1,70,209,209536,835,29,210580,209745,209,92,0,1
8605360c-4c6f-42c8-91a0-b14fdbd777da,2,1,71,172,210432,849,0,211453,210604,172,0,0,1
8605360c-4c6f-42c8-91a0-b14fdbd777da,2,1,72,172,211328,170,60,211670,211500,172,225,0,1
8605360c-4c6f-42c8-91a0-b14fdbd777da,2,1,73,228,211584,882,0,212694,211812,228,0,0,1
8605360c-4c6f-42c8-91a0-b14fdbd777da,2,1,74,1632,212608,4149,536,218389,214240,1632,1968,98,1
8605360c-4c6f-42c8-91a0-b14fdbd777da,2,1,75,4003,215168,156,44,219327,219171,4003,230,0,2
8605360c-4c6f-42c8-91a0-b14fdbd777da,2,1,76,373,219264,181,83,219818,219637,373,342,0,1
8605360c-4c6f-42c8-91a0-b14fdbd777da,2,1,77,467,219776,1522,533,221765,220243,467,2135,0,1
8605360c-4c6f-42c8-91a0-b14fdbd777da,2,1,78,240,221568,490,0,222298,221808,240,0,0,1
8605360c-4c6f-42c8-91a0-b14fdbd777da,2,1,79,261,222080,743,78,223084,222341,261,326,0,2
8605360c-4c6f-42c8-91a0-b14fdbd777da,2,1,80,190,222976,458,180,223624,223166,190,719,91,1
8605360c-4c6f-42c8-91a0-b14fdbd777da,2,1,81,225,223616,206,43,224047,223841,225,186,60,1
8605360c-4c6f-42c8-91a0-b14fdbd777da,2,1,82,1616,224000,893,630,226509,225616,1616,3151,93,2
8605360c-4c6f-42c8-91a0-b14fdbd777da,2,1,83,2463,226432,3322,809,232217,228895,2463,3867,78,1
8605360c-4c6f-42c8-91a0-b14fdbd777da,2,1,84,196,232064,485,52,232745,232260,196,225,0,2
8605360c-4c6f-42c8-91a0-b14fdbd777da,2,1,85,214,232704,560,150,233478,232918,214,637,101,2
8605360c-4c6f-42c8-91a0-b14fdbd777da,2,1,86,2678,233472,384,197,236534,236150,2678,792,0,2
8605360c-4c6f-42c8-91a0-b14fdbd777da,2,1,87,1409,236416,207,117,238032,237825,1409,496,0,1
8605360c-4c6f-42c8-91a0-b14fdbd777da,2,1,88,413,237952,328,96,238693,238365,413,333,0,2
8605360c-4c6f-42c8-91a0-b14fdbd777da,2,1,89,296,238592,155,40,239043,238888,296,202,74,1
8605360c-4c6f-42c8-91a0-b14fdbd777da,2,1,90,606,238976,93,0,239675,239582,606,0,0,1
8605360c-4c6f-42c8-91a0-b14fdbd777da,2,1,91,1816,239616,264,87,241696,241432,1816,348,0,2
8605360c-4c6f-42c8-91a0-b14fdbd777da,2,1,92,4939,241664,4200,897,250803,246603,4939,3197,75,1
8605360c-4c6f-42c8-91a0-b14fdbd777da,2,1,93,2392,250752,1021,330,254165,253144,2392,1244,82,1
8605360c-4c6f-42c8-91a0-b14fdbd777da,2,1,94,256,253952,522,0,254730,254208,256,0,0,2
8605360c-4c6f-42c8-91a0-b14fdbd777da,2,1,95,220,254592,513,48,255325,254812,220,191,0,2
8605360c-4c6f-42c8-91a0-b14fdbd777da,2,1,96,175,255232,594,0,256001,255407,175,0,0,2
8605360c-4c6f-42c8-91a0-b14fdbd777da,2,1,97,202,255872,203,68,256277,256074,202,296,0,2
8605360c-4c6f-42c8-91a0-b14fdbd777da,2,1,98,914,256256,323,200,257493,257170,914,932,0,1
8605360c-4c6f-42c8-91a0-b14fdbd777da,2,1,99,228,257280,305,100,257813,257508,228,455,0,1
8605360c-4c6f-42c8-91a0-b14fdbd777da,2,1,100,364,257792,531,135,258687,258156,364,595,0,2
8605360c-4c6f-42c8-91a0-b14fdbd777da,2,1,101,737,258560,291,29,259588,259297,737,127,0,2
8605360c-4c6f-42c8-91a0-b14fdbd777da,2,1,102,198,259584,443,257,260225,259782,198,1136,0,1
8605360c-4c6f-42c8-91a0-b14fdbd777da,2,1,103,1874,260224,4063,833,266161,262098,1874,2950,75,1
8605360c-4c6f-42c8-91a0-b14fdbd777da,2,1,104,791,266112,707,97,267610,266903,791,409,67,1
8605360c-4c6f-42c8-91a0-b14fdbd777da,2,1,105,261,267392,177,0,267830,267653,261,0,0,1
8605360c-4c6f-42c8-91a0-b14fdbd777da,2,1,106,424,267776,356,90,268556,268200,424,304,0,2
8605360c-4c6f-42c8-91a0-b14fdbd777da,2,1,107,222,268416,162,0,268800,268638,222,0,0,1
8605360c-4c6f-42c8-91a0-b14fdbd777da,2,1,108,333,268800,1103,34,270236,269133,333,108,0,2
8605360c-4c6f-42c8-91a0-b14fdbd777da,2,1,109,140,270208,140,45,270488,270348,140,193,0,1
8605360c-4c6f-42c8-91a0-b14fdbd777da,2,1,110,598,270464,1036,0,272098,271062,598,0,0,1
8605360c-4c6f-42c8-91a0-b14fdbd777da,2,1,111,141,272000,212,31,272353,272141,141,148,0,1
8605360c-4c6f-42c8-91a0-b14fdbd777da,2,1,112,415,272256,598,100,273269,272671,415,429,74,1
8605360c-4c6f-42c8-91a0-b14fdbd777da,2,1,113,211,273152,3052,0,276415,273363,211,0,0,1
8605360c-4c6f-42c8-91a0-b14fdbd777da,2,1,114,233,276224,1432,74,277889,276457,233,348,5199,0
8751d743-58c1-4ab8-b071-69ef3942b863,3,1,1,2874,7936,613,310,11423,10810,2874,1188,121,4
8751d743-58c1-4ab8-b071-69ef3942b863,3,1,2,38666,11392,858,403,50916,50058,38666,1550,75,6
8751d743-58c1-4ab8-b071-69ef3942b863,3,1,3,67012,50816,1183,593,119011,117828,67012,2374,78,6
8751d743-58c1-4ab8-b071-69ef3942b863,3,1,4,42474,118912,900,425,162286,161386,42474,1574,51,6
8751d743-58c1-4ab8-b071-69ef3942b863,3,1,5,11522,162176,663,199,174361,173698,11522,743,0,6
8751d743-58c1-4ab8-b071-69ef3942b863,3,1,6,7589,174336,972,490,182897,181925,7589,1852,0,6
8751d743-58c1-4ab8-b071-69ef3942b863,3,1,7,29728,182784,633,446,213145,212512,29728,1741,75,2
8751d743-58c1-4ab8-b071-69ef3942b863,3,1,8,6730,213120,519,179,220369,219850,6730,616,50,5
8751d743-58c1-4ab8-b071-69ef3942b863,3,1,9,23752,220288,1362,973,245402,244040,23752,3502,0,6
8751d743-58c1-4ab8-b071-69ef3942b863,3,1,10,35155,245376,1196,798,281727,280531,35155,3020,0,6
8751d743-58c1-4ab8-b071-69ef3942b863,3,1,11,16501,281600,535,287,298636,298101,16501,938,0,4
8751d743-58c1-4ab8-b071-69ef3942b863,3,1,12,9567,298624,698,500,308889,308191,9567,1910,0,3
8751d743-58c1-4ab8-b071-69ef3942b863,3,1,13,12818,308864,8653,5507,330335,321682,12818,21797,81,1
8751d743-58c1-4ab8-b071-69ef3942b863,3,1,14,4233,326144,2969,38,333346,330377,4233,164,10689,0
8a55607d-c2f7-40a7-8d99-f0d1e5c44581,2,1,1,2836,8064,323,0,11223,10900,2836,0,80,2
8a55607d-c2f7-40a7-8d99-f0d1e5c44581,2,1,2,8320,11136,112,8,19568,19456,8320,40,0,2
8a55607d-c2f7-40a7-8d99-f0d1e5c44581,2,1,3,4201,19328,120,9,23649,23529,4201,36,0,2
8a55607d-c2f7-40a7-8d99-f0d1e5c44581,2,1,4,11045,23552,423,298,35020,34597,11045,1204,0,1
8a55607d-c2f7-40a7-8d99-f0d1e5c44581,2,1,5,967,34944,596,124,36507,35911,967,531,94,4
8a55607d-c2f7-40a7-8d99-f0d1e5c44581,2,1,6,1985,36480,667,139,39132,38465,1985,462,0,4
8a55607d-c2f7-40a7-8d99-f0d1e5c44581,2,1,7,4659,39040,543,126,44242,43699,4659,494,0,4
8a55607d-c2f7-40a7-8d99-f0d1e5c44581,2,1,8,6964,44160,686,204,51810,51124,6964,726,0,4
8a55607d-c2f7-40a7-8d99-f0d1e5c44581,2,1,9,1883,51712,786,142,54381,53595,1883,551,0,4
8a55607d-c2f7-40a7-8d99-f0d1e5c44581,2,1,10,4039,54272,837,252,59148,58311,4039,863,0,4
8a55607d-c2f7-40a7-8d99-f0d1e5c44581,2,1,11,74150,59136,2045,596,135331,133286,74150,2567,111,3
8a55607d-c2f7-40a7-8d99-f0d1e5c44581,2,1,12,3957,135296,532,96,139785,139253,3957,382,0,3
8a55607d-c2f7-40a7-8d99-f0d1e5c44581,2,1,13,851,139776,782,274,141409,140627,851,882,0,4
8a55607d-c2f7-40a7-8d99-f0d1e5c44581,2,1,14,52852,141312,850,234,195014,194164,52852,798,0,4
8a55607d-c2f7-40a7-8d99-f0d1e5c44581,2,1,15,2740,194944,1089,323,198773,197684,2740,1303,0,4
8a55607d-c2f7-40a7-8d99-f0d1e5c44581,2,1,16,11508,198656,701,88,210865,210164,11508,379,0,4
8a55607d-c2f7-40a7-8d99-f0d1e5c44581,2,1,17,1721,210816,563,65,213100,212537,1721,283,0,3
8a55607d-c2f7-40a7-8d99-f0d1e5c44581,2,1,18,1418,212992,334,122,214744,214410,1418,521,0,1
8a55607d-c2f7-40a7-8d99-f0d1e5c44581,2,1,19,231,214528,289,43,215048,214759,231,173,0,1
8a55607d-c2f7-40a7-8d99-f0d1e5c44581,2,1,20,3675,215040,631,243,219346,218715,3675,917,0,3
8a55607d-c2f7-40a7-8d99-f0d1e5c44581,2,1,21,5612,219264,832,305,225708,224876,5612,1316,0,4
8a55607d-c2f7-40a7-8d99-f0d1e5c44581,2,1,22,24057,225664,775,419,250496,249721,24057,1786,0,2
8a55607d-c2f7-40a7-8d99-f0d1e5c44581,2,1,23,1298,250496,478,121,252272,251794,1298,553,0,2
8a55607d-c2f7-40a7-8d99-f0d1e5c44581,2,1,24,809,252160,658,315,253627,252969,809,1433,0,2
8a55607d-c2f7-40a7-8d99-f0d1e5c44581,2,1,25,4245,253568,513,191,258326,257813,4245,799,0,2
8a55607d-c2f7-40a7-8d99-f0d1e5c44581,2,1,26,1306,258304,500,240,260110,259610,1306,941,106,1
8a55607d-c2f7-40a7-8d99-f0d1e5c44581,2,1,27,203,259968,347,176,260518,260171,203,703,0,2
8a55607d-c2f7-40a7-8d99-f0d1e5c44581,2,1,28,334,260480,345,182,261159,260814,334,852,0,2
8a55607d-c2f7-40a7-8d99-f0d1e5c44581,2,1,29,4995,261120,274,133,266389,266115,4995,540,0,1
8a55607d-c2f7-40a7-8d99-f0d1e5c44581,2,1,30,163,266240,374,223,266777,266403,163,895,0,2
8a55607d-c2f7-40a7-8d99-f0d1e5c44581,2,1,31,6983,266752,395,203,274130,273735,6983,847,0,2
8a55607d-c2f7-40a7-8d99-f0d1e5c44581,2,1,32,302,274048,579,244,274929,274350,302,1066,0,2
8a55607d-c2f7-40a7-8d99-f0d1e5c44581,2,1,33,7526,274816,668,304,283010,282342,7526,1260,0,2
8a55607d-c2f7-40a7-8d99-f0d1e5c44581,2,1,34,3229,283008,289,145,286526,286237,3229,633,0,2
8a55607d-c2f7-40a7-8d99-f0d1e5c44581,2,1,35,573,286464,231,81,287268,287037,573,359,0,1
8a55607d-c2f7-40a7-8d99-f0d1e5c44581,2,1,36,205,287104,262,10,287571,287309,205,30,0,2
8a55607d-c2f7-40a7-8d99-f0d1e5c44581,2,1,37,2127,287488,380,243,289995,289615,2127,1108,0,2
8a55607d-c2f7-40a7-8d99-f0d1e5c44581,2,1,38,2457,289920,10920,3947,303297,292377,2457,16298,55,1
8a55607d-c2f7-40a7-8d99-f0d1e5c44581,2,1,39,254,303104,266,63,303624,303358,254,221,0,2
8a55607d-c2f7-40a7-8d99-f0d1e5c44581,2,1,40,223,303488,391,181,304102,303711,223,779,0,2
8a55607d-c2f7-40a7-8d99-f0d1e5c44581,2,1,41,648,304000,429,190,305077,304648,648,835,0,1
8a55607d-c2f7-40a7-8d99-f0d1e5c44581,2,1,42,588,305024,253,96,305865,305612,588,380,0,1
8a55607d-c2f7-40a7-8d99-f0d1e5c44581,2,1,43,2657,305792,1334,697,309783,308449,2657,3200,56,1
8a55607d-c2f7-40a7-8d99-f0d1e5c44581,2,1,44,198,309632,1071,0,310901,309830,198,0,0,1
8a55607d-c2f7-40a7-8d99-f0d1e5c44581,2,1,45,164,310784,625,87,311573,310948,164,370,0,1
8a55607d-c2f7-40a7-8d99-f0d1e5c44581,2,1,46,196,311424,394,0,312014,311620,196,0,0,1
8a55607d-c2f7-40a7-8d99-f0d1e5c44581,2,1,47,253,311808,385,0,312446,312061,253,0,0,1
8a55607d-c2f7-40a7-8d99-f0d1e5c44581,2,1,48,173,312320,151,51,312644,312493,173,197,0,2
8a55607d-c2f7-40a7-8d99-f0d1e5c44581,2,1,49,154,312576,403,301,313133,312730,154,1238,0,1
8a55607d-c2f7-40a7-8d99-f0d1e5c44581,2,1,50,189,312960,6319,330,319468,313149,189,1289,72,1
8a55607d-c2f7-40a7-8d99-f0d1e5c44581,2,1,51,169,319360,135,0,319664,319529,169,0,0,2
8a55607d-c2f7-40a7-8d99-f0d1e5c44581,2,1,52,249,319488,612,316,320349,319737,249,1285,0,1
8a55607d-c2f7-40a7-8d99-f0d1e5c44581,2,1,53,140,320256,510,321,320906,320396,140,1404,0,1
8a55607d-c2f7-40a7-8d99-f0d1e5c44581,2,1,54,178,320768,118,35,321064,320946,178,151,0,1
8a55607d-c2f7-40a7-8d99-f0d1e5c44581,2,1,55,2807,321024,297,274,324128,323831,2807,1127,0,1
8a55607d-c2f7-40a7-8d99-f0d1e5c44581,2,1,56,204,323968,418,100,324590,324172,204,468,0,2
8a55607d-c2f7-40a7-8d99-f0d1e5c44581,2,1,57,162,324480,5411,0,330053,324642,162,0,0,1
8a55607d-c2f7-40a7-8d99-f0d1e5c44581,2,1,58,238,329856,295,85,330389,330094,238,394,0,1
8a55607d-c2f7-40a7-8d99-f0d1e5c44581,2,1,59,177,330240,6063,0,336480,330417,177,0,22528,0
8a55607d-c2f7-40a7-8d99-f0d1e5c44581,2,1,60,4243,336384,1007,888,341634,340627,4243,3514,113,1
8a55607d-c2f7-40a7-8d99-f0d1e5c44581,2,1,61,2304,341632,876,154,344812,343936,2304,564,0,1
8a55607d-c2f7-40a7-8d99-f0d1e5c44581,2,1,62,155,344704,819,0,345678,344859,155,0,0,1
8a55607d-c2f7-40a7-8d99-f0d1e5c44581,2,1,63,253,345472,1395,74,347120,345725,253,276,0,1
8a55607d-c2f7-40a7-8d99-f0d1e5c44581,2,1,64,159,347008,1306,49,348473,347167,159,199,0,1
8a55607d-c2f7-40a7-8d99-f0d1e5c44581,2,1,65,232,348288,402,0,348922,348520,232,0,0,1
8a55607d-c2f7-40a7-8d99-f0d1e5c44581,2,1,66,169,348800,1344,82,350313,348969,169,261,0,1
8a55607d-c2f7-40a7-8d99-f0d1e5c44581,2,1,67,152,350208,137,0,350497,350360,152,0,0,1
8a55607d-c2f7-40a7-8d99-f0d1e5c44581,2,1,68,554,350464,494,279,351512,351018,554,1218,121,1
8a55607d-c2f7-40a7-8d99-f0d1e5c44581,2,1,69,194,351360,1897,0,353451,351554,194,0,0,1
8a55607d-c2f7-40a7-8d99-f0d1e5c44581,2,1,70,212,353280,3909,295,357401,353492,212,1399,14338,0
8af84e58-43fa-4764-a1b4-7912b5822dcf,3,1,1,2794,7936,231,48,10961,10730,2794,228,88,2
8af84e58-43fa-4764-a1b4-7912b5822dcf,3,1,2,1421,10880,837,370,13138,12301,1421,1524,0,3
8af84e58-43fa-4764-a1b4-7912b5822dcf,3,1,3,2561,13056,440,182,16057,15617,2561,732,113,2
8af84e58-43fa-4764-a1b4-7912b5822dcf,3,1,4,475,16000,880,386,17355,16475,475,1467,78,3
8af84e58-43fa-4764-a1b4-7912b5822dcf,3,1,5,3278,17280,1227,687,21785,20558,3278,2815,92,3
8af84e58-43fa-4764-a1b4-7912b5822dcf,3,1,6,2212,21760,1223,742,25195,23972,2212,3019,119,3
8af84e58-43fa-4764-a1b4-7912b5822dcf,3,1,7,480,25088,662,161,26230,25568,480,695,0,3
8af84e58-43fa-4764-a1b4-7912b5822dcf,3,1,8,1362,26112,511,257,27985,27474,1362,1030,88,1
8af84e58-43fa-4764-a1b4-7912b5822dcf,3,1,9,209,27904,207,74,28320,28113,209,305,0,1
8af84e58-43fa-4764-a1b4-7912b5822dcf,3,1,10,1443,28288,680,384,30411,29731,1443,1431,85,1
8af84e58-43fa-4764-a1b4-7912b5822dcf,3,1,11,161,30336,271,122,30768,30497,161,477,0,1
8af84e58-43fa-4764-a1b4-7912b5822dcf,3,1,12,3267,30720,872,454,34859,33987,3267,1778,71,2
8af84e58-43fa-4764-a1b4-7912b5822dcf,3,1,13,3617,34816,522,375,38955,38433,3617,1594,0,1
8af84e58-43fa-4764-a1b4-7912b5822dcf,3,1,14,2269,38912,650,187,41831,41181,2269,759,137,2
8af84e58-43fa-4764-a1b4-7912b5822dcf,3,1,15,765,41728,622,268,43115,42493,765,974,156,2
8af84e58-43fa-4764-a1b4-7912b5822dcf,3,1,16,977,43008,1999,1296,45984,43985,977,5047,156,2
8af84e58-43fa-4764-a1b4-7912b5822dcf,3,1,17,977,45952,537,278,47466,46929,977,1094,0,2
8af84e58-43fa-4764-a1b4-7912b5822dcf,3,1,18,5068,47360,284,86,52712,52428,5068,332,0,2
8af84e58-43fa-4764-a1b4-7912b5822dcf,3,1,19,155,52608,845,525,53608,52763,155,2234,93,1
8af84e58-43fa-4764-a1b4-7912b5822dcf,3,1,20,136,53504,241,33,53881,53640,136,146,0,2
8af84e58-43fa-4764-a1b4-7912b5822dcf,3,1,21,1721,53760,629,320,56110,55481,1721,1265,58,1
8af84e58-43fa-4764-a1b4-7912b5822dcf,3,1,22,198,55936,171,23,56305,56134,198,86,0,1
8af84e58-43fa-4764-a1b4-7912b5822dcf,3,1,23,174,56192,531,251,56897,56366,174,958,0,2
8af84e58-43fa-4764-a1b4-7912b5822dcf,3,1,24,554,56832,783,466,58169,57386,554,1837,0,1
8af84e58-43fa-4764-a1b4-7912b5822dcf,3,1,25,206,57984,528,220,58718,58190,206,954,0,1
8af84e58-43fa-4764-a1b4-7912b5822dcf,3,1,26,136,58624,864,400,59624,58760,136,1300,0,2
8af84e58-43fa-4764-a1b4-7912b5822dcf,3,1,27,199,59520,304,51,60023,59719,199,226,0,1
8af84e58-43fa-4764-a1b4-7912b5822dcf,3,1,28,1004,59904,630,339,61538,60908,1004,1467,0,2
8af84e58-43fa-4764-a1b4-7912b5822dcf,3,1,29,6629,61440,1158,839,69227,68069,6629,3274,97,1
8af84e58-43fa-4764-a1b4-7912b5822dcf,3,1,30,1014,69120,995,416,71129,70134,1014,1692,0,2
8af84e58-43fa-4764-a1b4-7912b5822dcf,3,1,31,1586,71040,454,365,73080,72626,1586,1416,0,1
8af84e58-43fa-4764-a1b4-7912b5822dcf,3,1,32,1091,72960,1038,658,75089,74051,1091,2685,0,2
8af84e58-43fa-4764-a1b4-7912b5822dcf,3,1,33,1484,75008,760,381,77252,76492,1484,1634,0,1
8af84e58-43fa-4764-a1b4-7912b5822dcf,3,1,34,1578,77184,816,445,79578,78762,1578,1763,0,1
8af84e58-43fa-4764-a1b4-7912b5822dcf,3,1,35,948,79488,934,509,81370,80436,948,2088,0,2
8af84e58-43fa-4764-a1b4-7912b5822dcf,3,1,36,3188,81280,1155,581,85623,84468,3188,2268,0,2
8af84e58-43fa-4764-a1b4-7912b5822dcf,3,1,37,1224,85504,2067,1354,88795,86728,1224,5288,141,2
8af84e58-43fa-4764-a1b4-7912b5822dcf,3,1,38,1505,88704,1327,595,91536,90209,1505,2267,77,2
8af84e58-43fa-4764-a1b4-7912b5822dcf,3,1,39,754,91520,1246,565,93520,92274,754,2141,0,2
8af84e58-43fa-4764-a1b4-7912b5822dcf,3,1,40,1525,93440,1532,775,96497,94965,1525,2866,92,2
8af84e58-43fa-4764-a1b4-7912b5822dcf,3,1,41,2503,96384,641,319,99528,98887,2503,1296,73,2
8af84e58-43fa-4764-a1b4-7912b5822dcf,3,1,42,2402,99456,799,433,102657,101858,2402,1830,147,1
8af84e58-43fa-4764-a1b4-7912b5822dcf,3,1,43,651,102656,3475,3147,106782,103307,651,11118,129,1
8af84e58-43fa-4764-a1b4-7912b5822dcf,3,1,44,265,106752,4054,199,111071,107017,265,758,53,1
8af84e58-43fa-4764-a1b4-7912b5822dcf,3,1,45,155,110976,373,28,111504,111131,155,129,0,2
8af84e58-43fa-4764-a1b4-7912b5822dcf,3,1,46,1161,111488,3866,225,116515,112649,1161,849,57,1
8af84e58-43fa-4764-a1b4-7912b5822dcf,3,1,47,223,116352,88,0,116663,116575,223,0,0,1
8af84e58-43fa-4764-a1b4-7912b5822dcf,3,1,48,212,116480,1310,404,118002,116692,212,1555,62,1
8af84e58-43fa-4764-a1b4-7912b5822dcf,3,1,49,160,117888,88,0,118136,118048,160,0,0,1
8af84e58-43fa-4764-a1b4-7912b5822dcf,3,1,50,149,118016,3880,331,122045,118165,149,1313,58,1
8af84e58-43fa-4764-a1b4-7912b5822dcf,3,1,51,249,121856,179,70,122284,122105,249,257,0,1
8af84e58-43fa-4764-a1b4-7912b5822dcf,3,1,52,203,122112,1982,471,124297,122315,203,1903,0,2
8af84e58-43fa-4764-a1b4-7912b5822dcf,3,1,53,200,124160,278,22,124638,124360,200,103,0,1
8af84e58-43fa-4764-a1b4-7912b5822dcf,3,1,54,250,124416,588,0,125254,124666,250,0,1839,0
8bc9d075-fab0-400a-9e01-b232d368ee02,3,1,1,3489,7936,171,0,11596,11425,3489,0,78,2
8bc9d075-fab0-400a-9e01-b232d368ee02,3,1,2,1159,11520,190,23,12869,12679,1159,139,0,2
8bc9d075-fab0-400a-9e01-b232d368ee02,3,1,3,1893,12800,351,121,15044,14693,1893,504,0,2
8bc9d075-fab0-400a-9e01-b232d368ee02,3,1,4,1340,14976,439,173,16755,16316,1340,837,0,1
8bc9d075-fab0-400a-9e01-b232d368ee02,3,1,5,143,16640,4473,19,21256,16783,143,88,0,3
8bc9d075-fab0-400a-9e01-b232d368ee02,3,1,6,200,21120,555,107,21875,21320,200,502,122,2
8bc9d075-fab0-400a-9e01-b232d368ee02,3,1,7,862,21760,576,73,23198,22622,862,346,0,2
8bc9d075-fab0-400a-9e01-b232d368ee02,3,1,8,693,23168,553,44,24414,23861,693,184,0,2
8bc9d075-fab0-400a-9e01-b232d368ee02,3,1,9,624,24320,428,70,25372,24944,624,301,0,2
8bc9d075-fab0-400a-9e01-b232d368ee02,3,1,10,234,25216,399,33,25849,25450,234,147,0,2
8bc9d075-fab0-400a-9e01-b232d368ee02,3,1,11,1080,25728,551,35,27359,26808,1080,162,0,2
8bc9d075-fab0-400a-9e01-b232d368ee02,3,1,12,1149,27264,689,55,29102,28413,1149,224,0,2
8bc9d075-fab0-400a-9e01-b232d368ee02,3,1,13,139,29056,448,123,29643,29195,139,602,0,2
8bc9d075-fab0-400a-9e01-b232d368ee02,3,1,14,251,29568,216,27,30035,29819,251,133,0,2
8bc9d075-fab0-400a-9e01-b232d368ee02,3,1,15,1178,29952,227,68,31357,31130,1178,322,0,2
8bc9d075-fab0-400a-9e01-b232d368ee02,3,1,16,1119,31232,378,64,32729,32351,1119,263,0,2
8bc9d075-fab0-400a-9e01-b232d368ee02,3,1,17,553,32640,409,54,33602,33193,553,264,0,2
8bc9d075-fab0-400a-9e01-b232d368ee02,3,1,18,986,33536,435,56,34957,34522,986,260,0,2
8bc9d075-fab0-400a-9e01-b232d368ee02,3,1,19,472,34944,456,65,35872,35416,472,314,0,2
8bc9d075-fab0-400a-9e01-b232d368ee02,3,1,20,137,35840,258,66,36235,35977,137,303,0,1
8bc9d075-fab0-400a-9e01-b232d368ee02,3,1,21,438,36224,386,58,37048,36662,438,275,0,2
8bc9d075-fab0-400a-9e01-b232d368ee02,3,1,22,1868,36992,340,60,39200,38860,1868,265,0,2
8bc9d075-fab0-400a-9e01-b232d368ee02,3,1,23,1980,39168,574,74,41722,41148,1980,318,0,2
8bc9d075-fab0-400a-9e01-b232d368ee02,3,1,24,1346,41600,547,66,43493,42946,1346,304,0,2
8bc9d075-fab0-400a-9e01-b232d368ee02,3,1,25,308,43392,176,28,43876,43700,308,112,0,2
8bc9d075-fab0-400a-9e01-b232d368ee02,3,1,26,9615,43776,279,130,53670,53391,9615,605,0,2
8bc9d075-fab0-400a-9e01-b232d368ee02,3,1,27,7142,53632,595,159,61369,60774,7142,755,0,2
8bc9d075-fab0-400a-9e01-b232d368ee02,3,1,28,1491,61312,646,184,63449,62803,1491,899,0,2
8bc9d075-fab0-400a-9e01-b232d368ee02,3,1,29,302,63360,449,64,64111,63662,302,301,0,2
8bc9d075-fab0-400a-9e01-b232d368ee02,3,1,30,2596,64000,249,147,66845,66596,2596,709,0,2
8bc9d075-fab0-400a-9e01-b232d368ee02,3,1,31,141,66816,455,0,67412,66957,141,0,0,2
8bc9d075-fab0-400a-9e01-b232d368ee02,3,1,32,259,67328,469,62,68056,67587,259,270,0,2
8bc9d075-fab0-400a-9e01-b232d368ee02,3,1,33,1026,67968,658,62,69652,68994,1026,278,0,2
8bc9d075-fab0-400a-9e01-b232d368ee02,3,1,34,1010,69632,528,46,71170,70642,1010,206,0,2
8bc9d075-fab0-400a-9e01-b232d368ee02,3,1,35,938,71168,551,85,72657,72106,938,433,0,2
8bc9d075-fab0-400a-9e01-b232d368ee02,3,1,36,1468,72576,558,62,74602,74044,1468,305,0,2
8bc9d075-fab0-400a-9e01-b232d368ee02,3,1,37,345,74496,282,51,75123,74841,345,199,0,2
8bc9d075-fab0-400a-9e01-b232d368ee02,3,1,38,724,75008,554,97,76286,75732,724,382,0,2
8bc9d075-fab0-400a-9e01-b232d368ee02,3,1,39,474,76160,399,59,77033,76634,474,313,0,2
8bc9d075-fab0-400a-9e01-b232d368ee02,3,1,40,1281,76928,516,45,78725,78209,1281,204,0,2
8bc9d075-fab0-400a-9e01-b232d368ee02,3,1,41,2356,78720,304,59,81380,81076,2356,232,0,2
8bc9d075-fab0-400a-9e01-b232d368ee02,3,1,42,484,81280,426,243,82190,81764,484,1137,0,2
8bc9d075-fab0-400a-9e01-b232d368ee02,3,1,43,734,82176,404,68,83314,82910,734,312,0,2
8bc9d075-fab0-400a-9e01-b232d368ee02,3,1,44,1496,83200,705,27,85401,84696,1496,130,0,2
8bc9d075-fab0-400a-9e01-b232d368ee02,3,1,45,1379,85376,686,252,87441,86755,1379,1040,0,2
8bc9d075-fab0-400a-9e01-b232d368ee02,3,1,46,654,87424,491,87,88569,88078,654,378,0,2
8bc9d075-fab0-400a-9e01-b232d368ee02,3,1,47,1419,88448,398,74,90265,89867,1419,360,0,2
8bc9d075-fab0-400a-9e01-b232d368ee02,3,1,48,875,90240,521,50,91636,91115,875,202,0,2
8bc9d075-fab0-400a-9e01-b232d368ee02,3,1,49,890,91520,444,48,92854,92410,890,197,0,2
8bc9d075-fab0-400a-9e01-b232d368ee02,3,1,50,791,92800,312,73,93903,93591,791,356,0,2
8bc9d075-fab0-400a-9e01-b232d368ee02,3,1,51,723,93824,572,177,95119,94547,723,834,0,2
8bc9d075-fab0-400a-9e01-b232d368ee02,3,1,52,597,95104,331,109,96032,95701,597,566,0,2
8bc9d075-fab0-400a-9e01-b232d368ee02,3,1,53,3138,96000,656,201,99794,99138,3138,1039,0,2
8bc9d075-fab0-400a-9e01-b232d368ee02,3,1,54,1372,99712,617,97,101701,101084,1372,461,0,2
8bc9d075-fab0-400a-9e01-b232d368ee02,3,1,55,1227,101632,677,154,103536,102859,1227,730,0,2
8bc9d075-fab0-400a-9e01-b232d368ee02,3,1,56,1011,103424,631,59,105066,104435,1011,280,0,2
8bc9d075-fab0-400a-9e01-b232d368ee02,3,1,57,416,104960,661,287,106037,105376,416,1285,0,2
8bc9d075-fab0-400a-9e01-b232d368ee02,3,1,58,1259,105984,535,67,107778,107243,1259,298,0,2
8bc9d075-fab0-400a-9e01-b232d368ee02,3,1,59,753,107776,283,56,108812,108529,753,271,0,2
8bc9d075-fab0-400a-9e01-b232d368ee02,3,1,60,571,108800,360,56,109731,109371,571,240,0,1
8bc9d075-fab0-400a-9e01-b232d368ee02,3,1,61,1227,109696,732,172,111655,110923,1227,744,0,2
8bc9d075-fab0-400a-9e01-b232d368ee02,3,1,62,344,111616,482,64,112442,111960,344,353,0,2
8bc9d075-fab0-400a-9e01-b232d368ee02,3,1,63,784,112384,527,100,113695,113168,784,495,0,2
8bc9d075-fab0-400a-9e01-b232d368ee02,3,1,64,502,113664,570,46,114736,114166,502,250,0,2
8bc9d075-fab0-400a-9e01-b232d368ee02,3,1,65,326,114688,519,53,115533,115014,326,221,0,1
8bc9d075-fab0-400a-9e01-b232d368ee02,3,1,66,245,115456,571,54,116272,115701,245,219,0,1
8bc9d075-fab0-400a-9e01-b232d368ee02,3,1,67,158,116224,463,34,116845,116382,158,143,0,2
8bc9d075-fab0-400a-9e01-b232d368ee02,3,1,68,185,116736,6648,61,123569,116921,185,266,28,1
8bc9d075-fab0-400a-9e01-b232d368ee02,3,1,69,233,123392,514,91,124139,123625,233,442,0,2
8bc9d075-fab0-400a-9e01-b232d368ee02,3,1,70,749,124032,419,40,125200,124781,749,197,0,2
8bc9d075-fab0-400a-9e01-b232d368ee02,3,1,71,800,125184,528,102,126512,125984,800,482,0,2
8bc9d075-fab0-400a-9e01-b232d368ee02,3,1,72,256,126336,450,0,127042,126592,256,0,0,2
8bc9d075-fab0-400a-9e01-b232d368ee02,3,1,73,146,126976,140,46,127262,127122,146,199,0,1
8bc9d075-fab0-400a-9e01-b232d368ee02,3,1,74,748,127232,94,0,128074,127980,748,0,0,1
8bc9d075-fab0-400a-9e01-b232d368ee02,3,1,75,1611,128000,552,87,130163,129611,1611,350,0,1
8bc9d075-fab0-400a-9e01-b232d368ee02,3,1,76,351,130048,479,68,130878,130399,351,287,0,1
8bc9d075-fab0-400a-9e01-b232d368ee02,3,1,77,232,130688,614,66,131534,130920,232,288,0,1
8bc9d075-fab0-400a-9e01-b232d368ee02,3,1,78,248,131328,443,67,132019,131576,248,291,0,1
8bc9d075-fab0-400a-9e01-b232d368ee02,3,1,79,197,131968,383,73,132548,132165,197,348,0,1
8bc9d075-fab0-400a-9e01-b232d368ee02,3,1,80,259,132352,477,93,133088,132611,259,394,0,2
8bc9d075-fab0-400a-9e01-b232d368ee02,3,1,81,716,132992,566,31,134274,133708,716,152,0,2
8bc9d075-fab0-400a-9e01-b232d368ee02,3,1,82,233,134272,147,18,134652,134505,233,70,0,1
8bc9d075-fab0-400a-9e01-b232d368ee02,3,1,83,804,134528,596,59,135928,135332,804,256,0,1
8bc9d075-fab0-400a-9e01-b232d368ee02,3,1,84,162,135808,159,0,136129,135970,162,0,0,1
8bc9d075-fab0-400a-9e01-b232d368ee02,3,1,85,247,135936,6494,512,142677,136183,247,2210,90,1
8bc9d075-fab0-400a-9e01-b232d368ee02,3,1,86,141,142592,412,0,143145,142733,141,0,0,2
8bc9d075-fab0-400a-9e01-b232d368ee02,3,1,87,1535,143104,685,57,145324,144639,1535,226,0,2
8bc9d075-fab0-400a-9e01-b232d368ee02,3,1,88,170,145280,428,87,145878,145450,170,416,0,1
8bc9d075-fab0-400a-9e01-b232d368ee02,3,1,89,204,145792,121,54,146117,145996,204,262,0,1
8bc9d075-fab0-400a-9e01-b232d368ee02,3,1,90,2481,146048,923,166,149452,148529,2481,782,0,1
8bc9d075-fab0-400a-9e01-b232d368ee02,3,1,91,246,149248,492,0,149986,149494,246,0,0,1
8bc9d075-fab0-400a-9e01-b232d368ee02,3,1,92,140,149888,269,0,150297,150028,140,0,0,1
8bc9d075-fab0-400a-9e01-b232d368ee02,3,1,93,195,150144,239,0,150578,150339,195,0,0,1
8bc9d075-fab0-400a-9e01-b232d368ee02,3,1,94,220,150400,395,52,151015,150620,220,233,0,1
8bc9d075-fab0-400a-9e01-b232d368ee02,3,1,95,181,150912,221,70,151314,151093,181,305,0,1
8bc9d075-fab0-400a-9e01-b232d368ee02,3,1,96,284,151296,355,54,151935,151580,284,237,0,1
8bc9d075-fab0-400a-9e01-b232d368ee02,3,1,97,169,151808,94,0,152071,151977,169,0,0,1
8bc9d075-fab0-400a-9e01-b232d368ee02,3,1,98,1592,152064,183,89,153839,153656,1592,367,0,1
8bc9d075-fab0-400a-9e01-b232d368ee02,3,1,99,2976,153728,136,37,156840,156704,2976,182,0,1
8bc9d075-fab0-400a-9e01-b232d368ee02,3,1,100,191,156672,857,0,157720,156863,191,0,0,1
8bc9d075-fab0-400a-9e01-b232d368ee02,3,1,101,192,157568,333,0,158093,157760,192,0,0,1
8bc9d075-fab0-400a-9e01-b232d368ee02,3,1,102,169,157952,739,0,158860,158121,169,0,2731,0
8e5bc453-00b8-4d6d-8809-d06846ad9c63,3,1,1,3023,7936,202,0,11161,10959,3023,0,124,2
8e5bc453-00b8-4d6d-8809-d06846ad9c63,3,1,2,1371,11136,482,105,12989,12507,1371,354,0,2
8e5bc453-00b8-4d6d-8809-d06846ad9c63,3,1,3,361,12928,377,58,13666,13289,361,212,0,2
8e5bc453-00b8-4d6d-8809-d06846ad9c63,3,1,4,12247,13568,488,87,26303,25815,12247,324,0,2
8e5bc453-00b8-4d6d-8809-d06846ad9c63,3,1,5,1822,25984,559,61,28365,27806,1822,252,0,2
8e5bc453-00b8-4d6d-8809-d06846ad9c63,3,1,6,1997,28288,774,275,31059,30285,1997,860,0,2
8e5bc453-00b8-4d6d-8809-d06846ad9c63,3,1,7,850,30976,948,218,32774,31826,850,595,0,2
8e5bc453-00b8-4d6d-8809-d06846ad9c63,3,1,8,308,32768,456,85,33532,33076,308,306,0,2
8e5bc453-00b8-4d6d-8809-d06846ad9c63,3,1,9,1295,33408,438,119,35141,34703,1295,421,0,2
8e5bc453-00b8-4d6d-8809-d06846ad9c63,3,1,10,1522,35072,669,354,37263,36594,1522,1265,0,2
8e5bc453-00b8-4d6d-8809-d06846ad9c63,3,1,11,2739,37248,939,426,40926,39987,2739,1620,0,2
8e5bc453-00b8-4d6d-8809-d06846ad9c63,3,1,12,345,40832,650,384,41827,41177,345,1502,0,2
8e5bc453-00b8-4d6d-8809-d06846ad9c63,3,1,13,1471,41728,703,116,43902,43199,1471,413,0,2
8e5bc453-00b8-4d6d-8809-d06846ad9c63,3,1,14,811,43776,471,151,45058,44587,811,584,0,2
8e5bc453-00b8-4d6d-8809-d06846ad9c63,3,1,15,1687,45056,1132,531,47875,46743,1687,1991,0,2
8e5bc453-00b8-4d6d-8809-d06846ad9c63,3,1,16,572,47872,402,82,48846,48444,572,274,0,2
8e5bc453-00b8-4d6d-8809-d06846ad9c63,3,1,17,6205,48768,882,205,55855,54973,6205,736,0,2
8e5bc453-00b8-4d6d-8809-d06846ad9c63,3,1,18,3690,55808,623,348,60121,59498,3690,1187,104,2
8e5bc453-00b8-4d6d-8809-d06846ad9c63,3,1,19,4168,60032,1031,637,65231,64200,4168,2300,0,2
8e5bc453-00b8-4d6d-8809-d06846ad9c63,3,1,20,1901,65152,1109,709,68162,67053,1901,2789,0,2
8e5bc453-00b8-4d6d-8809-d06846ad9c63,3,1,21,1951,68096,1047,439,71094,70047,1951,1643,0,2
8e5bc453-00b8-4d6d-8809-d06846ad9c63,3,1,22,3776,71040,747,420,75563,74816,3776,1615,0,2
8e5bc453-00b8-4d6d-8809-d06846ad9c63,3,1,23,2105,75520,627,156,78252,77625,2105,455,81,2
8e5bc453-00b8-4d6d-8809-d06846ad9c63,3,1,24,1612,78208,678,161,80498,79820,1612,619,0,2
8e5bc453-00b8-4d6d-8809-d06846ad9c63,3,1,25,383,80384,566,60,81333,80767,383,218,73,1
8e5bc453-00b8-4d6d-8809-d06846ad9c63,3,1,26,753,81280,611,184,82644,82033,753,559,0,2
8e5bc453-00b8-4d6d-8809-d06846ad9c63,3,1,27,499,82560,817,427,83876,83059,499,1205,0,2
8e5bc453-00b8-4d6d-8809-d06846ad9c63,3,1,28,1142,83840,655,281,85637,84982,1142,785,0,1
8e5bc453-00b8-4d6d-8809-d06846ad9c63,3,1,29,552,85632,711,375,86895,86184,552,1217,0,2
8e5bc453-00b8-4d6d-8809-d06846ad9c63,3,1,30,1265,86784,515,286,88564,88049,1265,1016,0,2
8e5bc453-00b8-4d6d-8809-d06846ad9c63,3,1,31,2381,88448,822,345,91651,90829,2381,1255,0,2
8e5bc453-00b8-4d6d-8809-d06846ad9c63,3,1,32,1772,91648,582,209,94002,93420,1772,682,0,1
8e5bc453-00b8-4d6d-8809-d06846ad9c63,3,1,33,206,93824,699,231,94729,94030,206,799,0,2
8e5bc453-00b8-4d6d-8809-d06846ad9c63,3,1,34,342,94720,776,488,95838,95062,342,1596,0,2
8e5bc453-00b8-4d6d-8809-d06846ad9c63,3,1,35,2300,95744,674,284,98718,98044,2300,991,0,2
8e5bc453-00b8-4d6d-8809-d06846ad9c63,3,1,36,1708,98688,596,284,100992,100396,1708,1082,0,2
8e5bc453-00b8-4d6d-8809-d06846ad9c63,3,1,37,2140,100992,699,209,103831,103132,2140,753,0,2
8e5bc453-00b8-4d6d-8809-d06846ad9c63,3,1,38,2163,103808,981,369,106952,105971,2163,1425,0,2
8e5bc453-00b8-4d6d-8809-d06846ad9c63,3,1,39,1056,106880,634,256,108570,107936,1056,894,0,2
8e5bc453-00b8-4d6d-8809-d06846ad9c63,3,1,40,1254,108544,568,261,110366,109798,1254,1023,0,1
8e5bc453-00b8-4d6d-8809-d06846ad9c63,3,1,41,278,110336,6979,2367,117593,110614,278,8202,55,1
8e5bc453-00b8-4d6d-8809-d06846ad9c63,3,1,42,143,117504,177,27,117824,117647,143,125,0,1
8e5bc453-00b8-4d6d-8809-d06846ad9c63,3,1,43,138,117760,4547,231,122445,117898,138,1019,101,1
8e5bc453-00b8-4d6d-8809-d06846ad9c63,3,1,44,259,122240,120,0,122619,122499,259,0,0,1
8e5bc453-00b8-4d6d-8809-d06846ad9c63,3,1,45,149,122496,742,177,123387,122645,149,815,68,1
8e5bc453-00b8-4d6d-8809-d06846ad9c63,3,1,46,163,123264,1321,0,124748,123427,163,0,0,1
8e5bc453-00b8-4d6d-8809-d06846ad9c63,3,1,47,244,124544,119,0,124907,124788,244,0,0,1
8e5bc453-00b8-4d6d-8809-d06846ad9c63,3,1,48,194,124800,1620,154,126614,124994,194,628,0,2
8e5bc453-00b8-4d6d-8809-d06846ad9c63,3,1,49,227,126464,4375,0,131066,126691,227,0,13972,0
91004cb5-9eb3-4dce-a088-e6396350299a,2,1,1,2763,7936,150,0,10849,10699,2763,0,119,2
91004cb5-9eb3-4dce-a088-e6396350299a,2,1,2,1106,10752,277,86,12135,11858,1106,321,104,2
91004cb5-9eb3-4dce-a088-e6396350299a,2,1,3,995,12032,223,67,13250,13027,995,268,0,2
91004cb5-9eb3-4dce-a088-e6396350299a,2,1,4,851,13184,256,57,14291,14035,851,240,79,2
91004cb5-9eb3-4dce-a088-e6396350299a,2,1,5,1813,14208,424,121,16445,16021,1813,523,66,1
91004cb5-9eb3-4dce-a088-e6396350299a,2,1,6,178,16384,495,113,17057,16562,178,502,0,2
91004cb5-9eb3-4dce-a088-e6396350299a,2,1,7,297,17024,238,108,17559,17321,297,406,0,2
91004cb5-9eb3-4dce-a088-e6396350299a,2,1,8,13760,17536,531,195,31827,31296,13760,770,91,2
91004cb5-9eb3-4dce-a088-e6396350299a,2,1,9,5676,31744,1098,492,38518,37420,5676,1926,83,2
91004cb5-9eb3-4dce-a088-e6396350299a,2,1,10,307,38400,150,13,38857,38707,307,36,0,1
91004cb5-9eb3-4dce-a088-e6396350299a,2,1,11,379,38784,219,59,39382,39163,379,258,0,1
91004cb5-9eb3-4dce-a088-e6396350299a,2,1,12,174,39296,406,60,39876,39470,174,248,64,1
91004cb5-9eb3-4dce-a088-e6396350299a,2,1,13,245,39680,333,0,40258,39925,245,0,0,1
91004cb5-9eb3-4dce-a088-e6396350299a,2,1,14,228,40064,322,52,40614,40292,228,211,76,1
91004cb5-9eb3-4dce-a088-e6396350299a,2,1,15,181,40448,194,0,40823,40629,181,0,0,2
91004cb5-9eb3-4dce-a088-e6396350299a,2,1,16,161,40704,350,183,41215,40865,161,726,0,2
91004cb5-9eb3-4dce-a088-e6396350299a,2,1,17,3631,41088,668,228,45387,44719,3631,806,0,2
91004cb5-9eb3-4dce-a088-e6396350299a,2,1,18,306,45312,200,136,45818,45618,306,517,0,2
91004cb5-9eb3-4dce-a088-e6396350299a,2,1,19,663,45696,164,13,46523,46359,663,55,0,2
91004cb5-9eb3-4dce-a088-e6396350299a,2,1,20,421,46464,330,124,47215,46885,421,519,0,2
91004cb5-9eb3-4dce-a088-e6396350299a,2,1,21,1683,47104,929,389,49716,48787,1683,1551,113,2
91004cb5-9eb3-4dce-a088-e6396350299a,2,1,22,874,49664,229,66,50767,50538,874,247,0,2
91004cb5-9eb3-4dce-a088-e6396350299a,2,1,23,3130,50688,512,285,54330,53818,3130,1125,0,2
91004cb5-9eb3-4dce-a088-e6396350299a,2,1,24,1716,54272,474,338,56462,55988,1716,1449,125,2
91004cb5-9eb3-4dce-a088-e6396350299a,2,1,25,253,56320,367,135,56940,56573,253,529,0,1
91004cb5-9eb3-4dce-a088-e6396350299a,2,1,26,779,56832,334,105,57945,57611,779,431,0,1
91004cb5-9eb3-4dce-a088-e6396350299a,2,1,27,149,57856,228,33,58233,58005,149,132,0,1
91004cb5-9eb3-4dce-a088-e6396350299a,2,1,28,1142,58112,752,262,60006,59254,1142,969,67,2
91004cb5-9eb3-4dce-a088-e6396350299a,2,1,29,1539,59904,373,297,61816,61443,1539,1129,0,1
91004cb5-9eb3-4dce-a088-e6396350299a,2,1,30,219,61696,585,116,62500,61915,219,346,0,2
91004cb5-9eb3-4dce-a088-e6396350299a,2,1,31,245,62336,513,54,63094,62581,245,200,0,2
91004cb5-9eb3-4dce-a088-e6396350299a,2,1,32,189,62976,210,58,63375,63165,189,190,0,2
91004cb5-9eb3-4dce-a088-e6396350299a,2,1,33,1761,63360,654,362,65775,65121,1761,1462,0,2
91004cb5-9eb3-4dce-a088-e6396350299a,2,1,34,1951,65664,354,183,67969,67615,1951,675,70,2
91004cb5-9eb3-4dce-a088-e6396350299a,2,1,35,1978,67968,500,349,70446,69946,1978,1116,0,2
91004cb5-9eb3-4dce-a088-e6396350299a,2,1,36,2344,70400,510,313,73254,72744,2344,1124,0,2
91004cb5-9eb3-4dce-a088-e6396350299a,2,1,37,2472,73216,877,336,76565,75688,2472,1219,59,2
91004cb5-9eb3-4dce-a088-e6396350299a,2,1,38,242,76416,281,64,76939,76658,242,240,0,1
91004cb5-9eb3-4dce-a088-e6396350299a,2,1,39,188,76800,645,0,77633,76988,188,0,0,2
91004cb5-9eb3-4dce-a088-e6396350299a,2,1,40,1308,77568,575,154,79451,78876,1308,559,0,2
91004cb5-9eb3-4dce-a088-e6396350299a,2,1,41,203,79360,320,102,79883,79563,203,348,0,1
91004cb5-9eb3-4dce-a088-e6396350299a,2,1,42,563,79872,420,198,80855,80435,563,799,0,2
91004cb5-9eb3-4dce-a088-e6396350299a,2,1,43,2760,80768,348,200,83876,83528,2760,714,0,2
91004cb5-9eb3-4dce-a088-e6396350299a,2,1,44,2521,83840,527,332,86888,86361,2521,1275,0,2
91004cb5-9eb3-4dce-a088-e6396350299a,2,1,45,2422,86784,437,247,89643,89206,2422,919,0,2
91004cb5-9eb3-4dce-a088-e6396350299a,2,1,46,1083,89600,732,270,91415,90683,1083,1047,0,2
91004cb5-9eb3-4dce-a088-e6396350299a,2,1,47,948,91136,424,87,92508,92084,948,333,0,2
91004cb5-9eb3-4dce-a088-e6396350299a,2,1,48,1539,92416,537,218,94492,93955,1539,813,0,2
91004cb5-9eb3-4dce-a088-e6396350299a,2,1,49,1299,94464,638,138,96401,95763,1299,505,0,2
91004cb5-9eb3-4dce-a088-e6396350299a,2,1,50,388,96384,620,148,97392,96772,388,559,0,2
91004cb5-9eb3-4dce-a088-e6396350299a,2,1,51,508,97280,839,522,98627,97788,508,2030,0,2
91004cb5-9eb3-4dce-a088-e6396350299a,2,1,52,2659,98560,162,57,101381,101219,2659,226,0,1
91004cb5-9eb3-4dce-a088-e6396350299a,2,1,53,190,101248,382,212,101820,101438,190,768,0,2
91004cb5-9eb3-4dce-a088-e6396350299a,2,1,54,895,101760,243,61,102898,102655,895,210,80,1
91004cb5-9eb3-4dce-a088-e6396350299a,2,1,55,210,102784,301,101,103295,102994,210,335,0,1
91004cb5-9eb3-4dce-a088-e6396350299a,2,1,56,1139,103168,407,176,104714,104307,1139,598,75,2
91004cb5-9eb3-4dce-a088-e6396350299a,2,1,57,1815,104704,682,402,107201,106519,1815,1411,0,2
91004cb5-9eb3-4dce-a088-e6396350299a,2,1,58,721,107136,475,246,108332,107857,721,860,0,2
91004cb5-9eb3-4dce-a088-e6396350299a,2,1,59,1579,108288,771,478,110638,109867,1579,1673,0,2
91004cb5-9eb3-4dce-a088-e6396350299a,2,1,60,661,110592,889,476,112142,111253,661,1763,0,2
91004cb5-9eb3-4dce-a088-e6396350299a,2,1,61,6729,112128,413,224,119270,118857,6729,929,0,1
91004cb5-9eb3-4dce-a088-e6396350299a,2,1,62,248,119168,601,181,120017,119416,248,676,0,2
91004cb5-9eb3-4dce-a088-e6396350299a,2,1,63,849,119936,272,51,121057,120785,849,236,0,2
91004cb5-9eb3-4dce-a088-e6396350299a,2,1,64,2579,120960,555,245,124094,123539,2579,978,0,2
91004cb5-9eb3-4dce-a088-e6396350299a,2,1,65,616,124032,511,379,125159,124648,616,1497,0,2
91004cb5-9eb3-4dce-a088-e6396350299a,2,1,66,3248,125056,1129,648,129433,128304,3248,2636,0,2
91004cb5-9eb3-4dce-a088-e6396350299a,2,1,67,191,129280,174,69,129645,129471,191,276,0,2
91004cb5-9eb3-4dce-a088-e6396350299a,2,1,68,5866,129536,381,136,135783,135402,5866,588,0,1
91004cb5-9eb3-4dce-a088-e6396350299a,2,1,69,447,135680,164,71,136291,136127,447,314,0,1
91004cb5-9eb3-4dce-a088-e6396350299a,2,1,70,1409,136192,286,193,137887,137601,1409,687,0,1
91004cb5-9eb3-4dce-a088-e6396350299a,2,1,71,1519,137856,248,97,139623,139375,1519,417,0,1
91004cb5-9eb3-4dce-a088-e6396350299a,2,1,72,169,139520,358,196,140047,139689,169,742,0,2
91004cb5-9eb3-4dce-a088-e6396350299a,2,1,73,3427,140032,318,192,143777,143459,3427,821,0,2
91004cb5-9eb3-4dce-a088-e6396350299a,2,1,74,158,143744,230,60,144132,143902,158,253,0,1
91004cb5-9eb3-4dce-a088-e6396350299a,2,1,75,1805,144128,8263,4944,154196,145933,1805,17391,55,1
91004cb5-9eb3-4dce-a088-e6396350299a,2,1,76,1118,154112,265,46,155495,155230,1118,196,0,1
91004cb5-9eb3-4dce-a088-e6396350299a,2,1,77,922,155392,294,161,156608,156314,922,698,102,2
91004cb5-9eb3-4dce-a088-e6396350299a,2,1,78,11175,156544,266,94,167985,167719,11175,421,0,1
91004cb5-9eb3-4dce-a088-e6396350299a,2,1,79,901,167936,360,270,169197,168837,901,1250,66,1
91004cb5-9eb3-4dce-a088-e6396350299a,2,1,80,2765,169088,1360,386,173213,171853,2765,1778,59,1
91004cb5-9eb3-4dce-a088-e6396350299a,2,1,81,202,173056,168,81,173426,173258,202,318,0,1
91004cb5-9eb3-4dce-a088-e6396350299a,2,1,82,142,173312,4115,365,177569,173454,142,1295,0,1
91004cb5-9eb3-4dce-a088-e6396350299a,2,1,83,348,177536,88,0,177972,177884,348,0,0,1
91004cb5-9eb3-4dce-a088-e6396350299a,2,1,84,208,177792,4305,596,182305,178000,208,2220,36,1
91004cb5-9eb3-4dce-a088-e6396350299a,2,1,85,151,182272,132,0,182555,182423,151,0,0,1
91004cb5-9eb3-4dce-a088-e6396350299a,2,1,86,179,182400,1261,166,183840,182579,179,578,0,1
91004cb5-9eb3-4dce-a088-e6396350299a,2,1,87,205,183680,1143,0,185028,183885,205,0,0,1
91004cb5-9eb3-4dce-a088-e6396350299a,2,1,88,241,184832,130,41,185203,185073,241,165,0,1
91004cb5-9eb3-4dce-a088-e6396350299a,2,1,89,143,185088,3867,0,189098,185231,143,0,0,1
91004cb5-9eb3-4dce-a088-e6396350299a,2,1,90,215,188928,221,82,189364,189143,215,346,0,1
91004cb5-9eb3-4dce-a088-e6396350299a,2,1,91,210,189184,1076,446,190470,189394,210,1686,0,1
91004cb5-9eb3-4dce-a088-e6396350299a,2,1,92,179,190336,301,30,190816,190515,179,129,0,1
91004cb5-9eb3-4dce-a088-e6396350299a,2,1,93,141,190720,171,0,191032,190861,141,0,0,1
91004cb5-9eb3-4dce-a088-e6396350299a,2,1,94,296,190976,132,67,191404,191272,296,288,0,1
91004cb5-9eb3-4dce-a088-e6396350299a,2,1,95,3743,191360,163,51,195266,195103,3743,222,62,1
91004cb5-9eb3-4dce-a088-e6396350299a,2,1,96,220,195072,1368,0,196660,195292,220,0,0,1
91004cb5-9eb3-4dce-a088-e6396350299a,2,1,97,222,196480,3670,0,200372,196702,222,0,13532,0
98b0ee43-1076-4c8e-8f8a-9512a5c4cdac,2,1,1,3087,7936,214,0,11237,11023,3087,0,96,2
98b0ee43-1076-4c8e-8f8a-9512a5c4cdac,2,1,2,779,11136,383,56,12298,11915,779,214,58,2
98b0ee43-1076-4c8e-8f8a-9512a5c4cdac,2,1,3,238,12288,562,50,13088,12526,238,222,79,2
98b0ee43-1076-4c8e-8f8a-9512a5c4cdac,2,1,4,436,13056,635,113,14127,13492,436,490,102,2
98b0ee43-1076-4c8e-8f8a-9512a5c4cdac,2,1,5,911,14080,929,183,15920,14991,911,682,122,2
98b0ee43-1076-4c8e-8f8a-9512a5c4cdac,2,1,6,338,15872,384,46,16594,16210,338,215,82,2
98b0ee43-1076-4c8e-8f8a-9512a5c4cdac,2,1,7,2702,16512,697,250,19911,19214,2702,973,100,2
98b0ee43-1076-4c8e-8f8a-9512a5c4cdac,2,1,8,2934,19840,919,337,23693,22774,2934,1275,116,1
98b0ee43-1076-4c8e-8f8a-9512a5c4cdac,2,1,9,162,23552,584,32,24298,23714,162,148,0,1
98b0ee43-1076-4c8e-8f8a-9512a5c4cdac,2,1,10,1183,24192,561,241,25936,25375,1183,851,114,1
98b0ee43-1076-4c8e-8f8a-9512a5c4cdac,2,1,11,294,25856,353,94,26503,26150,294,331,108,2
98b0ee43-1076-4c8e-8f8a-9512a5c4cdac,2,1,12,781,26496,598,119,27875,27277,781,510,0,2
98b0ee43-1076-4c8e-8f8a-9512a5c4cdac,2,1,13,840,27776,596,137,29212,28616,840,540,66,2
98b0ee43-1076-4c8e-8f8a-9512a5c4cdac,2,1,14,2629,29184,735,259,32548,31813,2629,1017,149,2
98b0ee43-1076-4c8e-8f8a-9512a5c4cdac,2,1,15,3693,32512,623,116,36828,36205,3693,461,92,2
98b0ee43-1076-4c8e-8f8a-9512a5c4cdac,2,1,16,452,36736,503,59,37691,37188,452,224,93,2
98b0ee43-1076-4c8e-8f8a-9512a5c4cdac,2,1,17,989,37632,475,123,39096,38621,989,437,127,2
98b0ee43-1076-4c8e-8f8a-9512a5c4cdac,2,1,18,1505,39040,363,159,40908,40545,1505,727,71,2
98b0ee43-1076-4c8e-8f8a-9512a5c4cdac,2,1,19,2073,40832,1782,279,44687,42905,2073,1094,119,2
98b0ee43-1076-4c8e-8f8a-9512a5c4cdac,2,1,20,205,44544,738,90,45487,44749,205,353,0,2
98b0ee43-1076-4c8e-8f8a-9512a5c4cdac,2,1,21,175,45440,550,87,46165,45615,175,313,75,2
98b0ee43-1076-4c8e-8f8a-9512a5c4cdac,2,1,22,774,46080,522,125,47376,46854,774,514,112,2
98b0ee43-1076-4c8e-8f8a-9512a5c4cdac,2,1,23,3398,47360,700,195,51458,50758,3398,720,0,2
98b0ee43-1076-4c8e-8f8a-9512a5c4cdac,2,1,24,3074,51200,593,129,54867,54274,3074,474,95,2
98b0ee43-1076-4c8e-8f8a-9512a5c4cdac,2,1,25,1439,54784,613,185,56836,56223,1439,740,74,2
98b0ee43-1076-4c8e-8f8a-9512a5c4cdac,2,1,26,1904,56448,906,264,59258,58352,1904,1026,122,2
98b0ee43-1076-4c8e-8f8a-9512a5c4cdac,2,1,27,2262,59136,537,183,61935,61398,2262,759,102,1
98b0ee43-1076-4c8e-8f8a-9512a5c4cdac,2,1,28,3813,61824,749,317,66386,65637,3813,1083,87,2
98b0ee43-1076-4c8e-8f8a-9512a5c4cdac,2,1,29,971,66304,1043,289,68318,67275,971,999,100,2
98b0ee43-1076-4c8e-8f8a-9512a5c4cdac,2,1,30,1798,68224,837,243,70859,70022,1798,914,124,2
98b0ee43-1076-4c8e-8f8a-9512a5c4cdac,2,1,31,2400,70784,704,240,73888,73184,2400,973,99,2
98b0ee43-1076-4c8e-8f8a-9512a5c4cdac,2,1,32,1404,73856,727,196,75987,75260,1404,802,86,1
98b0ee43-1076-4c8e-8f8a-9512a5c4cdac,2,1,33,795,75904,549,173,77248,76699,795,736,93,2
98b0ee43-1076-4c8e-8f8a-9512a5c4cdac,2,1,34,1278,77184,483,115,78945,78462,1278,455,84,2
98b0ee43-1076-4c8e-8f8a-9512a5c4cdac,2,1,35,1104,78848,674,237,80626,79952,1104,1066,87,2
98b0ee43-1076-4c8e-8f8a-9512a5c4cdac,2,1,36,179,80512,557,81,81248,80691,179,326,0,2
98b0ee43-1076-4c8e-8f8a-9512a5c4cdac,2,1,37,461,81152,560,146,82173,81613,461,578,0,2
98b0ee43-1076-4c8e-8f8a-9512a5c4cdac,2,1,38,1313,82048,671,225,84032,83361,1313,852,0,2
98b0ee43-1076-4c8e-8f8a-9512a5c4cdac,2,1,39,1397,83968,374,46,85739,85365,1397,187,0,2
98b0ee43-1076-4c8e-8f8a-9512a5c4cdac,2,1,40,239,85632,365,167,86236,85871,239,716,0,2
98b0ee43-1076-4c8e-8f8a-9512a5c4cdac,2,1,41,738,86144,618,137,87500,86882,738,482,77,2
98b0ee43-1076-4c8e-8f8a-9512a5c4cdac,2,1,42,1008,87424,695,229,89127,88432,1008,861,105,2
98b0ee43-1076-4c8e-8f8a-9512a5c4cdac,2,1,43,839,89088,677,216,90604,89927,839,809,114,2
98b0ee43-1076-4c8e-8f8a-9512a5c4cdac,2,1,44,190,90496,523,126,91209,90686,190,508,0,2
98b0ee43-1076-4c8e-8f8a-9512a5c4cdac,2,1,45,861,91136,613,140,92610,91997,861,489,70,2
98b0ee43-1076-4c8e-8f8a-9512a5c4cdac,2,1,46,352,92544,151,26,93047,92896,352,95,0,1
98b0ee43-1076-4c8e-8f8a-9512a5c4cdac,2,1,47,1140,92928,820,233,94888,94068,1140,861,128,2
98b0ee43-1076-4c8e-8f8a-9512a5c4cdac,2,1,48,504,94848,781,226,96133,95352,504,807,0,2
98b0ee43-1076-4c8e-8f8a-9512a5c4cdac,2,1,49,527,96128,342,47,96997,96655,527,164,55,1
98b0ee43-1076-4c8e-8f8a-9512a5c4cdac,2,1,50,201,96896,429,155,97526,97097,201,499,0,2
98b0ee43-1076-4c8e-8f8a-9512a5c4cdac,2,1,51,1319,97408,635,261,99362,98727,1319,1012,86,2
98b0ee43-1076-4c8e-8f8a-9512a5c4cdac,2,1,52,1327,98944,721,282,100992,100271,1327,1177,80,2
98b0ee43-1076-4c8e-8f8a-9512a5c4cdac,2,1,53,595,100992,9881,2439,111468,101587,595,9287,88,1
98b0ee43-1076-4c8e-8f8a-9512a5c4cdac,2,1,54,161,111360,280,136,111801,111521,161,613,99,2
98b0ee43-1076-4c8e-8f8a-9512a5c4cdac,2,1,55,154,111744,96,23,111994,111898,154,100,70,1
98b0ee43-1076-4c8e-8f8a-9512a5c4cdac,2,1,56,4549,111872,8336,597,124757,116421,4549,2240,138,1
98b0ee43-1076-4c8e-8f8a-9512a5c4cdac,2,1,57,5895,124672,447,85,131014,130567,5895,344,105,2
98b0ee43-1076-4c8e-8f8a-9512a5c4cdac,2,1,58,586,130944,245,152,131775,131530,586,614,0,1
98b0ee43-1076-4c8e-8f8a-9512a5c4cdac,2,1,59,207,131584,7808,264,139599,131791,207,1012,106,1
98b0ee43-1076-4c8e-8f8a-9512a5c4cdac,2,1,60,260,139392,182,44,139834,139652,260,178,0,1
98b0ee43-1076-4c8e-8f8a-9512a5c4cdac,2,1,61,675,139776,6461,232,146912,140451,675,964,81,1
98b0ee43-1076-4c8e-8f8a-9512a5c4cdac,2,1,62,149,146816,133,8,147098,146965,149,34,0,1
98b0ee43-1076-4c8e-8f8a-9512a5c4cdac,2,1,63,180,146944,1945,281,149069,147124,180,1123,56,2
98b0ee43-1076-4c8e-8f8a-9512a5c4cdac,2,1,64,151,148992,1113,22,150256,149143,151,74,0,1
98b0ee43-1076-4c8e-8f8a-9512a5c4cdac,2,1,65,151,150144,121,0,150416,150295,151,0,0,1
98b0ee43-1076-4c8e-8f8a-9512a5c4cdac,2,1,66,172,150272,705,465,151149,150444,172,2074,0,2
98b0ee43-1076-4c8e-8f8a-9512a5c4cdac,2,1,67,223,151040,1436,35,152699,151263,223,159,0,1
98b0ee43-1076-4c8e-8f8a-9512a5c4cdac,2,1,68,162,152576,6466,30,159204,152738,162,133,22455,0
99dae34e-50a3-42d8-b818-f7eda5a3f4f6,1,1,1,2474,7936,202,34,10612,10410,2474,186,113,2
99dae34e-50a3-42d8-b818-f7eda5a3f4f6,1,1,2,1530,10496,261,108,12287,12026,1530,475,0,2
99dae34e-50a3-42d8-b818-f7eda5a3f4f6,1,1,3,435,12160,128,14,12723,12595,435,58,78,2
99dae34e-50a3-42d8-b818-f7eda5a3f4f6,1,1,4,261,12672,292,79,13225,12933,261,395,92,4
99dae34e-50a3-42d8-b818-f7eda5a3f4f6,1,1,5,16112,13184,183,102,29479,29296,16112,500,0,1
99dae34e-50a3-42d8-b818-f7eda5a3f4f6,1,1,6,195,29440,226,96,29861,29635,195,447,0,2
99dae34e-50a3-42d8-b818-f7eda5a3f4f6,1,1,7,11850,29824,329,203,42003,41674,11850,926,67,2
99dae34e-50a3-42d8-b818-f7eda5a3f4f6,1,1,8,1841,41984,3325,493,47150,43825,1841,2448,157,3
99dae34e-50a3-42d8-b818-f7eda5a3f4f6,1,1,9,162,47104,2092,38,49358,47266,162,186,0,2
99dae34e-50a3-42d8-b818-f7eda5a3f4f6,1,1,10,150,49280,248,108,49678,49430,150,536,47,2
99dae34e-50a3-42d8-b818-f7eda5a3f4f6,1,1,11,1020,49664,180,54,50864,50684,1020,272,0,2
99dae34e-50a3-42d8-b818-f7eda5a3f4f6,1,1,12,751,50816,549,75,52116,51567,751,303,0,2
99dae34e-50a3-42d8-b818-f7eda5a3f4f6,1,1,13,831,52096,238,33,53165,52927,831,130,71,2
99dae34e-50a3-42d8-b818-f7eda5a3f4f6,1,1,14,5523,53120,718,157,59361,58643,5523,729,132,2
99dae34e-50a3-42d8-b818-f7eda5a3f4f6,1,1,15,493,59264,406,78,60163,59757,493,366,0,2
99dae34e-50a3-42d8-b818-f7eda5a3f4f6,1,1,16,4552,60160,311,58,65023,64712,4552,266,0,2
99dae34e-50a3-42d8-b818-f7eda5a3f4f6,1,1,17,13612,64896,731,204,79239,78508,13612,965,0,2
99dae34e-50a3-42d8-b818-f7eda5a3f4f6,1,1,18,243,79104,233,47,79580,79347,243,247,0,2
99dae34e-50a3-42d8-b818-f7eda5a3f4f6,1,1,19,3623,79488,447,152,83558,83111,3623,681,0,2
99dae34e-50a3-42d8-b818-f7eda5a3f4f6,1,1,20,12964,83456,368,122,96788,96420,12964,576,113,2
99dae34e-50a3-42d8-b818-f7eda5a3f4f6,1,1,21,1966,96768,292,130,99026,98734,1966,649,0,1
99dae34e-50a3-42d8-b818-f7eda5a3f4f6,1,1,22,345,98944,427,167,99716,99289,345,766,0,2
99dae34e-50a3-42d8-b818-f7eda5a3f4f6,1,1,23,9355,99712,620,214,109687,109067,9355,919,0,2
99dae34e-50a3-42d8-b818-f7eda5a3f4f6,1,1,24,1200,109568,664,92,111432,110768,1200,370,0,2
99dae34e-50a3-42d8-b818-f7eda5a3f4f6,1,1,25,4075,111360,558,172,115993,115435,4075,839,0,2
99dae34e-50a3-42d8-b818-f7eda5a3f4f6,1,1,26,6992,115968,1784,232,124744,122960,6992,1069,106,2
99dae34e-50a3-42d8-b818-f7eda5a3f4f6,1,1,27,2868,124672,839,247,128379,127540,2868,1199,101,2
99dae34e-50a3-42d8-b818-f7eda5a3f4f6,1,1,28,1713,128256,396,177,130365,129969,1713,865,0,2
99dae34e-50a3-42d8-b818-f7eda5a3f4f6,1,1,29,7013,130304,367,54,137684,137317,7013,247,0,1
99dae34e-50a3-42d8-b818-f7eda5a3f4f6,1,1,30,908,137600,635,416,139143,138508,908,2003,0,2
99dae34e-50a3-42d8-b818-f7eda5a3f4f6,1,1,31,3114,139136,128,105,142378,142250,3114,499,0,1
99dae34e-50a3-42d8-b818-f7eda5a3f4f6,1,1,32,265,142336,434,58,143035,142601,265,257,0,1
99dae34e-50a3-42d8-b818-f7eda5a3f4f6,1,1,33,153,142976,496,121,143625,143129,153,585,0,1
99dae34e-50a3-42d8-b818-f7eda5a3f4f6,1,1,34,905,143616,377,64,144898,144521,905,350,0,1
99dae34e-50a3-42d8-b818-f7eda5a3f4f6,1,1,35,765,144896,228,73,145889,145661,765,313,0,1
99dae34e-50a3-42d8-b818-f7eda5a3f4f6,1,1,36,248,145664,137,30,146049,145912,248,135,0,1
99dae34e-50a3-42d8-b818-f7eda5a3f4f6,1,1,37,2075,146048,8880,172,157003,148123,2075,842,79,1
99dae34e-50a3-42d8-b818-f7eda5a3f4f6,1,1,38,261,156800,135,28,157196,157061,261,142,0,1
99dae34e-50a3-42d8-b818-f7eda5a3f4f6,1,1,39,1985,157184,123,57,159292,159169,1985,272,0,1
99dae34e-50a3-42d8-b818-f7eda5a3f4f6,1,1,40,222,159104,23,0,159349,159326,222,0,0,1
99dae34e-50a3-42d8-b818-f7eda5a3f4f6,1,1,41,340,159232,307,190,159879,159572,340,871,0,1
99dae34e-50a3-42d8-b818-f7eda5a3f4f6,1,1,42,2565,159872,155,69,162592,162437,2565,366,0,1
99dae34e-50a3-42d8-b818-f7eda5a3f4f6,1,1,43,179,162432,693,64,163304,162611,179,353,0,2
99dae34e-50a3-42d8-b818-f7eda5a3f4f6,1,1,44,188,163200,132,36,163520,163388,188,171,0,1
99dae34e-50a3-42d8-b818-f7eda5a3f4f6,1,1,45,688,163456,501,0,164645,164144,688,0,0,1
99dae34e-50a3-42d8-b818-f7eda5a3f4f6,1,1,46,209,164480,269,27,164958,164689,209,129,0,2
99dae34e-50a3-42d8-b818-f7eda5a3f4f6,1,1,47,160,164864,23,0,165047,165024,160,0,0,1
99dae34e-50a3-42d8-b818-f7eda5a3f4f6,1,1,48,278,164992,176,71,165446,165270,278,322,0,1
99dae34e-50a3-42d8-b818-f7eda5a3f4f6,1,1,49,220,165376,214,64,165810,165596,220,258,0,1
99dae34e-50a3-42d8-b818-f7eda5a3f4f6,1,1,50,396,165760,647,30,166803,166156,396,157,0,1
99dae34e-50a3-42d8-b818-f7eda5a3f4f6,1,1,51,191,166656,136,19,166983,166847,191,80,0,1
99dae34e-50a3-42d8-b818-f7eda5a3f4f6,1,1,52,246,166784,215,77,167245,167030,246,312,0,1
99dae34e-50a3-42d8-b818-f7eda5a3f4f6,1,1,53,254,167040,7279,125,174573,167294,254,529,93,1
99dae34e-50a3-42d8-b818-f7eda5a3f4f6,1,1,54,167,174464,125,0,174756,174631,167,0,0,1
99dae34e-50a3-42d8-b818-f7eda5a3f4f6,1,1,55,217,174592,7114,142,181923,174809,217,595,45,1
99dae34e-50a3-42d8-b818-f7eda5a3f4f6,1,1,56,1864,181888,403,293,184155,183752,1864,1377,70,1
99dae34e-50a3-42d8-b818-f7eda5a3f4f6,1,1,57,5017,184064,2154,339,191235,189081,5017,1635,0,1
99dae34e-50a3-42d8-b818-f7eda5a3f4f6,1,1,58,175,191104,595,31,191874,191279,175,131,0,2
99dae34e-50a3-42d8-b818-f7eda5a3f4f6,1,1,59,214,191744,1309,29,193267,191958,214,150,0,2
99dae34e-50a3-42d8-b818-f7eda5a3f4f6,1,1,60,1516,193152,2279,356,196947,194668,1516,1822,67,1
99dae34e-50a3-42d8-b818-f7eda5a3f4f6,1,1,61,5541,196864,1652,290,204057,202405,5541,1256,70,1
99dae34e-50a3-42d8-b818-f7eda5a3f4f6,1,1,62,3316,204032,250,93,207598,207348,3316,433,68,1
99dae34e-50a3-42d8-b818-f7eda5a3f4f6,1,1,63,352,207488,6298,178,214138,207840,352,799,149,1
99dae34e-50a3-42d8-b818-f7eda5a3f4f6,1,1,64,180,214016,9988,52,224184,214196,180,274,0,1
99dae34e-50a3-42d8-b818-f7eda5a3f4f6,1,1,65,243,224000,170,0,224413,224243,243,0,0,1
99dae34e-50a3-42d8-b818-f7eda5a3f4f6,1,1,66,244,224256,6190,155,230690,224500,244,649,64,1
99dae34e-50a3-42d8-b818-f7eda5a3f4f6,1,1,67,220,230528,186,0,230934,230748,220,0,0,1
99dae34e-50a3-42d8-b818-f7eda5a3f4f6,1,1,68,189,230784,295,132,231268,230973,189,590,45,1
99dae34e-50a3-42d8-b818-f7eda5a3f4f6,1,1,69,301,231168,2497,63,233966,231469,301,271,0,1
99dae34e-50a3-42d8-b818-f7eda5a3f4f6,1,1,70,258,233728,2034,155,236020,233986,258,620,0,1
99dae34e-50a3-42d8-b818-f7eda5a3f4f6,1,1,71,136,235904,5797,208,241837,236040,136,935,82,1
99dae34e-50a3-42d8-b818-f7eda5a3f4f6,1,1,72,232,241664,127,22,242023,241896,232,102,0,1
99dae34e-50a3-42d8-b818-f7eda5a3f4f6,1,1,73,166,241920,80,0,242166,242086,166,0,0,1
99dae34e-50a3-42d8-b818-f7eda5a3f4f6,1,1,74,317,242048,224,48,242589,242365,317,265,0,1
99dae34e-50a3-42d8-b818-f7eda5a3f4f6,1,1,75,172,242432,352,142,242956,242604,172,672,0,1
99dae34e-50a3-42d8-b818-f7eda5a3f4f6,1,1,76,222,242944,4369,164,247535,243166,222,692,0,1
99dae34e-50a3-42d8-b818-f7eda5a3f4f6,1,1,77,198,247424,2303,175,249925,247622,198,827,0,1
99dae34e-50a3-42d8-b818-f7eda5a3f4f6,1,1,78,180,249856,172,53,250208,250036,180,283,0,1
99dae34e-50a3-42d8-b818-f7eda5a3f4f6,1,1,79,152,250112,322,174,250586,250264,152,839,0,1
99dae34e-50a3-42d8-b818-f7eda5a3f4f6,1,1,80,134,250496,304,169,250934,250630,134,829,0,1
99dae34e-50a3-42d8-b818-f7eda5a3f4f6,1,1,81,254,250880,2867,91,254001,251134,254,357,0,1
99dae34e-50a3-42d8-b818-f7eda5a3f4f6,1,1,82,195,253824,2231,135,256250,254019,195,571,0,1
99dae34e-50a3-42d8-b818-f7eda5a3f4f6,1,1,83,241,256128,898,238,257267,256369,241,1127,0,1
99dae34e-50a3-42d8-b818-f7eda5a3f4f6,1,1,84,314,257152,191,46,257657,257466,314,192,0,1
99dae34e-50a3-42d8-b818-f7eda5a3f4f6,1,1,85,149,257536,1082,95,258767,257685,149,458,0,1
99dae34e-50a3-42d8-b818-f7eda5a3f4f6,1,1,86,225,258560,1594,102,260379,258785,225,379,0,1
99dae34e-50a3-42d8-b818-f7eda5a3f4f6,1,1,87,173,260224,1863,85,262260,260397,173,307,0,1
99dae34e-50a3-42d8-b818-f7eda5a3f4f6,1,1,88,134,262144,1130,240,263408,262278,134,999,0,1
99dae34e-50a3-42d8-b818-f7eda5a3f4f6,1,1,89,258,263168,1286,91,264712,263426,258,344,0,1
99dae34e-50a3-42d8-b818-f7eda5a3f4f6,1,1,90,154,264576,1727,181,266457,264730,154,732,0,1
99dae34e-50a3-42d8-b818-f7eda5a3f4f6,1,1,91,261,266240,245,111,266746,266501,261,533,0,1
99dae34e-50a3-42d8-b818-f7eda5a3f4f6,1,1,92,1086,266624,215,33,267925,267710,1086,158,0,1
99dae34e-50a3-42d8-b818-f7eda5a3f4f6,1,1,93,256,267776,231,104,268263,268032,256,543,0,1
99dae34e-50a3-42d8-b818-f7eda5a3f4f6,1,1,94,145,268160,2247,0,270552,268305,145,0,0,1
99dae34e-50a3-42d8-b818-f7eda5a3f4f6,1,1,95,259,270336,75,52,270670,270595,259,255,0,1
99dae34e-50a3-42d8-b818-f7eda5a3f4f6,1,1,96,301,270592,758,0,271651,270893,301,0,3381,0
9ab7a0c1-d19a-45d5-b511-696d1d884a19,1,1,1,2457,7936,535,54,10928,10393,2457,226,102,3
9ab7a0c1-d19a-45d5-b511-696d1d884a19,1,1,2,1502,10880,255,72,12637,12382,1502,336,55,2
9ab7a0c1-d19a-45d5-b511-696d1d884a19,1,1,3,401,12544,126,18,13071,12945,401,81,61,2
9ab7a0c1-d19a-45d5-b511-696d1d884a19,1,1,4,323,13056,494,300,13873,13379,323,985,91,2
9ab7a0c1-d19a-45d5-b511-696d1d884a19,1,1,5,4792,13824,211,44,18827,18616,4792,173,74,2
9ab7a0c1-d19a-45d5-b511-696d1d884a19,1,1,6,4376,18816,236,56,23428,23192,4376,230,78,2
9ab7a0c1-d19a-45d5-b511-696d1d884a19,1,1,7,5231,23424,158,108,28813,28655,5231,455,0,1
9ab7a0c1-d19a-45d5-b511-696d1d884a19,1,1,8,169,28800,186,42,29155,28969,169,159,73,2
9ab7a0c1-d19a-45d5-b511-696d1d884a19,1,1,9,1541,29056,157,32,30754,30597,1541,134,0,2
9ab7a0c1-d19a-45d5-b511-696d1d884a19,1,1,10,6867,30720,189,48,37776,37587,6867,207,92,2
9ab7a0c1-d19a-45d5-b511-696d1d884a19,1,1,11,7598,37504,181,99,45283,45102,7598,435,0,1
9ab7a0c1-d19a-45d5-b511-696d1d884a19,1,1,12,513,45184,296,117,45993,45697,513,443,98,2
9ab7a0c1-d19a-45d5-b511-696d1d884a19,1,1,13,5146,45952,418,149,51516,51098,5146,586,89,2
9ab7a0c1-d19a-45d5-b511-696d1d884a19,1,1,14,11200,51456,925,459,63581,62656,11200,1722,84,2
9ab7a0c1-d19a-45d5-b511-696d1d884a19,1,1,15,161,63488,573,281,64222,63649,161,1290,74,1
9ab7a0c1-d19a-45d5-b511-696d1d884a19,1,1,16,1012,64128,626,352,65766,65140,1012,1467,58,1
9ab7a0c1-d19a-45d5-b511-696d1d884a19,1,1,17,151,65664,128,42,65943,65815,151,166,0,1
9ab7a0c1-d19a-45d5-b511-696d1d884a19,1,1,18,179,65920,320,217,66419,66099,179,888,0,2
9ab7a0c1-d19a-45d5-b511-696d1d884a19,1,1,19,3442,66304,324,183,70070,69746,3442,737,57,2
9ab7a0c1-d19a-45d5-b511-696d1d884a19,1,1,20,2797,70016,775,270,73588,72813,2797,1105,69,1
9ab7a0c1-d19a-45d5-b511-696d1d884a19,1,1,21,180,73472,578,89,74230,73652,180,356,0,1
9ab7a0c1-d19a-45d5-b511-696d1d884a19,1,1,22,184,74112,73,0,74369,74296,184,0,0,1
9ab7a0c1-d19a-45d5-b511-696d1d884a19,1,1,23,1689,74368,701,485,76758,76057,1689,2300,97,2
9ab7a0c1-d19a-45d5-b511-696d1d884a19,1,1,24,5075,76672,676,300,82423,81747,5075,1191,70,1
9ab7a0c1-d19a-45d5-b511-696d1d884a19,1,1,25,346,82304,691,290,83341,82650,346,1165,73,1
9ab7a0c1-d19a-45d5-b511-696d1d884a19,1,1,26,291,83328,786,395,84405,83619,291,1615,65,1
9ab7a0c1-d19a-45d5-b511-696d1d884a19,1,1,27,254,84352,350,179,84956,84606,254,771,0,1
9ab7a0c1-d19a-45d5-b511-696d1d884a19,1,1,28,672,84864,567,181,86103,85536,672,687,0,1
9ab7a0c1-d19a-45d5-b511-696d1d884a19,1,1,29,764,86016,368,141,87148,86780,764,479,84,1
9ab7a0c1-d19a-45d5-b511-696d1d884a19,1,1,30,201,87040,87,0,87328,87241,201,0,0,1
9ab7a0c1-d19a-45d5-b511-696d1d884a19,1,1,31,995,87296,215,126,88506,88291,995,562,0,1
9ab7a0c1-d19a-45d5-b511-696d1d884a19,1,1,32,2743,88448,467,391,91658,91191,2743,1682,0,1
9ab7a0c1-d19a-45d5-b511-696d1d884a19,1,1,33,3758,91648,557,371,95963,95406,3758,1179,87,1
9ab7a0c1-d19a-45d5-b511-696d1d884a19,1,1,34,9669,95872,761,487,106302,105541,9669,1886,85,1
9ab7a0c1-d19a-45d5-b511-696d1d884a19,1,1,35,1089,106240,510,181,107839,107329,1089,659,0,2
9ab7a0c1-d19a-45d5-b511-696d1d884a19,1,1,36,327,107776,213,101,108316,108103,327,425,0,1
9ab7a0c1-d19a-45d5-b511-696d1d884a19,1,1,37,1166,108288,280,121,109734,109454,1166,429,0,1
9ab7a0c1-d19a-45d5-b511-696d1d884a19,1,1,38,3833,109696,299,187,113828,113529,3833,704,0,1
9ab7a0c1-d19a-45d5-b511-696d1d884a19,1,1,39,2726,113792,762,588,117280,116518,2726,2181,123,1
9ab7a0c1-d19a-45d5-b511-696d1d884a19,1,1,40,7147,117248,714,476,125109,124395,7147,1859,93,1
9ab7a0c1-d19a-45d5-b511-696d1d884a19,1,1,41,1203,125056,795,516,127054,126259,1203,2046,0,1
9ab7a0c1-d19a-45d5-b511-696d1d884a19,1,1,42,197,126976,115,0,127288,127173,197,0,0,1
9ab7a0c1-d19a-45d5-b511-696d1d884a19,1,1,43,415,127232,250,84,127897,127647,415,338,0,1
9ab7a0c1-d19a-45d5-b511-696d1d884a19,1,1,44,2455,127872,512,240,130839,130327,2455,938,0,1
9ab7a0c1-d19a-45d5-b511-696d1d884a19,1,1,45,717,130816,453,198,131986,131533,717,790,0,1
9ab7a0c1-d19a-45d5-b511-696d1d884a19,1,1,46,3154,131968,563,383,135685,135122,3154,1335,81,1
9ab7a0c1-d19a-45d5-b511-696d1d884a19,1,1,47,6895,135680,398,232,142973,142575,6895,945,0,2
9ab7a0c1-d19a-45d5-b511-696d1d884a19,1,1,48,291,142848,253,51,143392,143139,291,247,0,1
9ab7a0c1-d19a-45d5-b511-696d1d884a19,1,1,49,295,143360,127,0,143782,143655,295,0,0,1
9ab7a0c1-d19a-45d5-b511-696d1d884a19,1,1,50,1531,143744,682,434,145957,145275,1531,1802,0,2
9ab7a0c1-d19a-45d5-b511-696d1d884a19,1,1,51,1866,145920,400,235,148186,147786,1866,918,0,1
9ab7a0c1-d19a-45d5-b511-696d1d884a19,1,1,52,2062,148096,550,263,150708,150158,2062,1013,0,1
9ab7a0c1-d19a-45d5-b511-696d1d884a19,1,1,53,539,150656,324,39,151519,151195,539,170,0,1
9ab7a0c1-d19a-45d5-b511-696d1d884a19,1,1,54,602,151424,514,337,152540,152026,602,1347,0,2
9ab7a0c1-d19a-45d5-b511-696d1d884a19,1,1,55,1851,152448,227,81,154526,154299,1851,349,0,1
9ab7a0c1-d19a-45d5-b511-696d1d884a19,1,1,56,204,154368,139,0,154711,154572,204,0,0,1
9ab7a0c1-d19a-45d5-b511-696d1d884a19,1,1,57,1248,154624,4281,3990,160153,155872,1248,14524,54,1
9ab7a0c1-d19a-45d5-b511-696d1d884a19,1,1,58,181,160000,6052,0,166233,160181,181,0,0,1
9ab7a0c1-d19a-45d5-b511-696d1d884a19,1,1,59,146,166144,151,23,166441,166290,146,80,0,1
9ab7a0c1-d19a-45d5-b511-696d1d884a19,1,1,60,211,166272,2081,218,168564,166483,211,880,107,2
9ab7a0c1-d19a-45d5-b511-696d1d884a19,1,1,61,181,168448,279,0,168908,168629,181,0,0,1
9ab7a0c1-d19a-45d5-b511-696d1d884a19,1,1,62,232,168704,437,0,169373,168936,232,0,1905,0
a03701b7-142d-488a-a322-e5feeafd11d9,2,1,1,2493,7936,304,0,10733,10429,2493,0,69,2
a03701b7-142d-488a-a322-e5feeafd11d9,2,1,2,488,10624,331,17,11443,11112,488,100,0,4
a03701b7-142d-488a-a322-e5feeafd11d9,2,1,3,663,11392,183,65,12238,12055,663,288,0,2
a03701b7-142d-488a-a322-e5feeafd11d9,2,1,4,2317,12160,311,93,14788,14477,2317,420,0,2
a03701b7-142d-488a-a322-e5feeafd11d9,2,1,5,516,14720,344,131,15580,15236,516,595,0,2
a03701b7-142d-488a-a322-e5feeafd11d9,2,1,6,288,15488,511,83,16287,15776,288,371,0,1
a03701b7-142d-488a-a322-e5feeafd11d9,2,1,7,167,16256,691,68,17114,16423,167,299,0,1
a03701b7-142d-488a-a322-e5feeafd11d9,2,1,8,139,17024,87,0,17250,17163,139,0,0,1
a03701b7-142d-488a-a322-e5feeafd11d9,2,1,9,2237,17152,554,84,19943,19389,2237,419,0,1
a03701b7-142d-488a-a322-e5feeafd11d9,2,1,10,362,19840,410,81,20612,20202,362,376,0,1
a03701b7-142d-488a-a322-e5feeafd11d9,2,1,11,1517,20608,620,114,22745,22125,1517,542,0,1
a03701b7-142d-488a-a322-e5feeafd11d9,2,1,12,461,22656,528,148,23645,23117,461,726,0,1
a03701b7-142d-488a-a322-e5feeafd11d9,2,1,13,673,23552,1077,73,25302,24225,673,399,0,2
a03701b7-142d-488a-a322-e5feeafd11d9,2,1,14,180,25216,118,0,25514,25396,180,0,0,1
a03701b7-142d-488a-a322-e5feeafd11d9,2,1,15,1438,25472,515,226,27425,26910,1438,1029,0,2
a03701b7-142d-488a-a322-e5feeafd11d9,2,1,16,1463,27392,304,85,29159,28855,1463,450,0,2
a03701b7-142d-488a-a322-e5feeafd11d9,2,1,17,1356,29056,248,60,30660,30412,1356,327,0,2
a03701b7-142d-488a-a322-e5feeafd11d9,2,1,18,805,30592,295,93,31692,31397,805,429,0,2
a03701b7-142d-488a-a322-e5feeafd11d9,2,1,19,1443,31616,371,81,33430,33059,1443,418,0,2
a03701b7-142d-488a-a322-e5feeafd11d9,2,1,20,3139,33408,466,144,37013,36547,3139,797,0,2
a03701b7-142d-488a-a322-e5feeafd11d9,2,1,21,1510,36992,534,162,39036,38502,1510,735,0,2
a03701b7-142d-488a-a322-e5feeafd11d9,2,1,22,2553,38912,503,195,41968,41465,2553,1051,0,2
a03701b7-142d-488a-a322-e5feeafd11d9,2,1,23,2983,41856,370,64,45209,44839,2983,360,0,2
a03701b7-142d-488a-a322-e5feeafd11d9,2,1,24,2587,45184,438,164,48209,47771,2587,829,0,2
a03701b7-142d-488a-a322-e5feeafd11d9,2,1,25,331,48128,477,221,48936,48459,331,1209,0,2
a03701b7-142d-488a-a322-e5feeafd11d9,2,1,26,2960,48896,413,144,52269,51856,2960,783,0,2
a03701b7-142d-488a-a322-e5feeafd11d9,2,1,27,2160,52224,315,166,54699,54384,2160,796,0,2
a03701b7-142d-488a-a322-e5feeafd11d9,2,1,28,1406,54656,421,160,56483,56062,1406,794,0,2
a03701b7-142d-488a-a322-e5feeafd11d9,2,1,29,1598,56448,428,134,58474,58046,1598,685,0,2
a03701b7-142d-488a-a322-e5feeafd11d9,2,1,30,1612,58368,330,74,60310,59980,1612,375,0,2
a03701b7-142d-488a-a322-e5feeafd11d9,2,1,31,875,60288,364,68,61527,61163,875,351,0,2
a03701b7-142d-488a-a322-e5feeafd11d9,2,1,32,3845,61440,578,218,65863,65285,3845,1038,0,2
a03701b7-142d-488a-a322-e5feeafd11d9,2,1,33,4080,65792,376,117,70248,69872,4080,605,0,2
a03701b7-142d-488a-a322-e5feeafd11d9,2,1,34,1268,70144,410,148,71822,71412,1268,774,0,2
a03701b7-142d-488a-a322-e5feeafd11d9,2,1,35,1574,71808,482,101,73864,73382,1574,474,0,2
a03701b7-142d-488a-a322-e5feeafd11d9,2,1,36,581,73856,314,74,74751,74437,581,349,0,2
a03701b7-142d-488a-a322-e5feeafd11d9,2,1,37,1621,74624,377,94,76622,76245,1621,457,0,2
a03701b7-142d-488a-a322-e5feeafd11d9,2,1,38,1788,76544,414,61,78746,78332,1788,318,0,2
a03701b7-142d-488a-a322-e5feeafd11d9,2,1,39,827,78720,411,53,79958,79547,827,244,0,2
a03701b7-142d-488a-a322-e5feeafd11d9,2,1,40,616,79872,366,113,80854,80488,616,520,0,2
a03701b7-142d-488a-a322-e5feeafd11d9,2,1,41,1505,80768,377,90,82650,82273,1505,426,0,2
a03701b7-142d-488a-a322-e5feeafd11d9,2,1,42,1404,82560,353,80,84317,83964,1404,448,0,2
a03701b7-142d-488a-a322-e5feeafd11d9,2,1,43,2248,84224,488,154,86960,86472,2248,742,0,2
a03701b7-142d-488a-a322-e5feeafd11d9,2,1,44,2401,86912,482,186,89795,89313,2401,960,0,2
a03701b7-142d-488a-a322-e5feeafd11d9,2,1,45,1604,89728,519,164,91851,91332,1604,807,0,2
a03701b7-142d-488a-a322-e5feeafd11d9,2,1,46,171,91776,5201,74,97148,91947,171,395,0,1
a03701b7-142d-488a-a322-e5feeafd11d9,2,1,47,179,97024,180,49,97383,97203,179,220,0,1
a03701b7-142d-488a-a322-e5feeafd11d9,2,1,48,257,97152,4483,69,101892,97409,257,323,0,1
a03701b7-142d-488a-a322-e5feeafd11d9,2,1,49,187,101760,152,0,102099,101947,187,0,0,1
a03701b7-142d-488a-a322-e5feeafd11d9,2,1,50,171,102016,479,43,102666,102187,171,169,0,1
a03701b7-142d-488a-a322-e5feeafd11d9,2,1,51,179,102528,221,0,102928,102707,179,0,0,1
a03701b7-142d-488a-a322-e5feeafd11d9,2,1,52,185,102784,134,0,103103,102969,185,0,0,1
a03701b7-142d-488a-a322-e5feeafd11d9,2,1,53,210,102912,860,65,103982,103122,210,280,0,1
a03701b7-142d-488a-a322-e5feeafd11d9,2,1,54,215,103808,502,0,104525,104023,215,0,0,1
a03701b7-142d-488a-a322-e5feeafd11d9,2,1,55,246,104320,147,0,104713,104566,246,0,0,1
a03701b7-142d-488a-a322-e5feeafd11d9,2,1,56,293,104704,138,37,105135,104997,293,155,0,1
a03701b7-142d-488a-a322-e5feeafd11d9,2,1,57,198,104960,856,0,106014,105158,198,0,0,1
a03701b7-142d-488a-a322-e5feeafd11d9,2,1,58,196,105856,225,0,106277,106052,196,0,0,1
a03701b7-142d-488a-a322-e5feeafd11d9,2,1,59,193,106112,551,0,106856,106305,193,0,2287,0
a067dd8e-2222-440c-8e7c-641668d7d696,3,1,1,2568,7936,191,0,10695,10504,2568,0,100,2
a067dd8e-2222-440c-8e7c-641668d7d696,3,1,2,2185,10624,542,124,13351,12809,2185,524,0,3
a067dd8e-2222-440c-8e7c-641668d7d696,3,1,3,3480,13312,366,109,17158,16792,3480,477,0,2
a067dd8e-2222-440c-8e7c-641668d7d696,3,1,4,49235,17152,754,503,67141,66387,49235,2013,110,2
a067dd8e-2222-440c-8e7c-641668d7d696,3,1,5,5613,67072,744,566,73429,72685,5613,2330,58,1
a067dd8e-2222-440c-8e7c-641668d7d696,3,1,6,1228,73344,175,38,74747,74572,1228,166,0,1
a067dd8e-2222-440c-8e7c-641668d7d696,3,1,7,856,74624,215,78,75695,75480,856,311,0,1
a067dd8e-2222-440c-8e7c-641668d7d696,3,1,8,240,75520,319,131,76079,75760,240,591,0,1
a067dd8e-2222-440c-8e7c-641668d7d696,3,1,9,225,76032,655,120,76912,76257,225,506,59,1
a067dd8e-2222-440c-8e7c-641668d7d696,3,1,10,293,76800,230,96,77323,77093,293,443,0,2
a067dd8e-2222-440c-8e7c-641668d7d696,3,1,11,2366,77312,331,120,80009,79678,2366,505,0,2
a067dd8e-2222-440c-8e7c-641668d7d696,3,1,12,1506,80000,356,116,81862,81506,1506,526,0,2
a067dd8e-2222-440c-8e7c-641668d7d696,3,1,13,1052,81792,356,143,83200,82844,1052,649,0,1
a067dd8e-2222-440c-8e7c-641668d7d696,3,1,14,944,83200,2971,537,87115,84144,944,2339,114,2
a067dd8e-2222-440c-8e7c-641668d7d696,3,1,15,247,86912,193,74,87352,87159,247,313,89,1
a067dd8e-2222-440c-8e7c-641668d7d696,3,1,16,3433,87296,473,266,91202,90729,3433,1106,0,1
a067dd8e-2222-440c-8e7c-641668d7d696,3,1,17,467,91136,100,0,91703,91603,467,0,0,1
a067dd8e-2222-440c-8e7c-641668d7d696,3,1,18,2714,91648,735,369,95097,94362,2714,1383,68,1
a067dd8e-2222-440c-8e7c-641668d7d696,3,1,19,362,94976,992,625,96330,95338,362,2766,0,2
a067dd8e-2222-440c-8e7c-641668d7d696,3,1,20,853,96256,521,238,97630,97109,853,1015,0,2
a067dd8e-2222-440c-8e7c-641668d7d696,3,1,21,656,97536,363,103,98555,98192,656,485,52,1
a067dd8e-2222-440c-8e7c-641668d7d696,3,1,22,1542,98432,249,12,100223,99974,1542,47,0,1
a067dd8e-2222-440c-8e7c-641668d7d696,3,1,23,1931,100096,642,254,102669,102027,1931,870,0,1
a067dd8e-2222-440c-8e7c-641668d7d696,3,1,24,435,102656,917,461,104008,103091,435,1727,0,1
a067dd8e-2222-440c-8e7c-641668d7d696,3,1,25,703,103936,1663,1401,106302,104639,703,5429,140,1
a067dd8e-2222-440c-8e7c-641668d7d696,3,1,26,244,106112,182,0,106538,106356,244,0,0,1
a067dd8e-2222-440c-8e7c-641668d7d696,3,1,27,238,106368,473,0,107079,106606,238,0,0,1
a067dd8e-2222-440c-8e7c-641668d7d696,3,1,28,1874,107008,1290,882,110172,108882,1874,3047,0,1
a067dd8e-2222-440c-8e7c-641668d7d696,3,1,29,500,110080,814,601,111394,110580,500,2552,80,1
a067dd8e-2222-440c-8e7c-641668d7d696,3,1,30,2803,111360,364,131,114527,114163,2803,619,0,1
a067dd8e-2222-440c-8e7c-641668d7d696,3,1,31,183,114432,443,200,115058,114615,183,874,0,1
a067dd8e-2222-440c-8e7c-641668d7d696,3,1,32,140,114944,343,181,115427,115084,140,796,0,1
a067dd8e-2222-440c-8e7c-641668d7d696,3,1,33,247,115200,179,53,115626,115447,247,218,0,1
a067dd8e-2222-440c-8e7c-641668d7d696,3,1,34,184,115456,104,0,115744,115640,184,0,0,1
a067dd8e-2222-440c-8e7c-641668d7d696,3,1,35,897,115712,343,127,116952,116609,897,552,0,1
a067dd8e-2222-440c-8e7c-641668d7d696,3,1,36,349,116864,535,424,117748,117213,349,1698,88,2
a067dd8e-2222-440c-8e7c-641668d7d696,3,1,37,178,117632,293,101,118103,117810,178,417,0,1
a067dd8e-2222-440c-8e7c-641668d7d696,3,1,38,929,118016,318,133,119263,118945,929,498,0,1
a067dd8e-2222-440c-8e7c-641668d7d696,3,1,39,779,119168,286,45,120233,119947,779,172,84,1
a067dd8e-2222-440c-8e7c-641668d7d696,3,1,40,10997,120192,408,304,131597,131189,10997,1246,70,1
a067dd8e-2222-440c-8e7c-641668d7d696,3,1,41,782,131584,107,0,132473,132366,782,0,0,1
a067dd8e-2222-440c-8e7c-641668d7d696,3,1,42,1663,132352,250,143,134265,134015,1663,587,0,1
a067dd8e-2222-440c-8e7c-641668d7d696,3,1,43,135,134144,899,406,135178,134279,135,1296,0,1
a067dd8e-2222-440c-8e7c-641668d7d696,3,1,44,155,135040,500,106,135695,135195,155,416,0,1
a067dd8e-2222-440c-8e7c-641668d7d696,3,1,45,197,135552,439,148,136188,135749,197,572,0,1
a067dd8e-2222-440c-8e7c-641668d7d696,3,1,46,178,136064,432,278,136674,136242,178,1134,0,1
a067dd8e-2222-440c-8e7c-641668d7d696,3,1,47,212,136576,433,289,137221,136788,212,1157,0,1
a067dd8e-2222-440c-8e7c-641668d7d696,3,1,48,237,137216,415,194,137868,137453,237,769,88,1
a067dd8e-2222-440c-8e7c-641668d7d696,3,1,49,798,137856,328,69,138982,138654,798,223,0,1
a1c59a96-24c6-4c8a-8958-0ca6b7c17078,2,1,1,2728,7936,556,269,11220,10664,2728,1060,93,4
a1c59a96-24c6-4c8a-8958-0ca6b7c17078,2,1,2,2995,11136,359,122,14490,14131,2995,418,77,4
a1c59a96-24c6-4c8a-8958-0ca6b7c17078,2,1,3,1459,14464,441,179,16364,15923,1459,665,78,4
a1c59a96-24c6-4c8a-8958-0ca6b7c17078,2,1,4,13191,16256,601,287,30048,29447,13191,989,84,4
a1c59a96-24c6-4c8a-8958-0ca6b7c17078,2,1,5,23657,29952,722,404,54331,53609,23657,1366,58,4
a1c59a96-24c6-4c8a-8958-0ca6b7c17078,2,1,6,27465,54272,456,134,82193,81737,27465,464,57,4
a1c59a96-24c6-4c8a-8958-0ca6b7c17078,2,1,7,12510,82176,729,447,95415,94686,12510,1453,85,4
a1c59a96-24c6-4c8a-8958-0ca6b7c17078,2,1,8,11760,95360,717,474,107837,107120,11760,1708,0,4
a1c59a96-24c6-4c8a-8958-0ca6b7c17078,2,1,9,19467,107776,946,698,128189,127243,19467,2414,0,4
a1c59a96-24c6-4c8a-8958-0ca6b7c17078,2,1,10,6806,128128,1270,1018,136204,134934,6806,3615,0,4
a1c59a96-24c6-4c8a-8958-0ca6b7c17078,2,1,11,22547,136192,1142,942,159881,158739,22547,3721,0,3
a1c59a96-24c6-4c8a-8958-0ca6b7c17078,2,1,12,7876,159872,886,743,168634,167748,7876,2665,0,2
a1c59a96-24c6-4c8a-8958-0ca6b7c17078,2,1,13,9817,168576,1298,1133,179691,178393,9817,4010,0,2
a1c59a96-24c6-4c8a-8958-0ca6b7c17078,2,1,14,6010,179584,5771,2395,191365,185594,6010,8563,82,1
a1c59a96-24c6-4c8a-8958-0ca6b7c17078,2,1,15,175,191232,3242,106,194649,191407,175,447,10569,0
a44a0b87-ba76-4be9-949f-240869398872,3,1,1,3027,7936,344,164,11307,10963,3027,704,81,2
a44a0b87-ba76-4be9-949f-240869398872,3,1,2,4201,11264,558,151,16023,15465,4201,593,0,2
a44a0b87-ba76-4be9-949f-240869398872,3,1,3,818,16000,276,73,17094,16818,818,302,0,2
a44a0b87-ba76-4be9-949f-240869398872,3,1,4,2185,17024,655,98,19864,19209,2185,368,0,2
a44a0b87-ba76-4be9-949f-240869398872,3,1,5,2075,19840,566,181,22481,21915,2075,736,0,2
a44a0b87-ba76-4be9-949f-240869398872,3,1,6,1345,22400,867,485,24612,23745,1345,1766,0,2
a44a0b87-ba76-4be9-949f-240869398872,3,1,7,5165,24576,830,501,30571,29741,5165,1712,0,3
a44a0b87-ba76-4be9-949f-240869398872,3,1,8,646,30464,886,513,31996,31110,646,1930,0,2
a44a0b87-ba76-4be9-949f-240869398872,3,1,9,3159,31872,881,494,35912,35031,3159,1694,0,2
a44a0b87-ba76-4be9-949f-240869398872,3,1,10,1285,35840,703,231,37828,37125,1285,897,0,2
a44a0b87-ba76-4be9-949f-240869398872,3,1,11,7841,37760,1421,931,47022,45601,7841,3592,0,1
a44a0b87-ba76-4be9-949f-240869398872,3,1,12,1820,46976,1095,809,49891,48796,1820,2955,0,3
a44a0b87-ba76-4be9-949f-240869398872,3,1,13,6582,49792,1483,600,57857,56374,6582,2439,98,2
a44a0b87-ba76-4be9-949f-240869398872,3,1,14,865,57856,573,303,59294,58721,865,1326,0,2
a44a0b87-ba76-4be9-949f-240869398872,3,1,15,956,59264,642,222,60862,60220,956,1024,0,2
a44a0b87-ba76-4be9-949f-240869398872,3,1,16,1461,60800,1243,803,63504,62261,1461,3151,0,2
a44a0b87-ba76-4be9-949f-240869398872,3,1,17,810,63488,1619,755,65917,64298,810,2758,0,3
a44a0b87-ba76-4be9-949f-240869398872,3,1,18,10535,65792,1851,1388,78178,76327,10535,5112,0,3
a44a0b87-ba76-4be9-949f-240869398872,3,1,19,15570,78080,892,375,94542,93650,15570,1375,0,2
a44a0b87-ba76-4be9-949f-240869398872,3,1,20,11128,94464,1568,1019,107160,105592,11128,3934,0,2
a44a0b87-ba76-4be9-949f-240869398872,3,1,21,3592,107136,1051,559,111779,110728,3592,2095,0,2
a44a0b87-ba76-4be9-949f-240869398872,3,1,22,1211,111744,1318,911,114273,112955,1211,3365,0,2
a44a0b87-ba76-4be9-949f-240869398872,3,1,23,501,114176,1046,488,115723,114677,501,1668,0,1
a44a0b87-ba76-4be9-949f-240869398872,3,1,24,575,115712,715,306,117002,116287,575,1211,0,2
a44a0b87-ba76-4be9-949f-240869398872,3,1,25,1672,116992,1241,656,119905,118664,1672,2529,0,1
a44a0b87-ba76-4be9-949f-240869398872,3,1,26,218,119808,1048,640,121074,120026,218,2410,0,3
a44a0b87-ba76-4be9-949f-240869398872,3,1,27,524,120960,658,245,122142,121484,524,993,0,1
a44a0b87-ba76-4be9-949f-240869398872,3,1,28,1155,122112,863,358,124130,123267,1155,1549,0,2
a44a0b87-ba76-4be9-949f-240869398872,3,1,29,2904,124032,331,231,127267,126936,2904,1051,0,1
a44a0b87-ba76-4be9-949f-240869398872,3,1,30,1665,127232,329,139,129226,128897,1665,543,0,2
a44a0b87-ba76-4be9-949f-240869398872,3,1,31,1968,129152,9853,2850,140973,131120,1968,12138,60,1
a44a0b87-ba76-4be9-949f-240869398872,3,1,32,232,140800,381,56,141413,141032,232,244,0,1
a44a0b87-ba76-4be9-949f-240869398872,3,1,33,460,141312,905,54,142677,141772,460,232,0,1
a44a0b87-ba76-4be9-949f-240869398872,3,1,34,256,142464,284,0,143004,142720,256,0,0,1
a44a0b87-ba76-4be9-949f-240869398872,3,1,35,144,142976,823,28,143943,143120,144,111,3223,0
a4a04330-c73f-4cd8-a92e-9837ccb861ba,2,1,1,3773,7936,175,0,11884,11709,3773,0,109,2
a4a04330-c73f-4cd8-a92e-9837ccb861ba,2,1,2,2475,11776,391,120,14642,14251,2475,550,0,2
a4a04330-c73f-4cd8-a92e-9837ccb861ba,2,1,3,680,14592,6746,739,22018,15272,680,3272,142,5
a4a04330-c73f-4cd8-a92e-9837ccb861ba,2,1,4,178,22016,591,101,22785,22194,178,408,125,2
a4a04330-c73f-4cd8-a92e-9837ccb861ba,2,1,5,3011,22784,622,210,26417,25795,3011,768,0,2
a4a04330-c73f-4cd8-a92e-9837ccb861ba,2,1,6,498,26368,471,127,27337,26866,498,485,0,2
a4a04330-c73f-4cd8-a92e-9837ccb861ba,2,1,7,1234,27264,302,178,28800,28498,1234,706,0,1
a4a04330-c73f-4cd8-a92e-9837ccb861ba,2,1,8,1238,28800,539,187,30577,30038,1238,773,0,2
a4a04330-c73f-4cd8-a92e-9837ccb861ba,2,1,9,293,30464,574,87,31331,30757,293,361,0,2
a4a04330-c73f-4cd8-a92e-9837ccb861ba,2,1,10,1216,31232,559,176,33007,32448,1216,691,0,2
a4a04330-c73f-4cd8-a92e-9837ccb861ba,2,1,11,3171,32896,520,125,36587,36067,3171,499,0,2
a4a04330-c73f-4cd8-a92e-9837ccb861ba,2,1,12,2489,36480,1153,819,40122,38969,2489,3549,0,2
a4a04330-c73f-4cd8-a92e-9837ccb861ba,2,1,13,356,40064,557,112,40977,40420,356,455,0,2
a4a04330-c73f-4cd8-a92e-9837ccb861ba,2,1,14,218,40832,265,44,41315,41050,218,180,0,1
a4a04330-c73f-4cd8-a92e-9837ccb861ba,2,1,15,298,41216,678,234,42192,41514,298,893,0,2
a4a04330-c73f-4cd8-a92e-9837ccb861ba,2,1,16,682,42112,1043,351,43837,42794,682,1398,0,2
a4a04330-c73f-4cd8-a92e-9837ccb861ba,2,1,17,572,43776,692,307,45040,44348,572,1131,0,2
a4a04330-c73f-4cd8-a92e-9837ccb861ba,2,1,18,688,44928,500,237,46116,45616,688,1051,0,2
a4a04330-c73f-4cd8-a92e-9837ccb861ba,2,1,19,7399,46080,1045,424,54524,53479,7399,1839,137,2
a4a04330-c73f-4cd8-a92e-9837ccb861ba,2,1,20,864,54400,914,487,56178,55264,864,1850,0,2
a4a04330-c73f-4cd8-a92e-9837ccb861ba,2,1,21,162,56064,183,91,56409,56226,162,388,0,2
a4a04330-c73f-4cd8-a92e-9837ccb861ba,2,1,22,14429,56320,801,614,71550,70749,14429,2563,0,2
a4a04330-c73f-4cd8-a92e-9837ccb861ba,2,1,23,1351,71424,89,11,72864,72775,1351,43,0,1
a4a04330-c73f-4cd8-a92e-9837ccb861ba,2,1,24,1335,72832,1208,651,75375,74167,1335,2606,0,2
a4a04330-c73f-4cd8-a92e-9837ccb861ba,2,1,25,163,75264,251,90,75678,75427,163,363,0,1
a4a04330-c73f-4cd8-a92e-9837ccb861ba,2,1,26,241,75520,765,384,76526,75761,241,1482,0,1
a4a04330-c73f-4cd8-a92e-9837ccb861ba,2,1,27,177,76416,716,380,77309,76593,177,1557,0,1
a4a04330-c73f-4cd8-a92e-9837ccb861ba,2,1,28,325,77184,560,118,78069,77509,325,533,0,1
a4a04330-c73f-4cd8-a92e-9837ccb861ba,2,1,29,241,77952,423,94,78616,78193,241,446,0,1
a4a04330-c73f-4cd8-a92e-9837ccb861ba,2,1,30,191,78592,532,185,79315,78783,191,823,0,1
a4a04330-c73f-4cd8-a92e-9837ccb861ba,2,1,31,152,79232,465,131,79849,79384,152,563,0,1
a4a04330-c73f-4cd8-a92e-9837ccb861ba,2,1,32,615,79744,720,453,81079,80359,615,1805,0,2
a4a04330-c73f-4cd8-a92e-9837ccb861ba,2,1,33,1023,81024,321,107,82368,82047,1023,485,90,2
a4a04330-c73f-4cd8-a92e-9837ccb861ba,2,1,34,1546,82304,366,272,84216,83850,1546,1177,0,1
a4a04330-c73f-4cd8-a92e-9837ccb861ba,2,1,35,3859,84096,1075,717,89030,87955,3859,2856,0,2
a4a04330-c73f-4cd8-a92e-9837ccb861ba,2,1,36,12556,88960,355,175,101871,101516,12556,856,0,2
a4a04330-c73f-4cd8-a92e-9837ccb861ba,2,1,37,426,101760,118,22,102304,102186,426,91,0,1
a4a04330-c73f-4cd8-a92e-9837ccb861ba,2,1,38,4341,102272,896,360,107509,106613,4341,1503,0,2
a4a04330-c73f-4cd8-a92e-9837ccb861ba,2,1,39,2359,107392,741,325,110492,109751,2359,1342,0,2
a4a04330-c73f-4cd8-a92e-9837ccb861ba,2,1,40,218,110464,594,309,111276,110682,218,1169,0,2
a4a04330-c73f-4cd8-a92e-9837ccb861ba,2,1,41,1945,111232,543,214,113720,113177,1945,946,0,1
a4a04330-c73f-4cd8-a92e-9837ccb861ba,2,1,42,1958,113664,1459,715,117081,115622,1958,2703,92,2
a4a04330-c73f-4cd8-a92e-9837ccb861ba,2,1,43,168,116992,340,125,117500,117160,168,470,0,1
a4a04330-c73f-4cd8-a92e-9837ccb861ba,2,1,44,204,117376,449,75,118029,117580,204,294,0,2
a4a04330-c73f-4cd8-a92e-9837ccb861ba,2,1,45,457,118016,776,337,119249,118473,457,1449,0,2
a4a04330-c73f-4cd8-a92e-9837ccb861ba,2,1,46,201,119168,7782,720,127151,119369,201,3095,130,1
a4a04330-c73f-4cd8-a92e-9837ccb861ba,2,1,47,5610,121600,118,18,127328,127210,5610,79,0,2
a4a04330-c73f-4cd8-a92e-9837ccb861ba,2,1,48,282,127232,546,361,128060,127514,282,1470,119,1
a4a04330-c73f-4cd8-a92e-9837ccb861ba,2,1,49,222,127872,178,78,128272,128094,222,323,0,1
a4a04330-c73f-4cd8-a92e-9837ccb861ba,2,1,50,208,128128,601,215,128937,128336,208,936,0,2
a4a04330-c73f-4cd8-a92e-9837ccb861ba,2,1,51,588,128896,235,95,129719,129484,588,437,0,1
a4a04330-c73f-4cd8-a92e-9837ccb861ba,2,1,52,202,129536,116,31,129854,129738,202,105,0,1
a4a04330-c73f-4cd8-a92e-9837ccb861ba,2,1,53,399,129792,6099,350,136290,130191,399,1429,90,1
a4a04330-c73f-4cd8-a92e-9837ccb861ba,2,1,54,157,136192,99,0,136448,136349,157,0,0,2
a4a04330-c73f-4cd8-a92e-9837ccb861ba,2,1,55,186,136448,5768,521,142402,136634,186,1928,48,1
a4a04330-c73f-4cd8-a92e-9837ccb861ba,2,1,56,253,142208,187,0,142648,142461,253,0,0,1
a4a04330-c73f-4cd8-a92e-9837ccb861ba,2,1,57,194,142592,1506,567,144292,142786,194,1887,0,2
a4a04330-c73f-4cd8-a92e-9837ccb861ba,2,1,58,250,144128,1155,0,145533,144378,250,0,0,2
a4a04330-c73f-4cd8-a92e-9837ccb861ba,2,1,59,211,145408,890,50,146509,145619,211,171,0,2
a4a04330-c73f-4cd8-a92e-9837ccb861ba,2,1,60,163,146432,765,0,147360,146595,163,0,0,2
a4a04330-c73f-4cd8-a92e-9837ccb861ba,2,1,61,245,147200,1412,423,148857,147445,245,1537,0,2
a4a04330-c73f-4cd8-a92e-9837ccb861ba,2,1,62,207,148736,1408,156,150351,148943,207,648,0,2
a4a04330-c73f-4cd8-a92e-9837ccb861ba,2,1,63,165,150272,842,0,151279,150437,165,0,0,2
a4a04330-c73f-4cd8-a92e-9837ccb861ba,2,1,64,197,151168,126,0,151491,151365,197,0,0,1
a4a04330-c73f-4cd8-a92e-9837ccb861ba,2,1,65,251,151296,359,217,151906,151547,251,877,0,1
a4a04330-c73f-4cd8-a92e-9837ccb861ba,2,1,66,214,151808,1639,294,153661,152022,214,882,0,2
a4a04330-c73f-4cd8-a92e-9837ccb861ba,2,1,67,147,153600,1641,57,155388,153747,147,205,0,2
a4a04330-c73f-4cd8-a92e-9837ccb861ba,2,1,68,210,155264,143,58,155617,155474,210,240,0,1
a4a04330-c73f-4cd8-a92e-9837ccb861ba,2,1,69,141,155520,938,449,156599,155661,141,1827,0,1
a4a04330-c73f-4cd8-a92e-9837ccb861ba,2,1,70,232,156416,122,22,156770,156648,232,98,0,1
a4a04330-c73f-4cd8-a92e-9837ccb861ba,2,1,71,651,156672,414,52,157737,157323,651,233,0,1
a4a04330-c73f-4cd8-a92e-9837ccb861ba,2,1,72,214,157568,130,0,157912,157782,214,0,0,1
a4a04330-c73f-4cd8-a92e-9837ccb861ba,2,1,73,600,157824,243,139,158667,158424,600,645,0,2
a4a04330-c73f-4cd8-a92e-9837ccb861ba,2,1,74,730,158592,472,193,159794,159322,730,875,151,1
a4a04330-c73f-4cd8-a92e-9837ccb861ba,2,1,75,217,159616,116,25,159949,159833,217,99,0,1
a4a04330-c73f-4cd8-a92e-9837ccb861ba,2,1,76,3078,159872,2005,528,164955,162950,3078,2179,186,1
a4a04330-c73f-4cd8-a92e-9837ccb861ba,2,1,77,136,164864,707,47,165707,165000,136,201,0,2
a4a04330-c73f-4cd8-a92e-9837ccb861ba,2,1,78,161,165632,850,82,166643,165793,161,379,0,2
a4a04330-c73f-4cd8-a92e-9837ccb861ba,2,1,79,197,166528,113,20,166838,166725,197,91,0,1
a4a04330-c73f-4cd8-a92e-9837ccb861ba,2,1,80,1638,166784,252,146,168674,168422,1638,493,63,1
a4a04330-c73f-4cd8-a92e-9837ccb861ba,2,1,81,1922,168576,2387,424,172885,170498,1922,1645,91,1
a4a04330-c73f-4cd8-a92e-9837ccb861ba,2,1,82,258,172672,168,31,173098,172930,258,130,0,1
a4a04330-c73f-4cd8-a92e-9837ccb861ba,2,1,83,223,172928,276,142,173427,173151,223,597,0,1
a4a04330-c73f-4cd8-a92e-9837ccb861ba,2,1,84,230,173312,5955,471,179497,173542,230,1596,101,1
a4a04330-c73f-4cd8-a92e-9837ccb861ba,2,1,85,228,179328,136,0,179692,179556,228,0,0,1
a4a04330-c73f-4cd8-a92e-9837ccb861ba,2,1,86,182,179584,173,45,179939,179766,182,200,0,1
a4a04330-c73f-4cd8-a92e-9837ccb861ba,2,1,87,1638,179840,313,217,181791,181478,1638,784,0,1
a4a04330-c73f-4cd8-a92e-9837ccb861ba,2,1,88,995,181760,1817,459,184572,182755,995,1692,120,2
a4a04330-c73f-4cd8-a92e-9837ccb861ba,2,1,89,210,184448,730,107,185388,184658,210,432,0,2
a4a04330-c73f-4cd8-a92e-9837ccb861ba,2,1,90,258,185216,115,30,185589,185474,258,102,0,1
a4a04330-c73f-4cd8-a92e-9837ccb861ba,2,1,91,161,185472,1905,372,187538,185633,161,1376,63,2
a4a04330-c73f-4cd8-a92e-9837ccb861ba,2,1,92,232,187392,126,0,187750,187624,232,0,0,1
a4a04330-c73f-4cd8-a92e-9837ccb861ba,2,1,93,228,187648,2140,696,190016,187876,228,2798,0,2
a4a04330-c73f-4cd8-a92e-9837ccb861ba,2,1,94,150,189952,155,0,190257,190102,150,0,0,1
a4a04330-c73f-4cd8-a92e-9837ccb861ba,2,1,95,183,190208,164,99,190555,190391,183,448,0,1
a4a04330-c73f-4cd8-a92e-9837ccb861ba,2,1,96,6353,190464,300,42,197117,196817,6353,174,61,1
a4a04330-c73f-4cd8-a92e-9837ccb861ba,2,1,97,170,196992,631,377,197793,197162,170,1614,0,2
a4a04330-c73f-4cd8-a92e-9837ccb861ba,2,1,98,179,197760,1714,96,199653,197939,179,386,0,1
a4a04330-c73f-4cd8-a92e-9837ccb861ba,2,1,99,141,199552,1043,23,200736,199693,141,94,4351,0
a4a04330-c73f-4cd8-a92e-9837ccb861ba,2,1,100,1466,200704,1372,409,203542,202170,1466,1795,123,2
a4a04330-c73f-4cd8-a92e-9837ccb861ba,2,1,101,1542,203520,248,68,205310,205062,1542,312,111,1
a4a04330-c73f-4cd8-a92e-9837ccb861ba,2,1,102,268,205184,716,0,206168,205452,268,0,0,1
a4a04330-c73f-4cd8-a92e-9837ccb861ba,2,1,103,256,205952,1201,60,207409,206208,256,271,4549,0
a4a04330-c73f-4cd8-a92e-9837ccb861ba,2,2,1,754,207360,912,368,209026,208114,754,1552,71,2
a4a04330-c73f-4cd8-a92e-9837ccb861ba,2,2,2,216,208896,151,57,209263,209112,216,258,0,1
a4a04330-c73f-4cd8-a92e-9837ccb861ba,2,2,3,1587,209152,358,45,211097,210739,1587,219,0,1
a4a04330-c73f-4cd8-a92e-9837ccb861ba,2,2,4,198,210944,451,267,211593,211142,198,1034,0,1
a4a04330-c73f-4cd8-a92e-9837ccb861ba,2,2,5,137,211584,298,146,212019,211721,137,546,0,1
a4a04330-c73f-4cd8-a92e-9837ccb861ba,2,2,6,487,211968,1339,216,213794,212455,487,982,4423,0
a7eef189-3bc7-404b-9379-01dd00107abc,2,1,1,3099,7936,183,0,11218,11035,3099,0,87,2
a7eef189-3bc7-404b-9379-01dd00107abc,2,1,2,2880,11136,243,51,14259,14016,2880,257,0,2
a7eef189-3bc7-404b-9379-01dd00107abc,2,1,3,4351,14208,445,243,19004,18559,4351,969,0,2
a7eef189-3bc7-404b-9379-01dd00107abc,2,1,4,4737,18944,321,145,24002,23681,4737,582,0,2
a7eef189-3bc7-404b-9379-01dd00107abc,2,1,5,1818,23936,915,193,26669,25754,1818,709,0,3
a7eef189-3bc7-404b-9379-01dd00107abc,2,1,6,3379,26624,673,318,30676,30003,3379,1200,0,2
a7eef189-3bc7-404b-9379-01dd00107abc,2,1,7,1441,30592,697,185,32730,32033,1441,770,0,2
a7eef189-3bc7-404b-9379-01dd00107abc,2,1,8,471,32640,227,107,33338,33111,471,477,0,2
a7eef189-3bc7-404b-9379-01dd00107abc,2,1,9,2925,33280,1959,497,38164,36205,2925,2214,79,2
a7eef189-3bc7-404b-9379-01dd00107abc,2,1,10,5083,38144,963,414,44190,43227,5083,1741,0,2
a7eef189-3bc7-404b-9379-01dd00107abc,2,1,11,260,44160,149,28,44569,44420,260,106,0,2
a7eef189-3bc7-404b-9379-01dd00107abc,2,1,12,2545,44544,455,282,47544,47089,2545,1179,0,2
a7eef189-3bc7-404b-9379-01dd00107abc,2,1,13,1018,47488,279,63,48785,48506,1018,227,0,2
a7eef189-3bc7-404b-9379-01dd00107abc,2,1,14,4465,48768,442,129,53675,53233,4465,513,0,2
a7eef189-3bc7-404b-9379-01dd00107abc,2,1,15,175,53632,468,188,54275,53807,175,737,0,2
a7eef189-3bc7-404b-9379-01dd00107abc,2,1,16,280,54272,381,69,54933,54552,280,285,0,1
a7eef189-3bc7-404b-9379-01dd00107abc,2,1,17,174,54784,721,272,55679,54958,174,955,0,2
a7eef189-3bc7-404b-9379-01dd00107abc,2,1,18,476,55552,673,223,56701,56028,476,780,0,2
a7eef189-3bc7-404b-9379-01dd00107abc,2,1,19,13159,56576,441,254,70176,69735,13159,894,0,2
a7eef189-3bc7-404b-9379-01dd00107abc,2,1,20,2855,70144,463,208,73462,72999,2855,740,0,2
a7eef189-3bc7-404b-9379-01dd00107abc,2,1,21,2320,73344,685,236,76349,75664,2320,865,0,2
a7eef189-3bc7-404b-9379-01dd00107abc,2,1,22,671,76288,377,79,77336,76959,671,241,0,2
a7eef189-3bc7-404b-9379-01dd00107abc,2,1,23,2761,77312,557,289,80630,80073,2761,1137,0,2
a7eef189-3bc7-404b-9379-01dd00107abc,2,1,24,2642,80512,820,506,83974,83154,2642,2005,0,2
a7eef189-3bc7-404b-9379-01dd00107abc,2,1,25,411,83968,348,116,84727,84379,411,464,0,2
a7eef189-3bc7-404b-9379-01dd00107abc,2,1,26,2094,84608,778,252,87480,86702,2094,991,0,2
a7eef189-3bc7-404b-9379-01dd00107abc,2,1,27,323,87424,524,88,88271,87747,323,326,0,2
a7eef189-3bc7-404b-9379-01dd00107abc,2,1,28,633,88192,429,131,89254,88825,633,458,0,2
a7eef189-3bc7-404b-9379-01dd00107abc,2,1,29,5553,89216,372,153,95141,94769,5553,590,0,2
a7eef189-3bc7-404b-9379-01dd00107abc,2,1,30,1554,95104,370,136,97028,96658,1554,557,0,2
a7eef189-3bc7-404b-9379-01dd00107abc,2,1,31,2784,97024,734,432,100542,99808,2784,1909,0,2
a7eef189-3bc7-404b-9379-01dd00107abc,2,1,32,8151,100480,1094,623,109725,108631,8151,2470,0,2
a7eef189-3bc7-404b-9379-01dd00107abc,2,1,33,183,109696,355,120,110234,109879,183,448,0,1
a7eef189-3bc7-404b-9379-01dd00107abc,2,1,34,1427,110208,378,181,112013,111635,1427,838,0,2
a7eef189-3bc7-404b-9379-01dd00107abc,2,1,35,1511,112000,1855,416,115366,113511,1511,1631,98,2
a7eef189-3bc7-404b-9379-01dd00107abc,2,1,36,234,115200,308,87,115742,115434,234,361,0,2
a7eef189-3bc7-404b-9379-01dd00107abc,2,1,37,1567,115712,874,531,118153,117279,1567,2185,0,2
a7eef189-3bc7-404b-9379-01dd00107abc,2,1,38,3450,118144,734,327,122328,121594,3450,1485,0,2
a7eef189-3bc7-404b-9379-01dd00107abc,2,1,39,725,122240,282,128,123247,122965,725,581,0,1
a7eef189-3bc7-404b-9379-01dd00107abc,2,1,40,145,123136,238,61,123519,123281,145,242,0,1
a7eef189-3bc7-404b-9379-01dd00107abc,2,1,41,249,123392,403,30,124044,123641,249,124,0,2
a7eef189-3bc7-404b-9379-01dd00107abc,2,1,42,263,124032,444,179,124739,124295,263,754,0,2
a7eef189-3bc7-404b-9379-01dd00107abc,2,1,43,6235,124672,226,166,131133,130907,6235,686,0,1
a7eef189-3bc7-404b-9379-01dd00107abc,2,1,44,715,131072,922,532,132709,131787,715,1928,0,2
a7eef189-3bc7-404b-9379-01dd00107abc,2,1,45,6785,132608,370,204,139763,139393,6785,849,0,1
a7eef189-3bc7-404b-9379-01dd00107abc,2,1,46,2580,139648,1083,860,143311,142228,2580,3331,0,2
a7eef189-3bc7-404b-9379-01dd00107abc,2,1,47,4813,143232,859,479,148904,148045,4813,1851,0,2
a7eef189-3bc7-404b-9379-01dd00107abc,2,1,48,950,148864,321,44,150135,149814,950,168,0,2
a7eef189-3bc7-404b-9379-01dd00107abc,2,1,49,1707,150016,1103,717,152826,151723,1707,3029,0,2
a7eef189-3bc7-404b-9379-01dd00107abc,2,1,50,5071,152704,407,103,158182,157775,5071,399,0,1
a7eef189-3bc7-404b-9379-01dd00107abc,2,1,51,257,158080,387,181,158724,158337,257,697,0,1
a7eef189-3bc7-404b-9379-01dd00107abc,2,1,52,178,158720,221,84,159119,158898,178,304,0,1
a7eef189-3bc7-404b-9379-01dd00107abc,2,1,53,234,158976,829,468,160039,159210,234,1899,0,2
a7eef189-3bc7-404b-9379-01dd00107abc,2,1,54,215,159872,777,378,160864,160087,215,1472,0,2
a7eef189-3bc7-404b-9379-01dd00107abc,2,1,55,671,160768,567,113,162006,161439,671,411,0,2
a7eef189-3bc7-404b-9379-01dd00107abc,2,1,56,398,161920,438,112,162756,162318,398,401,0,2
a7eef189-3bc7-404b-9379-01dd00107abc,2,1,57,2455,162688,414,255,165557,165143,2455,1148,0,2
a7eef189-3bc7-404b-9379-01dd00107abc,2,1,58,1435,165504,750,503,167689,166939,1435,2062,0,2
a7eef189-3bc7-404b-9379-01dd00107abc,2,1,59,3410,167680,415,222,171505,171090,3410,975,0,2
a7eef189-3bc7-404b-9379-01dd00107abc,2,1,60,934,171392,152,55,172478,172326,934,235,0,1
a7eef189-3bc7-404b-9379-01dd00107abc,2,1,61,4590,172416,310,269,177316,177006,4590,1064,0,1
a7eef189-3bc7-404b-9379-01dd00107abc,2,1,62,202,177152,165,82,177519,177354,202,331,0,1
a7eef189-3bc7-404b-9379-01dd00107abc,2,1,63,175,177408,923,517,178506,177583,175,2158,0,2
a7eef189-3bc7-404b-9379-01dd00107abc,2,1,64,263,178432,912,585,179607,178695,263,2275,0,2
a7eef189-3bc7-404b-9379-01dd00107abc,2,1,65,803,179584,887,458,181274,180387,803,1799,0,2
a7eef189-3bc7-404b-9379-01dd00107abc,2,1,66,686,181248,534,209,182468,181934,686,799,0,2
a7eef189-3bc7-404b-9379-01dd00107abc,2,1,67,681,182400,1145,619,184226,183081,681,2375,0,2
a7eef189-3bc7-404b-9379-01dd00107abc,2,1,68,1304,184192,526,280,186022,185496,1304,1134,0,2
a7eef189-3bc7-404b-9379-01dd00107abc,2,1,69,2309,185984,379,136,188672,188293,2309,548,0,2
a7eef189-3bc7-404b-9379-01dd00107abc,2,1,70,670,188672,1680,1437,191022,189342,670,5307,0,2
a7eef189-3bc7-404b-9379-01dd00107abc,2,1,71,1085,190976,13302,94,205363,192061,1085,406,68,1
a7eef189-3bc7-404b-9379-01dd00107abc,2,1,72,236,205184,548,92,205968,205420,236,343,0,2
a7eef189-3bc7-404b-9379-01dd00107abc,2,1,73,168,205952,1642,49,207762,206120,168,220,0,1
a7eef189-3bc7-404b-9379-01dd00107abc,2,1,74,187,207616,238,0,208041,207803,187,0,0,1
a7eef189-3bc7-404b-9379-01dd00107abc,2,1,75,144,208000,1369,35,209513,208144,144,152,5381,0
a87a9e47-2c5c-469b-920f-e10080392655,3,1,1,2519,7936,219,0,10674,10455,2519,0,93,2
a87a9e47-2c5c-469b-920f-e10080392655,3,1,2,563,10624,436,30,11623,11187,563,145,100,2
a87a9e47-2c5c-469b-920f-e10080392655,3,1,3,154,11520,295,77,11969,11674,154,358,0,1
a87a9e47-2c5c-469b-920f-e10080392655,3,1,4,234,11904,833,233,12971,12138,234,1006,103,2
a87a9e47-2c5c-469b-920f-e10080392655,3,1,5,344,12928,295,29,13567,13272,344,131,80,1
a87a9e47-2c5c-469b-920f-e10080392655,3,1,6,1729,13440,746,56,15915,15169,1729,257,75,1
a87a9e47-2c5c-469b-920f-e10080392655,3,1,7,221,15744,106,0,16071,15965,221,0,0,1
a87a9e47-2c5c-469b-920f-e10080392655,3,1,8,226,15872,159,24,16257,16098,226,99,0,1
a87a9e47-2c5c-469b-920f-e10080392655,3,1,9,209,16128,583,232,16920,16337,209,776,0,1
a87a9e47-2c5c-469b-920f-e10080392655,3,1,10,267,16896,557,203,17720,17163,267,816,76,1
a87a9e47-2c5c-469b-920f-e10080392655,3,1,11,470,17664,389,98,18523,18134,470,420,85,1
a87a9e47-2c5c-469b-920f-e10080392655,3,1,12,1317,18432,794,258,20543,19749,1317,982,109,1
a87a9e47-2c5c-469b-920f-e10080392655,3,1,13,240,20352,145,70,20737,20592,240,305,0,1
a87a9e47-2c5c-469b-920f-e10080392655,3,1,14,469,20736,440,229,21645,21205,469,837,64,4
a87a9e47-2c5c-469b-920f-e10080392655,3,1,15,1999,21632,818,442,24449,23631,1999,1512,83,2
a87a9e47-2c5c-469b-920f-e10080392655,3,1,16,43387,24448,1238,686,69073,67835,43387,2362,71,2
a87a9e47-2c5c-469b-920f-e10080392655,3,1,17,8339,68992,541,208,77872,77331,8339,755,104,2
a87a9e47-2c5c-469b-920f-e10080392655,3,1,18,5153,77824,500,188,83477,82977,5153,789,99,2
a87a9e47-2c5c-469b-920f-e10080392655,3,1,19,226,83456,298,155,83980,83682,226,661,86,1
a87a9e47-2c5c-469b-920f-e10080392655,3,1,20,905,83968,746,82,85619,84873,905,343,95,1
a87a9e47-2c5c-469b-920f-e10080392655,3,1,21,165,85504,292,0,85961,85669,165,0,0,2
a87a9e47-2c5c-469b-920f-e10080392655,3,1,22,3783,85888,1352,439,91023,89671,3783,1414,73,2
a87a9e47-2c5c-469b-920f-e10080392655,3,1,23,218,90880,297,0,91395,91098,218,0,0,2
a87a9e47-2c5c-469b-920f-e10080392655,3,1,24,1415,91392,964,555,93771,92807,1415,1788,86,2
a87a9e47-2c5c-469b-920f-e10080392655,3,1,25,2974,93696,1021,444,97691,96670,2974,1673,73,3
a87a9e47-2c5c-469b-920f-e10080392655,3,1,26,6874,97664,1161,563,105699,104538,6874,1731,86,3
a87a9e47-2c5c-469b-920f-e10080392655,3,1,27,5509,105600,794,388,111903,111109,5509,1281,94,2
a87a9e47-2c5c-469b-920f-e10080392655,3,1,28,2881,111872,965,572,115718,114753,2881,2042,103,2
a87a9e47-2c5c-469b-920f-e10080392655,3,1,29,3084,115712,540,240,119336,118796,3084,892,109,1
a87a9e47-2c5c-469b-920f-e10080392655,3,1,30,245,119168,252,130,119665,119413,245,546,0,2
a87a9e47-2c5c-469b-920f-e10080392655,3,1,31,7230,119552,996,579,127778,126782,7230,2121,89,1
a87a9e47-2c5c-469b-920f-e10080392655,3,1,32,711,127744,575,321,129030,128455,711,1179,0,1
a87a9e47-2c5c-469b-920f-e10080392655,3,1,33,309,129024,661,158,129994,129333,309,590,0,2
a87a9e47-2c5c-469b-920f-e10080392655,3,1,34,4029,129920,713,367,134662,133949,4029,1184,0,2
a87a9e47-2c5c-469b-920f-e10080392655,3,1,35,3347,134656,809,441,138812,138003,3347,1521,0,2
a87a9e47-2c5c-469b-920f-e10080392655,3,1,36,3285,138752,1054,510,143091,142037,3285,1929,108,1
a87a9e47-2c5c-469b-920f-e10080392655,3,1,37,166,142976,183,0,143325,143142,166,0,0,1
a87a9e47-2c5c-469b-920f-e10080392655,3,1,38,219,143232,305,43,143756,143451,219,179,0,1
a87a9e47-2c5c-469b-920f-e10080392655,3,1,39,170,143744,439,190,144353,143914,170,667,0,1
a87a9e47-2c5c-469b-920f-e10080392655,3,1,40,160,144256,336,143,144752,144416,160,518,0,1
a87a9e47-2c5c-469b-920f-e10080392655,3,1,41,175,144640,503,132,145318,144815,175,546,0,1
a87a9e47-2c5c-469b-920f-e10080392655,3,1,42,1355,145280,825,452,147460,146635,1355,1623,64,1
a87a9e47-2c5c-469b-920f-e10080392655,3,1,43,1645,147456,9007,5315,158108,149101,1645,17364,57,1
a87a9e47-2c5c-469b-920f-e10080392655,3,1,44,208,157952,158,33,158318,158160,208,149,0,1
a87a9e47-2c5c-469b-920f-e10080392655,3,1,45,136,158208,3618,242,161962,158344,136,827,62,1
a87a9e47-2c5c-469b-920f-e10080392655,3,1,46,222,161792,136,0,162150,162014,222,0,0,1
a87a9e47-2c5c-469b-920f-e10080392655,3,1,47,261,161920,874,165,163055,162181,261,578,46,1
a87a9e47-2c5c-469b-920f-e10080392655,3,1,48,149,162944,466,0,163559,163093,149,0,0,1
a87a9e47-2c5c-469b-920f-e10080392655,3,1,49,141,163456,129,44,163726,163597,141,182,0,1
a87a9e47-2c5c-469b-920f-e10080392655,3,1,50,245,163584,117,27,163946,163829,245,116,0,1
a87a9e47-2c5c-469b-920f-e10080392655,3,1,51,723,163840,142,0,164705,164563,723,0,0,1
a87a9e47-2c5c-469b-920f-e10080392655,3,1,52,135,164608,200,37,164943,164743,135,144,0,1
a87a9e47-2c5c-469b-920f-e10080392655,3,1,53,182,164864,4296,1051,169342,165046,182,3571,65,1
a87a9e47-2c5c-469b-920f-e10080392655,3,1,54,178,169216,150,0,169544,169394,178,0,0,1
a87a9e47-2c5c-469b-920f-e10080392655,3,1,55,197,169472,2110,1642,171779,169669,197,6169,37,1
a87a9e47-2c5c-469b-920f-e10080392655,3,1,56,169,171648,893,0,172710,171817,169,0,0,1
a87a9e47-2c5c-469b-920f-e10080392655,3,1,57,204,172544,514,0,173262,172748,204,0,0,1
a87a9e47-2c5c-469b-920f-e10080392655,3,1,58,244,173056,472,0,173772,173300,244,0,0,1
a87a9e47-2c5c-469b-920f-e10080392655,3,1,59,242,173568,180,0,173990,173810,242,0,0,1
a87a9e47-2c5c-469b-920f-e10080392655,3,1,60,147,173952,1827,1184,175926,174099,147,4148,0,1
a87a9e47-2c5c-469b-920f-e10080392655,3,1,61,220,175744,427,0,176391,175964,220,0,0,1
a87a9e47-2c5c-469b-920f-e10080392655,3,1,62,173,176256,298,0,176727,176429,173,0,0,1
a87a9e47-2c5c-469b-920f-e10080392655,3,1,63,253,176512,170,0,176935,176765,253,0,0,1
a87a9e47-2c5c-469b-920f-e10080392655,3,1,64,171,176896,1638,1198,178705,177067,171,4153,0,1
a87a9e47-2c5c-469b-920f-e10080392655,3,1,65,183,178560,269,0,179012,178743,183,0,0,1
a87a9e47-2c5c-469b-920f-e10080392655,3,1,66,234,178816,282,0,179332,179050,234,0,0,1
a87a9e47-2c5c-469b-920f-e10080392655,3,1,67,170,179200,123,0,179493,179370,170,0,0,1
a87a9e47-2c5c-469b-920f-e10080392655,3,1,68,190,179328,1083,914,180601,179518,190,3226,0,1
a87a9e47-2c5c-469b-920f-e10080392655,3,1,69,159,180480,205,0,180844,180639,159,0,0,1
a87a9e47-2c5c-469b-920f-e10080392655,3,1,70,146,180736,248,0,181130,180882,146,0,0,1
a87a9e47-2c5c-469b-920f-e10080392655,3,1,71,176,180992,206,0,181374,181168,176,0,0,1
a87a9e47-2c5c-469b-920f-e10080392655,3,1,72,164,181248,125,0,181537,181412,164,0,0,1
a87a9e47-2c5c-469b-920f-e10080392655,3,1,73,186,181376,527,386,182089,181562,186,1431,0,1
a87a9e47-2c5c-469b-920f-e10080392655,3,1,74,239,181888,267,0,182394,182127,239,0,0,1
a87a9e47-2c5c-469b-920f-e10080392655,3,1,75,160,182272,114,0,182546,182432,160,0,0,1
a87a9e47-2c5c-469b-920f-e10080392655,3,1,76,164,182400,351,233,182915,182564,164,933,0,1
a87a9e47-2c5c-469b-920f-e10080392655,3,1,77,169,182784,147,0,183100,182953,169,0,0,1
a87a9e47-2c5c-469b-920f-e10080392655,3,1,78,843,183040,1526,213,185409,183883,843,881,85,3
a87a9e47-2c5c-469b-920f-e10080392655,3,1,79,161,185344,528,0,186033,185505,161,0,1988,0
aa3fc864-9f3a-48a6-886d-b7860bff5228,3,1,1,3640,7936,124,0,11700,11576,3640,0,76,2
aa3fc864-9f3a-48a6-886d-b7860bff5228,3,1,2,8124,11648,737,200,20509,19772,8124,731,0,2
aa3fc864-9f3a-48a6-886d-b7860bff5228,3,1,3,3125,20480,370,101,23975,23605,3125,357,0,2
aa3fc864-9f3a-48a6-886d-b7860bff5228,3,1,4,1490,23936,1552,943,26978,25426,1490,3473,145,3
aa3fc864-9f3a-48a6-886d-b7860bff5228,3,1,5,189,26880,262,28,27331,27069,189,128,0,2
aa3fc864-9f3a-48a6-886d-b7860bff5228,3,1,6,5062,27264,500,236,32826,32326,5062,827,0,2
aa3fc864-9f3a-48a6-886d-b7860bff5228,3,1,7,454,32768,474,116,33696,33222,454,312,0,2
aa3fc864-9f3a-48a6-886d-b7860bff5228,3,1,8,4862,33664,951,385,39477,38526,4862,1459,95,2
aa3fc864-9f3a-48a6-886d-b7860bff5228,3,1,9,3357,39424,978,255,43759,42781,3357,905,0,2
aa3fc864-9f3a-48a6-886d-b7860bff5228,3,1,10,1144,43648,508,218,45300,44792,1144,764,139,2
aa3fc864-9f3a-48a6-886d-b7860bff5228,3,1,11,790,45184,406,68,46380,45974,790,282,0,2
aa3fc864-9f3a-48a6-886d-b7860bff5228,3,1,12,1159,46336,1894,1590,49389,47495,1159,6198,103,2
aa3fc864-9f3a-48a6-886d-b7860bff5228,3,1,13,6909,49280,1191,904,57380,56189,6909,3330,129,2
aa3fc864-9f3a-48a6-886d-b7860bff5228,3,1,14,55460,57344,3256,401,116060,112804,55460,1615,166,2
aa3fc864-9f3a-48a6-886d-b7860bff5228,3,1,15,136,115968,387,251,116491,116104,136,913,104,1
aa3fc864-9f3a-48a6-886d-b7860bff5228,3,1,16,1363,116480,303,90,118146,117843,1363,305,0,2
aa3fc864-9f3a-48a6-886d-b7860bff5228,3,1,17,477,118144,442,96,119063,118621,477,355,0,2
aa3fc864-9f3a-48a6-886d-b7860bff5228,3,1,18,140,119040,252,46,119432,119180,140,186,0,1
aa3fc864-9f3a-48a6-886d-b7860bff5228,3,1,19,162,119296,381,202,119839,119458,162,780,0,2
aa3fc864-9f3a-48a6-886d-b7860bff5228,3,1,20,3037,119808,1197,597,124042,122845,3037,2058,0,2
aa3fc864-9f3a-48a6-886d-b7860bff5228,3,1,21,399,124032,598,292,125029,124431,399,1067,0,2
aa3fc864-9f3a-48a6-886d-b7860bff5228,3,1,22,137,124928,109,33,125174,125065,137,125,0,1
aa3fc864-9f3a-48a6-886d-b7860bff5228,3,1,23,278,125056,1381,717,126715,125334,278,2477,94,2
aa3fc864-9f3a-48a6-886d-b7860bff5228,3,1,24,5377,126592,1047,698,133016,131969,5377,2654,0,1
aa3fc864-9f3a-48a6-886d-b7860bff5228,3,1,25,172,132864,232,74,133268,133036,172,273,0,1
aa3fc864-9f3a-48a6-886d-b7860bff5228,3,1,26,404,133248,714,430,134366,133652,404,1386,0,1
aa3fc864-9f3a-48a6-886d-b7860bff5228,3,1,27,241,134144,631,265,135016,134385,241,880,0,2
aa3fc864-9f3a-48a6-886d-b7860bff5228,3,1,28,296,134912,625,410,135833,135208,296,1519,0,1
aa3fc864-9f3a-48a6-886d-b7860bff5228,3,1,29,571,135808,635,306,137014,136379,571,1092,0,2
aa3fc864-9f3a-48a6-886d-b7860bff5228,3,1,30,283,136960,778,318,138021,137243,283,1197,0,2
aa3fc864-9f3a-48a6-886d-b7860bff5228,3,1,31,1384,137984,289,113,139657,139368,1384,382,0,1
aa3fc864-9f3a-48a6-886d-b7860bff5228,3,1,32,367,139648,517,104,140532,140015,367,437,0,2
aa3fc864-9f3a-48a6-886d-b7860bff5228,3,1,33,148,140416,297,100,140861,140564,148,302,0,1
aa3fc864-9f3a-48a6-886d-b7860bff5228,3,1,34,726,140800,428,101,141954,141526,726,362,0,2
aa3fc864-9f3a-48a6-886d-b7860bff5228,3,1,35,424,141952,680,426,143056,142376,424,1567,0,2
aa3fc864-9f3a-48a6-886d-b7860bff5228,3,1,36,5036,142976,1099,616,149111,148012,5036,2312,0,2
aa3fc864-9f3a-48a6-886d-b7860bff5228,3,1,37,3768,148992,672,357,153432,152760,3768,1135,0,2
aa3fc864-9f3a-48a6-886d-b7860bff5228,3,1,38,3753,153344,1943,1650,159040,157097,3753,5865,0,2
aa3fc864-9f3a-48a6-886d-b7860bff5228,3,1,39,3526,158976,1394,978,163896,162502,3526,3549,0,2
aa3fc864-9f3a-48a6-886d-b7860bff5228,3,1,40,2829,163840,1262,744,167931,166669,2829,2577,0,2
aa3fc864-9f3a-48a6-886d-b7860bff5228,3,1,41,320,167808,449,101,168577,168128,320,366,0,2
aa3fc864-9f3a-48a6-886d-b7860bff5228,3,1,42,2866,168576,1512,983,172954,171442,2866,3320,0,2
aa3fc864-9f3a-48a6-886d-b7860bff5228,3,1,43,3214,172928,3195,2889,179337,176142,3214,10536,0,2
aa3fc864-9f3a-48a6-886d-b7860bff5228,3,1,44,876,179328,473,209,180677,180204,876,845,0,2
aa3fc864-9f3a-48a6-886d-b7860bff5228,3,1,45,5549,180608,11026,555,197183,186157,5549,1801,64,1
aa3fc864-9f3a-48a6-886d-b7860bff5228,3,1,46,252,196992,3928,51,201172,197244,252,238,0,1
aa3fc864-9f3a-48a6-886d-b7860bff5228,3,1,47,250,200960,289,0,201499,201210,250,0,0,1
aa3fc864-9f3a-48a6-886d-b7860bff5228,3,1,48,183,201344,110,0,201637,201527,183,0,0,1
aa3fc864-9f3a-48a6-886d-b7860bff5228,3,1,49,209,201472,3419,0,205100,201681,209,0,11571,0
ac188085-eef8-4b4d-82d2-e1555f17ba4a,2,1,1,2825,7936,220,0,10981,10761,2825,0,86,2
ac188085-eef8-4b4d-82d2-e1555f17ba4a,2,1,2,2977,10880,391,26,14248,13857,2977,127,0,2
ac188085-eef8-4b4d-82d2-e1555f17ba4a,2,1,3,2751,14208,353,120,17312,16959,2751,603,0,2
ac188085-eef8-4b4d-82d2-e1555f17ba4a,2,1,4,3529,17280,590,190,21399,20809,3529,904,0,2
ac188085-eef8-4b4d-82d2-e1555f17ba4a,2,1,5,3041,21376,410,176,24827,24417,3041,966,0,2
ac188085-eef8-4b4d-82d2-e1555f17ba4a,2,1,6,4728,24704,539,191,29971,29432,4728,986,83,2
ac188085-eef8-4b4d-82d2-e1555f17ba4a,2,1,7,2532,29952,621,154,33105,32484,2532,765,0,2
ac188085-eef8-4b4d-82d2-e1555f17ba4a,2,1,8,255,33024,4426,290,37705,33279,255,1407,159,3
ac188085-eef8-4b4d-82d2-e1555f17ba4a,2,1,9,185,37632,367,44,38184,37817,185,224,114,2
ac188085-eef8-4b4d-82d2-e1555f17ba4a,2,1,10,3603,38144,653,65,42400,41747,3603,329,173,2
ac188085-eef8-4b4d-82d2-e1555f17ba4a,2,1,11,506,42368,727,137,43601,42874,506,690,54,1
ac188085-eef8-4b4d-82d2-e1555f17ba4a,2,1,12,1752,43520,323,150,45595,45272,1752,803,0,2
ac188085-eef8-4b4d-82d2-e1555f17ba4a,2,1,13,9357,45568,687,309,55612,54925,9357,1509,108,2
ac188085-eef8-4b4d-82d2-e1555f17ba4a,2,1,14,657,55552,779,156,56988,56209,657,749,0,2
ac188085-eef8-4b4d-82d2-e1555f17ba4a,2,1,15,331,56960,533,74,57824,57291,331,395,0,1
ac188085-eef8-4b4d-82d2-e1555f17ba4a,2,1,16,1421,57728,597,55,59746,59149,1421,307,0,2
ac188085-eef8-4b4d-82d2-e1555f17ba4a,2,1,17,823,59648,1988,305,62459,60471,823,1399,80,2
ac188085-eef8-4b4d-82d2-e1555f17ba4a,2,1,18,233,62336,704,187,63273,62569,233,899,0,2
ac188085-eef8-4b4d-82d2-e1555f17ba4a,2,1,19,1131,63232,250,78,64613,64363,1131,306,87,1
ac188085-eef8-4b4d-82d2-e1555f17ba4a,2,1,20,2481,64512,338,70,67331,66993,2481,265,89,2
ac188085-eef8-4b4d-82d2-e1555f17ba4a,2,1,21,614,67328,1113,109,69055,67942,614,444,89,4
ac188085-eef8-4b4d-82d2-e1555f17ba4a,2,1,22,210,68992,229,70,69431,69202,210,374,0,1
ac188085-eef8-4b4d-82d2-e1555f17ba4a,2,1,23,234,69376,459,99,70069,69610,234,432,0,2
ac188085-eef8-4b4d-82d2-e1555f17ba4a,2,1,24,556,70016,654,43,71226,70572,556,210,0,2
ac188085-eef8-4b4d-82d2-e1555f17ba4a,2,1,25,153,71168,347,170,71668,71321,153,851,0,1
ac188085-eef8-4b4d-82d2-e1555f17ba4a,2,1,26,1277,71552,655,59,73484,72829,1277,306,52,1
ac188085-eef8-4b4d-82d2-e1555f17ba4a,2,1,27,182,73344,150,19,73676,73526,182,100,0,1
ac188085-eef8-4b4d-82d2-e1555f17ba4a,2,1,28,1739,73600,428,160,75767,75339,1739,836,121,2
ac188085-eef8-4b4d-82d2-e1555f17ba4a,2,1,29,1657,75648,858,169,78163,77305,1657,944,102,1
ac188085-eef8-4b4d-82d2-e1555f17ba4a,2,1,30,218,78080,158,0,78456,78298,218,0,0,1
ac188085-eef8-4b4d-82d2-e1555f17ba4a,2,1,31,2517,78336,433,317,81286,80853,2517,1740,0,1
ac188085-eef8-4b4d-82d2-e1555f17ba4a,2,1,32,1797,81280,536,259,83613,83077,1797,1416,85,2
ac188085-eef8-4b4d-82d2-e1555f17ba4a,2,1,33,1972,83584,589,242,86145,85556,1972,1066,89,2
ac188085-eef8-4b4d-82d2-e1555f17ba4a,2,1,34,1357,86144,666,69,88167,87501,1357,340,106,2
ac188085-eef8-4b4d-82d2-e1555f17ba4a,2,1,35,497,88064,948,137,89509,88561,497,676,0,2
ac188085-eef8-4b4d-82d2-e1555f17ba4a,2,1,36,679,89472,326,58,90477,90151,679,328,0,2
ac188085-eef8-4b4d-82d2-e1555f17ba4a,2,1,37,1834,90368,737,298,92939,92202,1834,1522,91,1
ac188085-eef8-4b4d-82d2-e1555f17ba4a,2,1,38,169,92800,465,93,93434,92969,169,438,0,2
ac188085-eef8-4b4d-82d2-e1555f17ba4a,2,1,39,1226,93312,675,45,95213,94538,1226,244,0,2
ac188085-eef8-4b4d-82d2-e1555f17ba4a,2,1,40,1670,95104,230,104,97004,96774,1670,503,0,2
ac188085-eef8-4b4d-82d2-e1555f17ba4a,2,1,41,1214,96896,414,139,98524,98110,1214,821,0,2
ac188085-eef8-4b4d-82d2-e1555f17ba4a,2,1,42,2056,98432,321,191,100809,100488,2056,930,103,1
ac188085-eef8-4b4d-82d2-e1555f17ba4a,2,1,43,3904,100736,352,164,104992,104640,3904,811,0,1
ac188085-eef8-4b4d-82d2-e1555f17ba4a,2,1,44,1385,104960,740,93,107085,106345,1385,518,54,1
ac188085-eef8-4b4d-82d2-e1555f17ba4a,2,1,45,214,107008,153,0,107375,107222,214,0,0,1
ac188085-eef8-4b4d-82d2-e1555f17ba4a,2,1,46,1596,107264,478,197,109338,108860,1596,1135,0,2
ac188085-eef8-4b4d-82d2-e1555f17ba4a,2,1,47,1093,109312,671,82,111076,110405,1093,392,0,2
ac188085-eef8-4b4d-82d2-e1555f17ba4a,2,1,48,346,110976,207,66,111529,111322,346,345,87,1
ac188085-eef8-4b4d-82d2-e1555f17ba4a,2,1,49,1041,111488,372,133,112901,112529,1041,716,68,2
ac188085-eef8-4b4d-82d2-e1555f17ba4a,2,1,50,2213,112896,12420,112,127529,115109,2213,573,104,1
ac188085-eef8-4b4d-82d2-e1555f17ba4a,2,1,51,225,127360,157,18,127742,127585,225,83,46,2
ac188085-eef8-4b4d-82d2-e1555f17ba4a,2,1,52,831,127616,438,105,128885,128447,831,533,107,2
ac188085-eef8-4b4d-82d2-e1555f17ba4a,2,1,53,964,128768,482,103,130214,129732,964,546,0,2
ac188085-eef8-4b4d-82d2-e1555f17ba4a,2,1,54,1474,130176,734,83,132384,131650,1474,358,0,2
ac188085-eef8-4b4d-82d2-e1555f17ba4a,2,1,55,1126,132352,519,138,133997,133478,1126,774,105,1
ac188085-eef8-4b4d-82d2-e1555f17ba4a,2,1,56,1606,133888,588,51,136082,135494,1606,248,0,2
ac188085-eef8-4b4d-82d2-e1555f17ba4a,2,1,57,453,136064,640,174,137157,136517,453,1012,103,1
ac188085-eef8-4b4d-82d2-e1555f17ba4a,2,1,58,157,137088,673,59,137918,137245,157,269,78,1
ac188085-eef8-4b4d-82d2-e1555f17ba4a,2,1,59,2249,137856,531,66,140636,140105,2249,367,71,1
ac188085-eef8-4b4d-82d2-e1555f17ba4a,2,1,60,7685,140544,830,69,149059,148229,7685,306,91,1
ac188085-eef8-4b4d-82d2-e1555f17ba4a,2,1,61,613,148992,314,186,149919,149605,613,913,130,1
ac188085-eef8-4b4d-82d2-e1555f17ba4a,2,1,62,1304,149888,467,141,151659,151192,1304,661,77,2
ac188085-eef8-4b4d-82d2-e1555f17ba4a,2,1,63,772,151552,352,25,152676,152324,772,124,0,1
ac188085-eef8-4b4d-82d2-e1555f17ba4a,2,1,64,254,152448,376,56,153078,152702,254,276,0,1
ac188085-eef8-4b4d-82d2-e1555f17ba4a,2,1,65,322,152960,3204,397,156486,153282,322,1951,102,1
ac188085-eef8-4b4d-82d2-e1555f17ba4a,2,1,66,240,156288,1323,38,157851,156528,240,207,79,1
ac188085-eef8-4b4d-82d2-e1555f17ba4a,2,1,67,196,157696,180,29,158072,157892,196,148,72,1
ac188085-eef8-4b4d-82d2-e1555f17ba4a,2,1,68,864,157952,258,85,159074,158816,864,379,0,1
ac188085-eef8-4b4d-82d2-e1555f17ba4a,2,1,69,1285,158976,639,123,160900,160261,1285,637,93,2
ac188085-eef8-4b4d-82d2-e1555f17ba4a,2,1,70,1244,160896,633,79,162773,162140,1244,371,139,1
ac188085-eef8-4b4d-82d2-e1555f17ba4a,2,1,71,709,162688,609,79,164006,163397,709,306,0,1
ac188085-eef8-4b4d-82d2-e1555f17ba4a,2,1,72,418,163968,586,197,164972,164386,418,848,109,1
ac188085-eef8-4b4d-82d2-e1555f17ba4a,2,1,73,446,164864,473,216,165783,165310,446,1031,0,1
ac188085-eef8-4b4d-82d2-e1555f17ba4a,2,1,74,253,165632,1015,109,166900,165885,253,453,92,1
ac188085-eef8-4b4d-82d2-e1555f17ba4a,2,1,75,182,166784,690,54,167656,166966,182,222,0,1
ac188085-eef8-4b4d-82d2-e1555f17ba4a,2,1,76,673,167552,687,253,168912,168225,673,1307,116,1
ac188085-eef8-4b4d-82d2-e1555f17ba4a,2,1,77,14509,168832,581,179,183922,183341,14509,869,111,1
ac188085-eef8-4b4d-82d2-e1555f17ba4a,2,1,78,327,183808,813,123,184948,184135,327,586,0,1
ac188085-eef8-4b4d-82d2-e1555f17ba4a,2,1,79,671,184832,809,251,186312,185503,671,1278,110,1
ac188085-eef8-4b4d-82d2-e1555f17ba4a,2,1,80,874,186240,2645,66,189759,187114,874,358,87,1
ac188085-eef8-4b4d-82d2-e1555f17ba4a,2,1,81,233,189568,402,67,190203,189801,233,244,64,2
ac188085-eef8-4b4d-82d2-e1555f17ba4a,2,1,82,1302,190080,333,101,191715,191382,1302,595,103,1
ac188085-eef8-4b4d-82d2-e1555f17ba4a,2,1,83,1272,191616,651,269,193539,192888,1272,1567,103,2
ac188085-eef8-4b4d-82d2-e1555f17ba4a,2,1,84,544,193536,431,53,194511,194080,544,231,0,2
ac188085-eef8-4b4d-82d2-e1555f17ba4a,2,1,85,796,194432,365,91,195593,195228,796,447,0,2
ac188085-eef8-4b4d-82d2-e1555f17ba4a,2,1,86,633,195584,317,152,196534,196217,633,751,55,2
ac188085-eef8-4b4d-82d2-e1555f17ba4a,2,1,87,344,196480,4352,174,201176,196824,344,912,54,1
ac188085-eef8-4b4d-82d2-e1555f17ba4a,2,1,88,258,200960,1243,55,202461,201218,258,278,77,2
ac188085-eef8-4b4d-82d2-e1555f17ba4a,2,1,89,158,202368,349,50,202875,202526,158,221,116,2
ac188085-eef8-4b4d-82d2-e1555f17ba4a,2,1,90,490,202752,176,44,203418,203242,490,192,91,1
ac188085-eef8-4b4d-82d2-e1555f17ba4a,2,1,91,625,203392,2032,174,206049,204017,625,824,100,1
ac188085-eef8-4b4d-82d2-e1555f17ba4a,2,1,92,139,205952,192,58,206283,206091,139,218,0,1
ac188085-eef8-4b4d-82d2-e1555f17ba4a,2,1,93,291,206208,268,0,206767,206499,291,0,0,1
ac188085-eef8-4b4d-82d2-e1555f17ba4a,2,1,94,1845,206720,347,224,208912,208565,1845,1192,112,1
ac188085-eef8-4b4d-82d2-e1555f17ba4a,2,1,95,1646,208896,126,17,210668,210542,1646,85,64,1
ac188085-eef8-4b4d-82d2-e1555f17ba4a,2,1,96,172,210560,144,54,210876,210732,172,254,0,1
ac188085-eef8-4b4d-82d2-e1555f17ba4a,2,1,97,227,210816,141,44,211184,211043,227,220,0,1
ac188085-eef8-4b4d-82d2-e1555f17ba4a,2,1,98,1282,211072,137,45,212491,212354,1282,189,0,1
ac188085-eef8-4b4d-82d2-e1555f17ba4a,2,1,99,362,212480,172,42,213014,212842,362,226,0,1
ac188085-eef8-4b4d-82d2-e1555f17ba4a,2,1,100,214,212864,5237,47,218315,213078,214,231,0,1
ac188085-eef8-4b4d-82d2-e1555f17ba4a,2,1,101,260,218112,286,0,218658,218372,260,0,0,1
ac188085-eef8-4b4d-82d2-e1555f17ba4a,2,1,102,200,218624,286,184,219110,218824,200,1006,60,1
ac188085-eef8-4b4d-82d2-e1555f17ba4a,2,1,103,1291,219008,2119,39,222418,220299,1291,200,0,1
ac188085-eef8-4b4d-82d2-e1555f17ba4a,2,1,104,638,222336,228,112,223202,222974,638,533,92,1
ac188085-eef8-4b4d-82d2-e1555f17ba4a,2,1,105,376,223104,1638,0,225118,223480,376,0,0,1
ac188085-eef8-4b4d-82d2-e1555f17ba4a,2,1,106,144,225024,140,46,225308,225168,144,233,0,1
ac188085-eef8-4b4d-82d2-e1555f17ba4a,2,1,107,529,225280,1644,0,227453,225809,529,0,0,1
ac188085-eef8-4b4d-82d2-e1555f17ba4a,2,1,108,2024,227328,473,340,229825,229352,2024,1661,100,1
ac188085-eef8-4b4d-82d2-e1555f17ba4a,2,1,109,693,229760,169,31,230622,230453,693,145,0,1
ac188085-eef8-4b4d-82d2-e1555f17ba4a,2,1,110,3045,230528,130,38,233703,233573,3045,226,0,1
ac188085-eef8-4b4d-82d2-e1555f17ba4a,2,1,111,467,233600,230,0,234297,234067,467,0,0,1
ac188085-eef8-4b4d-82d2-e1555f17ba4a,2,1,112,245,234112,5197,0,239554,234357,245,0,0,1
ac188085-eef8-4b4d-82d2-e1555f17ba4a,2,1,113,2623,239488,328,116,242439,242111,2623,530,110,1
ac188085-eef8-4b4d-82d2-e1555f17ba4a,2,1,114,172,242432,5806,34,248410,242604,172,166,0,1
ac188085-eef8-4b4d-82d2-e1555f17ba4a,2,1,115,254,248192,255,0,248701,248446,254,0,0,1
ac188085-eef8-4b4d-82d2-e1555f17ba4a,2,1,116,322,248576,187,63,249085,248898,322,287,67,1
ac188085-eef8-4b4d-82d2-e1555f17ba4a,2,1,117,460,248960,1004,0,250424,249420,460,0,0,1
ac188085-eef8-4b4d-82d2-e1555f17ba4a,2,1,118,201,250240,916,65,251357,250441,201,302,0,1
ac188085-eef8-4b4d-82d2-e1555f17ba4a,2,1,119,313,251264,223,132,251800,251577,313,659,59,1
ac188085-eef8-4b4d-82d2-e1555f17ba4a,2,1,120,2385,251776,319,148,254480,254161,2385,752,125,1
ac188085-eef8-4b4d-82d2-e1555f17ba4a,2,1,121,1542,254464,280,163,256286,256006,1542,740,121,1
ac188085-eef8-4b4d-82d2-e1555f17ba4a,2,1,122,1161,256256,2220,0,259637,257417,1161,0,0,1
ac188085-eef8-4b4d-82d2-e1555f17ba4a,2,1,123,223,259456,172,40,259851,259679,223,195,0,1
ac188085-eef8-4b4d-82d2-e1555f17ba4a,2,1,124,227,259840,902,0,260969,260067,227,0,0,1
ac188085-eef8-4b4d-82d2-e1555f17ba4a,2,1,125,347,260864,147,53,261358,261211,347,220,0,1
ac188085-eef8-4b4d-82d2-e1555f17ba4a,2,1,126,1105,261248,1087,0,263440,262353,1105,0,0,1
ac188085-eef8-4b4d-82d2-e1555f17ba4a,2,1,127,186,263296,158,63,263640,263482,186,280,0,1
ac188085-eef8-4b4d-82d2-e1555f17ba4a,2,1,128,1031,263552,1485,0,266068,264583,1031,0,0,1
ac188085-eef8-4b4d-82d2-e1555f17ba4a,2,1,129,353,265984,997,57,267334,266337,353,253,0,1
ac188085-eef8-4b4d-82d2-e1555f17ba4a,2,1,130,240,267136,270,50,267646,267376,240,244,50,1
ac188085-eef8-4b4d-82d2-e1555f17ba4a,2,1,131,616,267520,683,320,268819,268136,616,1598,75,2
ac188085-eef8-4b4d-82d2-e1555f17ba4a,2,1,132,194,268672,1493,0,270359,268866,194,0,0,1
ac188085-eef8-4b4d-82d2-e1555f17ba4a,2,1,133,192,270208,248,0,270648,270400,192,0,0,1
ac188085-eef8-4b4d-82d2-e1555f17ba4a,2,1,134,212,270464,753,0,271429,270676,212,0,2892,0
ac2e73e0-e9f1-433d-94ae-6e2ff77072d7,2,1,1,2421,7936,171,0,10528,10357,2421,0,79,2
ac2e73e0-e9f1-433d-94ae-6e2ff77072d7,2,1,2,298,10496,152,31,10946,10794,298,132,76,2
ac2e73e0-e9f1-433d-94ae-6e2ff77072d7,2,1,3,629,10880,232,57,11741,11509,629,225,126,2
ac2e73e0-e9f1-433d-94ae-6e2ff77072d7,2,1,4,9778,11648,3410,802,24836,21426,9778,3200,224,4
ac2e73e0-e9f1-433d-94ae-6e2ff77072d7,2,1,5,261,24704,299,46,25264,24965,261,217,104,2
ac2e73e0-e9f1-433d-94ae-6e2ff77072d7,2,1,6,279,25216,442,104,25937,25495,279,476,75,1
ac2e73e0-e9f1-433d-94ae-6e2ff77072d7,2,1,7,332,25856,627,126,26815,26188,332,505,80,1
ac2e73e0-e9f1-433d-94ae-6e2ff77072d7,2,1,8,232,26752,558,170,27542,26984,232,740,0,1
ac2e73e0-e9f1-433d-94ae-6e2ff77072d7,2,1,9,674,27520,540,259,28734,28194,674,1055,92,1
ac2e73e0-e9f1-433d-94ae-6e2ff77072d7,2,1,10,3157,28672,506,117,32335,31829,3157,524,94,2
ac2e73e0-e9f1-433d-94ae-6e2ff77072d7,2,1,11,6244,32256,847,434,39347,38500,6244,1773,94,2
ac2e73e0-e9f1-433d-94ae-6e2ff77072d7,2,1,12,2437,39296,678,387,42411,41733,2437,1587,0,1
ac2e73e0-e9f1-433d-94ae-6e2ff77072d7,2,1,13,231,42240,305,62,42776,42471,231,266,0,1
ac2e73e0-e9f1-433d-94ae-6e2ff77072d7,2,1,14,177,42624,529,199,43330,42801,177,788,89,1
ac2e73e0-e9f1-433d-94ae-6e2ff77072d7,2,1,15,614,43264,803,276,44681,43878,614,1226,99,1
ac2e73e0-e9f1-433d-94ae-6e2ff77072d7,2,1,16,944,44672,478,73,46094,45616,944,301,80,1
ac2e73e0-e9f1-433d-94ae-6e2ff77072d7,2,1,17,248,46080,414,162,46742,46328,248,724,0,1
ac2e73e0-e9f1-433d-94ae-6e2ff77072d7,2,1,18,380,46720,731,243,47831,47100,380,1019,61,1
ac2e73e0-e9f1-433d-94ae-6e2ff77072d7,2,1,19,240,47616,325,118,48181,47856,240,469,0,1
ac2e73e0-e9f1-433d-94ae-6e2ff77072d7,2,1,20,547,48128,380,199,49055,48675,547,833,0,2
ac2e73e0-e9f1-433d-94ae-6e2ff77072d7,2,1,21,5958,49024,684,509,55666,54982,5958,2141,109,1
ac2e73e0-e9f1-433d-94ae-6e2ff77072d7,2,1,22,1823,55552,563,312,57938,57375,1823,1260,93,1
ac2e73e0-e9f1-433d-94ae-6e2ff77072d7,2,1,23,492,57856,698,222,59046,58348,492,954,115,1
ac2e73e0-e9f1-433d-94ae-6e2ff77072d7,2,1,24,1833,59008,676,400,61517,60841,1833,1413,88,2
ac2e73e0-e9f1-433d-94ae-6e2ff77072d7,2,1,25,1490,61440,813,562,63743,62930,1490,2221,0,2
ac2e73e0-e9f1-433d-94ae-6e2ff77072d7,2,1,26,1514,63616,667,182,65797,65130,1514,724,91,1
ac2e73e0-e9f1-433d-94ae-6e2ff77072d7,2,1,27,647,65792,728,257,67167,66439,647,994,62,2
ac2e73e0-e9f1-433d-94ae-6e2ff77072d7,2,1,28,1222,67072,779,330,69073,68294,1222,1345,0,2
ac2e73e0-e9f1-433d-94ae-6e2ff77072d7,2,1,29,1610,68992,621,243,71223,70602,1610,952,62,2
ac2e73e0-e9f1-433d-94ae-6e2ff77072d7,2,1,30,1551,71168,675,359,73394,72719,1551,1379,0,2
ac2e73e0-e9f1-433d-94ae-6e2ff77072d7,2,1,31,3758,73344,538,365,77640,77102,3758,1389,0,2
ac2e73e0-e9f1-433d-94ae-6e2ff77072d7,2,1,32,382,77568,492,261,78442,77950,382,1042,0,1
ac2e73e0-e9f1-433d-94ae-6e2ff77072d7,2,1,33,1303,78336,791,509,80430,79639,1303,1910,0,1
ac2e73e0-e9f1-433d-94ae-6e2ff77072d7,2,1,34,224,80256,617,164,81097,80480,224,607,0,1
ac2e73e0-e9f1-433d-94ae-6e2ff77072d7,2,1,35,346,81024,303,118,81673,81370,346,500,68,1
ac2e73e0-e9f1-433d-94ae-6e2ff77072d7,2,1,36,327,81664,1947,1800,83938,81991,327,6952,102,1
ac2e73e0-e9f1-433d-94ae-6e2ff77072d7,2,1,37,5395,83840,189,113,89424,89235,5395,416,103,1
ac2e73e0-e9f1-433d-94ae-6e2ff77072d7,2,1,38,3616,89344,518,339,93478,92960,3616,1484,96,1
ac2e73e0-e9f1-433d-94ae-6e2ff77072d7,2,1,39,2393,93440,1092,745,96925,95833,2393,2894,206,2
ac2e73e0-e9f1-433d-94ae-6e2ff77072d7,2,1,40,210,96768,618,440,97596,96978,210,1685,61,1
ac2e73e0-e9f1-433d-94ae-6e2ff77072d7,2,1,41,2680,97536,515,353,100731,100216,2680,1441,115,1
ac2e73e0-e9f1-433d-94ae-6e2ff77072d7,2,1,42,1593,100608,708,530,102909,102201,1593,1995,0,1
ac2e73e0-e9f1-433d-94ae-6e2ff77072d7,2,1,43,1216,102784,5358,284,109358,104000,1216,989,64,1
ac2e73e0-e9f1-433d-94ae-6e2ff77072d7,2,1,44,228,109184,203,34,109615,109412,228,160,0,1
ac2e73e0-e9f1-433d-94ae-6e2ff77072d7,2,1,45,210,109440,5325,582,114975,109650,210,1873,68,1
ac2e73e0-e9f1-433d-94ae-6e2ff77072d7,2,1,46,1495,114944,214,43,116653,116439,1495,211,0,1
ac2e73e0-e9f1-433d-94ae-6e2ff77072d7,2,1,47,210,116480,5061,409,121751,116690,210,1496,76,1
ac2e73e0-e9f1-433d-94ae-6e2ff77072d7,2,1,48,205,121600,222,6,122027,121805,205,24,0,1
ac2e73e0-e9f1-433d-94ae-6e2ff77072d7,2,1,49,225,121856,5404,765,127485,122081,225,2647,45,1
ac2e73e0-e9f1-433d-94ae-6e2ff77072d7,2,1,50,179,127360,204,43,127743,127539,179,188,0,1
ac2e73e0-e9f1-433d-94ae-6e2ff77072d7,2,1,51,157,127616,2300,1456,130073,127773,157,5394,53,2
ac2e73e0-e9f1-433d-94ae-6e2ff77072d7,2,1,52,229,129920,3577,3461,133726,130149,229,13015,36,1
ac2e73e0-e9f1-433d-94ae-6e2ff77072d7,2,1,53,243,133504,3031,0,136778,133747,243,0,0,1
ac2e73e0-e9f1-433d-94ae-6e2ff77072d7,2,1,54,241,136576,612,394,137429,136817,241,1535,104,1
ac2e73e0-e9f1-433d-94ae-6e2ff77072d7,2,1,55,486,137344,124,48,137954,137830,486,193,92,1
ac2e73e0-e9f1-433d-94ae-6e2ff77072d7,2,1,56,3501,137856,2890,1674,144247,141357,3501,6429,171,1
ac2e73e0-e9f1-433d-94ae-6e2ff77072d7,2,1,57,174,144128,125,33,144427,144302,174,133,0,1
ac2e73e0-e9f1-433d-94ae-6e2ff77072d7,2,1,58,1029,144384,1178,0,146591,145413,1029,0,0,1
ac2e73e0-e9f1-433d-94ae-6e2ff77072d7,2,1,59,199,146432,1199,191,147830,146631,199,751,0,2
ac2e73e0-e9f1-433d-94ae-6e2ff77072d7,2,1,60,194,147712,645,102,148551,147906,194,336,0,2
ac2e73e0-e9f1-433d-94ae-6e2ff77072d7,2,1,61,147,148480,238,20,148865,148627,147,91,0,1
ac2e73e0-e9f1-433d-94ae-6e2ff77072d7,2,1,62,205,148736,1860,623,150801,148941,205,2322,69,2
ac2e73e0-e9f1-433d-94ae-6e2ff77072d7,2,1,63,221,150656,848,610,151725,150877,221,2524,152,2
ac2e73e0-e9f1-433d-94ae-6e2ff77072d7,2,1,64,182,151680,487,320,152349,151862,182,1326,109,1
ac2e73e0-e9f1-433d-94ae-6e2ff77072d7,2,1,65,1493,152320,377,239,154190,153813,1493,936,0,1
ac2e73e0-e9f1-433d-94ae-6e2ff77072d7,2,1,66,1999,154112,1040,425,157151,156111,1999,1671,136,1
ac2e73e0-e9f1-433d-94ae-6e2ff77072d7,2,1,67,704,157056,402,55,158162,157760,704,203,43,1
ac2e73e0-e9f1-433d-94ae-6e2ff77072d7,2,1,68,250,157952,222,0,158424,158202,250,0,0,1
ac2e73e0-e9f1-433d-94ae-6e2ff77072d7,2,1,69,229,158336,1022,892,159587,158565,229,3565,173,1
ac2e73e0-e9f1-433d-94ae-6e2ff77072d7,2,1,70,1893,159488,383,190,161764,161381,1893,769,0,2
ac2e73e0-e9f1-433d-94ae-6e2ff77072d7,2,1,71,175,161664,1526,622,163365,161839,175,2637,0,2
ac2e73e0-e9f1-433d-94ae-6e2ff77072d7,2,1,72,153,163328,240,54,163721,163481,153,238,0,1
ac2e73e0-e9f1-433d-94ae-6e2ff77072d7,2,1,73,165,163584,485,0,164234,163749,165,0,1963,0
aecad63f-f9ac-4428-ba51-fa4643681903,3,1,1,3108,8064,232,0,11404,11172,3108,0,85,2
aecad63f-f9ac-4428-ba51-fa4643681903,3,1,2,6247,11392,315,50,17954,17639,6247,176,0,2
aecad63f-f9ac-4428-ba51-fa4643681903,3,1,3,1086,17920,1275,617,20281,19006,1086,2022,0,2
aecad63f-f9ac-4428-ba51-fa4643681903,3,1,4,2091,20224,1168,30,23483,22315,2091,123,0,2
aecad63f-f9ac-4428-ba51-fa4643681903,3,1,5,625,23424,347,38,24396,24049,625,155,0,2
aecad63f-f9ac-4428-ba51-fa4643681903,3,1,6,236,24192,322,51,24750,24428,236,213,0,2
aecad63f-f9ac-4428-ba51-fa4643681903,3,1,7,255,24576,91,15,24922,24831,255,68,0,1
aecad63f-f9ac-4428-ba51-fa4643681903,3,1,8,1316,24832,403,311,26551,26148,1316,1298,0,1
aecad63f-f9ac-4428-ba51-fa4643681903,3,1,9,487,26496,576,16,27559,26983,487,69,0,1
aecad63f-f9ac-4428-ba51-fa4643681903,3,1,10,181,27392,385,0,27958,27573,181,0,0,2
aecad63f-f9ac-4428-ba51-fa4643681903,3,1,11,254,27776,446,35,28476,28030,254,129,0,2
aecad63f-f9ac-4428-ba51-fa4643681903,3,1,12,340,28416,129,35,28885,28756,340,113,0,2
aecad63f-f9ac-4428-ba51-fa4643681903,3,1,13,3358,28800,287,99,32445,32158,3358,400,0,2
aecad63f-f9ac-4428-ba51-fa4643681903,3,1,14,1897,32384,206,32,34487,34281,1897,133,0,1
aecad63f-f9ac-4428-ba51-fa4643681903,3,1,15,675,34432,118,0,35225,35107,675,0,0,1
aecad63f-f9ac-4428-ba51-fa4643681903,3,1,16,671,35200,449,175,36320,35871,671,599,0,1
aecad63f-f9ac-4428-ba51-fa4643681903,3,1,17,10151,36224,278,52,46653,46375,10151,191,0,1
aecad63f-f9ac-4428-ba51-fa4643681903,3,1,18,3408,46592,537,225,50537,50000,3408,797,0,2
aecad63f-f9ac-4428-ba51-fa4643681903,3,1,19,1633,50432,1127,265,53192,52065,1633,847,0,2
aecad63f-f9ac-4428-ba51-fa4643681903,3,1,20,139,53120,683,489,53942,53259,139,1893,0,2
aecad63f-f9ac-4428-ba51-fa4643681903,3,1,21,218,53888,462,157,54568,54106,218,631,0,2
aecad63f-f9ac-4428-ba51-fa4643681903,3,1,22,1162,54528,350,176,56040,55690,1162,658,0,1
aecad63f-f9ac-4428-ba51-fa4643681903,3,1,23,614,55936,378,82,56928,56550,614,336,0,1
aecad63f-f9ac-4428-ba51-fa4643681903,3,1,24,927,56832,677,359,58436,57759,927,1398,0,2
aecad63f-f9ac-4428-ba51-fa4643681903,3,1,25,1051,58368,775,144,60194,59419,1051,548,0,2
aecad63f-f9ac-4428-ba51-fa4643681903,3,1,26,1521,60160,448,57,62129,61681,1521,240,0,1
aecad63f-f9ac-4428-ba51-fa4643681903,3,1,27,1091,62080,390,133,63561,63171,1091,543,0,1
aecad63f-f9ac-4428-ba51-fa4643681903,3,1,28,6070,63488,285,67,69843,69558,6070,241,0,1
aecad63f-f9ac-4428-ba51-fa4643681903,3,1,29,4436,69760,631,110,74827,74196,4436,413,0,2
aecad63f-f9ac-4428-ba51-fa4643681903,3,1,30,4946,74752,321,180,80019,79698,4946,675,0,1
aecad63f-f9ac-4428-ba51-fa4643681903,3,1,31,186,80000,116,0,80302,80186,186,0,0,1
aecad63f-f9ac-4428-ba51-fa4643681903,3,1,32,1444,80256,582,163,82282,81700,1444,609,0,2
aecad63f-f9ac-4428-ba51-fa4643681903,3,1,33,432,82176,344,0,82952,82608,432,0,0,1
aecad63f-f9ac-4428-ba51-fa4643681903,3,1,34,3574,82944,619,323,87137,86518,3574,1139,0,2
aecad63f-f9ac-4428-ba51-fa4643681903,3,1,35,508,87040,788,440,88336,87548,508,1912,0,1
aecad63f-f9ac-4428-ba51-fa4643681903,3,1,36,252,88320,525,107,89097,88572,252,425,0,2
aecad63f-f9ac-4428-ba51-fa4643681903,3,1,37,609,89088,472,45,90169,89697,609,215,0,2
aecad63f-f9ac-4428-ba51-fa4643681903,3,1,38,2669,90112,434,54,93215,92781,2669,209,0,1
aecad63f-f9ac-4428-ba51-fa4643681903,3,1,39,1439,93184,547,282,95170,94623,1439,974,0,1
aecad63f-f9ac-4428-ba51-fa4643681903,3,1,40,913,95104,198,58,96215,96017,913,235,0,1
aecad63f-f9ac-4428-ba51-fa4643681903,3,1,41,1760,96128,604,435,98492,97888,1760,1570,0,1
aecad63f-f9ac-4428-ba51-fa4643681903,3,1,42,2238,98432,801,545,101471,100670,2238,1934,0,1
aecad63f-f9ac-4428-ba51-fa4643681903,3,1,43,390,101376,332,64,102098,101766,390,241,0,1
aecad63f-f9ac-4428-ba51-fa4643681903,3,1,44,1713,102016,631,299,104360,103729,1713,1211,0,2
aecad63f-f9ac-4428-ba51-fa4643681903,3,1,45,2868,104320,941,221,108129,107188,2868,804,0,2
aecad63f-f9ac-4428-ba51-fa4643681903,3,1,46,604,108032,717,387,109353,108636,604,1485,0,2
aecad63f-f9ac-4428-ba51-fa4643681903,3,1,47,379,109312,703,437,110394,109691,379,1765,0,1
aecad63f-f9ac-4428-ba51-fa4643681903,3,1,48,1330,110336,2385,2078,114051,111666,1330,7404,0,1
aecad63f-f9ac-4428-ba51-fa4643681903,3,1,49,629,114048,7277,3715,121954,114677,629,13238,33,1
aecad63f-f9ac-4428-ba51-fa4643681903,3,1,50,154,121856,188,0,122198,122010,154,0,0,1
aecad63f-f9ac-4428-ba51-fa4643681903,3,1,51,249,121984,3667,161,125900,122233,249,608,0,1
aecad63f-f9ac-4428-ba51-fa4643681903,3,1,52,260,125696,156,0,126112,125956,260,0,0,1
aecad63f-f9ac-4428-ba51-fa4643681903,3,1,53,186,125952,5381,1951,131519,126138,186,6843,0,1
aecad63f-f9ac-4428-ba51-fa4643681903,3,1,54,247,131328,141,0,131716,131575,247,0,0,1
aecad63f-f9ac-4428-ba51-fa4643681903,3,1,55,151,131584,5272,1997,137007,131735,151,6990,0,1
aecad63f-f9ac-4428-ba51-fa4643681903,3,1,56,231,136832,141,0,137204,137063,231,0,0,1
aecad63f-f9ac-4428-ba51-fa4643681903,3,1,57,134,137088,4807,1717,142029,137222,134,5652,0,1
aecad63f-f9ac-4428-ba51-fa4643681903,3,1,58,261,141824,140,0,142225,142085,261,0,0,1
aecad63f-f9ac-4428-ba51-fa4643681903,3,1,59,163,142080,1367,205,143610,142243,163,716,0,2
aecad63f-f9ac-4428-ba51-fa4643681903,3,1,60,202,143488,1261,0,144951,143690,202,0,0,1
aecad63f-f9ac-4428-ba51-fa4643681903,3,1,61,225,144768,697,0,145690,144993,225,0,0,1
aecad63f-f9ac-4428-ba51-fa4643681903,3,1,62,196,145536,142,0,145874,145732,196,0,0,1
aecad63f-f9ac-4428-ba51-fa4643681903,3,1,63,228,145664,1681,192,147573,145892,228,705,0,2
aecad63f-f9ac-4428-ba51-fa4643681903,3,1,64,197,147456,242,0,147895,147653,197,0,0,1
aecad63f-f9ac-4428-ba51-fa4643681903,3,1,65,303,147840,905,453,149048,148143,303,1631,0,1
aecad63f-f9ac-4428-ba51-fa4643681903,3,1,66,202,148864,138,60,149204,149066,202,237,0,1
aecad63f-f9ac-4428-ba51-fa4643681903,3,1,67,1455,149120,820,331,151395,150575,1455,1222,0,1
aecad63f-f9ac-4428-ba51-fa4643681903,3,1,68,141,151296,179,0,151616,151437,141,0,0,1
aecad63f-f9ac-4428-ba51-fa4643681903,3,1,69,218,151424,169,45,151811,151642,218,181,0,1
aecad63f-f9ac-4428-ba51-fa4643681903,3,1,70,170,151680,4009,0,155859,151850,170,0,0,1
aecad63f-f9ac-4428-ba51-fa4643681903,3,1,71,248,155648,628,0,156524,155896,248,0,2246,0
af14560f-2086-4ece-843f-bcf1c8c6454e,3,1,1,2703,7936,188,0,10827,10639,2703,0,86,2
af14560f-2086-4ece-843f-bcf1c8c6454e,3,1,2,3238,10752,310,136,14300,13990,3238,619,0,2
af14560f-2086-4ece-843f-bcf1c8c6454e,3,1,3,2923,14208,279,52,17410,17131,2923,223,71,2
af14560f-2086-4ece-843f-bcf1c8c6454e,3,1,4,6673,17408,579,295,24660,24081,6673,1100,54,2
af14560f-2086-4ece-843f-bcf1c8c6454e,3,1,5,17974,24576,672,317,43222,42550,17974,1135,41,2
af14560f-2086-4ece-843f-bcf1c8c6454e,3,1,6,160,43136,347,46,43643,43296,160,169,0,2
af14560f-2086-4ece-843f-bcf1c8c6454e,3,1,7,49146,43520,331,101,92997,92666,49146,384,0,2
af14560f-2086-4ece-843f-bcf1c8c6454e,3,1,8,270,92928,291,103,93489,93198,270,406,0,2
af14560f-2086-4ece-843f-bcf1c8c6454e,3,1,9,1146,93440,596,368,95182,94586,1146,1425,59,2
af14560f-2086-4ece-843f-bcf1c8c6454e,3,1,10,246,95104,379,123,95729,95350,246,558,0,2
af14560f-2086-4ece-843f-bcf1c8c6454e,3,1,11,576,95616,382,100,96574,96192,576,365,0,2
af14560f-2086-4ece-843f-bcf1c8c6454e,3,1,12,1355,96512,494,262,98361,97867,1355,974,42,2
af14560f-2086-4ece-843f-bcf1c8c6454e,3,1,13,992,98304,216,66,99512,99296,992,257,64,1
af14560f-2086-4ece-843f-bcf1c8c6454e,3,1,14,463,99456,593,332,100512,99919,463,1384,0,2
af14560f-2086-4ece-843f-bcf1c8c6454e,3,1,15,1688,100480,607,289,102775,102168,1688,1176,0,2
af14560f-2086-4ece-843f-bcf1c8c6454e,3,1,16,2380,102656,722,447,105758,105036,2380,1719,79,2
af14560f-2086-4ece-843f-bcf1c8c6454e,3,1,17,2351,105728,531,279,108610,108079,2351,1053,0,2
af14560f-2086-4ece-843f-bcf1c8c6454e,3,1,18,1313,108544,407,206,110264,109857,1313,923,0,2
af14560f-2086-4ece-843f-bcf1c8c6454e,3,1,19,3685,110208,440,143,114333,113893,3685,580,0,1
af14560f-2086-4ece-843f-bcf1c8c6454e,3,1,20,4071,114304,361,80,118736,118375,4071,383,0,2
af14560f-2086-4ece-843f-bcf1c8c6454e,3,1,21,51547,118656,1006,375,171209,170203,51547,1448,60,2
af14560f-2086-4ece-843f-bcf1c8c6454e,3,1,22,1161,171136,308,232,172605,172297,1161,932,0,1
af14560f-2086-4ece-843f-bcf1c8c6454e,3,1,23,210,172416,601,27,173227,172626,210,131,0,2
af14560f-2086-4ece-843f-bcf1c8c6454e,3,1,24,1492,173184,219,143,174895,174676,1492,593,0,1
af14560f-2086-4ece-843f-bcf1c8c6454e,3,1,25,200,174720,265,29,175185,174920,200,116,0,2
af14560f-2086-4ece-843f-bcf1c8c6454e,3,1,26,1466,175104,570,199,177140,176570,1466,808,0,2
af14560f-2086-4ece-843f-bcf1c8c6454e,3,1,27,503,177024,264,39,177791,177527,503,155,0,2
af14560f-2086-4ece-843f-bcf1c8c6454e,3,1,28,6726,177664,509,247,184899,184390,6726,800,0,2
af14560f-2086-4ece-843f-bcf1c8c6454e,3,1,29,6608,184832,1347,1114,192787,191440,6608,3975,0,2
af14560f-2086-4ece-843f-bcf1c8c6454e,3,1,30,9896,192768,685,385,203349,202664,9896,1415,0,2
af14560f-2086-4ece-843f-bcf1c8c6454e,3,1,31,2711,203264,783,373,206758,205975,2711,1529,0,2
af14560f-2086-4ece-843f-bcf1c8c6454e,3,1,32,375,206720,511,141,207606,207095,375,572,0,2
af14560f-2086-4ece-843f-bcf1c8c6454e,3,1,33,1890,207488,486,119,209864,209378,1890,498,0,2
af14560f-2086-4ece-843f-bcf1c8c6454e,3,1,34,2673,209792,362,81,212827,212465,2673,358,0,2
af14560f-2086-4ece-843f-bcf1c8c6454e,3,1,35,1154,212736,5213,1856,219103,213890,1154,7013,60,1
af14560f-2086-4ece-843f-bcf1c8c6454e,3,1,36,153,219008,508,29,219669,219161,153,125,0,1
af14560f-2086-4ece-843f-bcf1c8c6454e,3,1,37,364,219648,788,160,220800,220012,364,595,78,1
af14560f-2086-4ece-843f-bcf1c8c6454e,3,1,38,172,220672,1195,0,222039,220844,172,0,0,1
af14560f-2086-4ece-843f-bcf1c8c6454e,3,1,39,259,221824,690,0,222773,222083,259,0,0,1
af14560f-2086-4ece-843f-bcf1c8c6454e,3,1,40,225,222592,107,0,222924,222817,225,0,0,1
af14560f-2086-4ece-843f-bcf1c8c6454e,3,1,41,233,222720,2280,183,225233,222953,233,658,0,1
af14560f-2086-4ece-843f-bcf1c8c6454e,3,1,42,253,225024,1371,0,226648,225277,253,0,0,1
af14560f-2086-4ece-843f-bcf1c8c6454e,3,1,43,260,226432,94,0,226786,226692,260,0,0,1
af14560f-2086-4ece-843f-bcf1c8c6454e,3,1,44,1134,226688,1005,210,228827,227822,1134,785,0,1
af14560f-2086-4ece-843f-bcf1c8c6454e,3,1,45,556,228736,248,36,229540,229292,556,149,0,2
af14560f-2086-4ece-843f-bcf1c8c6454e,3,1,46,790,229504,170,76,230464,230294,790,340,0,1
af14560f-2086-4ece-843f-bcf1c8c6454e,3,1,47,2237,230400,1593,256,234230,232637,2237,1046,80,1
af14560f-2086-4ece-843f-bcf1c8c6454e,3,1,48,542,234112,617,55,235271,234654,542,214,0,2
af14560f-2086-4ece-843f-bcf1c8c6454e,3,1,49,151,235264,3434,221,238849,235415,151,767,91,1
af14560f-2086-4ece-843f-bcf1c8c6454e,3,1,50,187,238720,152,0,239059,238907,187,0,0,1
af14560f-2086-4ece-843f-bcf1c8c6454e,3,1,51,257,238976,1065,259,240298,239233,257,937,0,1
af14560f-2086-4ece-843f-bcf1c8c6454e,3,1,52,214,240128,718,0,241060,240342,214,0,0,1
af14560f-2086-4ece-843f-bcf1c8c6454e,3,1,53,208,240896,331,0,241435,241104,208,0,0,1
af14560f-2086-4ece-843f-bcf1c8c6454e,3,1,54,203,241280,117,0,241600,241483,203,0,0,1
af14560f-2086-4ece-843f-bcf1c8c6454e,3,1,55,444,241536,700,242,242680,241980,444,922,0,1
af14560f-2086-4ece-843f-bcf1c8c6454e,3,1,56,164,242560,639,0,243363,242724,164,0,0,1
af14560f-2086-4ece-843f-bcf1c8c6454e,3,1,57,207,243200,168,0,243575,243407,207,0,0,1
af14560f-2086-4ece-843f-bcf1c8c6454e,3,1,58,241,243456,491,257,244188,243697,241,979,0,1
af14560f-2086-4ece-843f-bcf1c8c6454e,3,1,59,136,244096,198,0,244430,244232,136,0,0,1
af14560f-2086-4ece-843f-bcf1c8c6454e,3,1,60,250,244224,459,0,244933,244474,250,0,0,1
af14560f-2086-4ece-843f-bcf1c8c6454e,3,1,61,241,244736,270,0,245247,244977,241,0,0,1
af14560f-2086-4ece-843f-bcf1c8c6454e,3,1,62,544,245120,1128,501,246792,245664,544,1695,78,1
af14560f-2086-4ece-843f-bcf1c8c6454e,3,1,63,176,246656,613,0,247445,246832,176,0,2242,0
b0f0ef6b-188b-48bb-a9b0-a808aa6a8393,1,1,1,2651,7936,238,0,10825,10587,2651,0,125,2
b0f0ef6b-188b-48bb-a9b0-a808aa6a8393,1,1,2,1575,10752,319,81,12646,12327,1575,367,0,2
b0f0ef6b-188b-48bb-a9b0-a808aa6a8393,1,1,3,2284,12544,383,143,15211,14828,2284,742,0,2
b0f0ef6b-188b-48bb-a9b0-a808aa6a8393,1,1,4,340,15104,131,45,15575,15444,340,190,0,1
b0f0ef6b-188b-48bb-a9b0-a808aa6a8393,1,1,5,3993,15488,2285,1400,21766,19481,3993,5510,0,5
b0f0ef6b-188b-48bb-a9b0-a808aa6a8393,1,1,6,15999,21760,4811,3301,42570,37759,15999,13910,102,4
b0f0ef6b-188b-48bb-a9b0-a808aa6a8393,1,1,7,4686,42496,1662,587,48844,47182,4686,1900,0,4
b0f0ef6b-188b-48bb-a9b0-a808aa6a8393,1,1,8,2735,48768,806,567,52309,51503,2735,2074,71,4
b0f0ef6b-188b-48bb-a9b0-a808aa6a8393,1,1,9,4473,52224,833,342,57530,56697,4473,1357,0,3
b0f0ef6b-188b-48bb-a9b0-a808aa6a8393,1,1,10,9457,57472,1085,417,68014,66929,9457,1779,0,3
b0f0ef6b-188b-48bb-a9b0-a808aa6a8393,1,1,11,1021,67968,1802,617,70791,68989,1021,2396,0,4
b0f0ef6b-188b-48bb-a9b0-a808aa6a8393,1,1,12,2453,70784,1101,506,74338,73237,2453,2012,0,4
b0f0ef6b-188b-48bb-a9b0-a808aa6a8393,1,1,13,9142,74240,1687,1175,85069,83382,9142,4630,0,2
b0f0ef6b-188b-48bb-a9b0-a808aa6a8393,1,1,14,1703,84992,1659,1102,88354,86695,1703,4273,0,4
b0f0ef6b-188b-48bb-a9b0-a808aa6a8393,1,1,15,2040,88320,4887,4660,95247,90360,2040,18837,0,4
b0f0ef6b-188b-48bb-a9b0-a808aa6a8393,1,1,16,4507,95232,1656,911,101395,99739,4507,3622,0,2
b0f0ef6b-188b-48bb-a9b0-a808aa6a8393,1,1,17,556,101376,1070,541,103002,101932,556,2100,0,3
b0f0ef6b-188b-48bb-a9b0-a808aa6a8393,1,1,18,10002,102912,1944,1051,114858,112914,10002,4400,0,2
b0f0ef6b-188b-48bb-a9b0-a808aa6a8393,1,1,19,712,114816,3081,1955,118609,115528,712,7280,0,3
b0f0ef6b-188b-48bb-a9b0-a808aa6a8393,1,1,20,1407,118528,1634,1019,121569,119935,1407,3939,0,1
b0f0ef6b-188b-48bb-a9b0-a808aa6a8393,1,1,21,844,121472,3222,2895,125538,122316,844,9928,49,1
b0f0ef6b-188b-48bb-a9b0-a808aa6a8393,1,1,22,254,125312,7226,5,132792,125566,254,19,0,1
b0f0ef6b-188b-48bb-a9b0-a808aa6a8393,1,1,23,240,132608,136,10,132984,132848,240,43,0,1
b0f0ef6b-188b-48bb-a9b0-a808aa6a8393,1,1,24,338,132864,165,66,133367,133202,338,258,0,1
b0f0ef6b-188b-48bb-a9b0-a808aa6a8393,1,1,25,135,133248,2152,412,135535,133383,135,1412,63,3
b0f0ef6b-188b-48bb-a9b0-a808aa6a8393,1,1,26,229,135424,3037,19,138690,135653,229,41,0,3
b0f0ef6b-188b-48bb-a9b0-a808aa6a8393,1,1,27,184,138624,117,0,138925,138808,184,0,0,1
b0f0ef6b-188b-48bb-a9b0-a808aa6a8393,1,1,28,206,138752,3141,1227,142099,138958,206,4779,0,3
b0f0ef6b-188b-48bb-a9b0-a808aa6a8393,1,1,29,137,142080,98,0,142315,142217,137,0,0,1
b0f0ef6b-188b-48bb-a9b0-a808aa6a8393,1,1,30,251,142080,3078,636,145409,142331,251,2410,0,3
b0f0ef6b-188b-48bb-a9b0-a808aa6a8393,1,1,31,247,145280,98,0,145625,145527,247,0,0,1
b0f0ef6b-188b-48bb-a9b0-a808aa6a8393,1,1,32,233,145408,1616,135,147257,145641,233,441,0,3
b0f0ef6b-188b-48bb-a9b0-a808aa6a8393,1,1,33,175,147200,98,0,147473,147375,175,0,0,1
b0f0ef6b-188b-48bb-a9b0-a808aa6a8393,1,1,34,161,147328,1563,297,149052,147489,161,1209,0,4
b0f0ef6b-188b-48bb-a9b0-a808aa6a8393,1,1,35,216,148992,98,0,149306,149208,216,0,0,1
b0f0ef6b-188b-48bb-a9b0-a808aa6a8393,1,1,36,202,149120,1756,159,151078,149322,202,551,0,3
b0f0ef6b-188b-48bb-a9b0-a808aa6a8393,1,1,37,156,151040,142,0,151338,151196,156,0,0,1
b0f0ef6b-188b-48bb-a9b0-a808aa6a8393,1,1,38,1270,151296,1810,369,154376,152566,1270,1648,0,3
b0f0ef6b-188b-48bb-a9b0-a808aa6a8393,1,1,39,254,154240,141,0,154635,154494,254,0,0,1
b0f0ef6b-188b-48bb-a9b0-a808aa6a8393,1,1,40,180,154496,618,124,155294,154676,180,489,0,2
b0f0ef6b-188b-48bb-a9b0-a808aa6a8393,1,1,41,238,155136,97,0,155471,155374,238,0,0,1
b0f0ef6b-188b-48bb-a9b0-a808aa6a8393,1,1,42,223,155264,814,132,156301,155487,223,534,0,2
b0f0ef6b-188b-48bb-a9b0-a808aa6a8393,1,1,43,221,156160,153,0,156534,156381,221,0,0,1
b0f0ef6b-188b-48bb-a9b0-a808aa6a8393,1,1,44,323,156416,305,211,157044,156739,323,877,0,1
b0f0ef6b-188b-48bb-a9b0-a808aa6a8393,1,1,45,4817,156928,575,193,162320,161745,4817,719,0,2
b0f0ef6b-188b-48bb-a9b0-a808aa6a8393,1,1,46,224,162176,1515,33,163915,162400,224,165,0,2
b0f0ef6b-188b-48bb-a9b0-a808aa6a8393,1,1,47,153,163840,314,0,164307,163993,153,0,0,1
b0f0ef6b-188b-48bb-a9b0-a808aa6a8393,1,1,48,239,164096,545,0,164880,164335,239,0,2207,0
b1c47186-e044-4c6c-9148-2f6913193f95,2,1,1,3053,7936,192,0,11181,10989,3053,0,87,2
b1c47186-e044-4c6c-9148-2f6913193f95,2,1,2,4280,11136,277,92,15693,15416,4280,380,0,2
b1c47186-e044-4c6c-9148-2f6913193f95,2,1,3,5418,15616,6471,472,27505,21034,5418,1964,178,5
b1c47186-e044-4c6c-9148-2f6913193f95,2,1,4,291,27392,1157,762,28840,27683,291,2784,67,4
b1c47186-e044-4c6c-9148-2f6913193f95,2,1,5,16421,27648,564,253,44633,44069,16421,880,49,2
b1c47186-e044-4c6c-9148-2f6913193f95,2,1,6,4809,44544,1295,765,50648,49353,4809,2752,171,3
b1c47186-e044-4c6c-9148-2f6913193f95,2,1,7,13778,50560,1229,982,65567,64338,13778,3362,100,2
b1c47186-e044-4c6c-9148-2f6913193f95,2,1,8,2538,65536,192,67,68266,68074,2538,273,0,1
b1c47186-e044-4c6c-9148-2f6913193f95,2,1,9,1059,68224,672,218,69955,69283,1059,846,106,3
b1c47186-e044-4c6c-9148-2f6913193f95,2,1,10,1633,69888,1293,783,72814,71521,1633,2659,86,2
b1c47186-e044-4c6c-9148-2f6913193f95,2,1,11,573,72704,123,45,73400,73277,573,139,0,2
b1c47186-e044-4c6c-9148-2f6913193f95,2,1,12,6581,73344,471,273,80396,79925,6581,946,0,2
b1c47186-e044-4c6c-9148-2f6913193f95,2,1,13,3156,80384,1145,761,84685,83540,3156,2452,0,2
b1c47186-e044-4c6c-9148-2f6913193f95,2,1,14,1456,84608,212,69,86276,86064,1456,225,0,2
b1c47186-e044-4c6c-9148-2f6913193f95,2,1,15,47674,86272,753,456,134699,133946,47674,1647,67,2
b1c47186-e044-4c6c-9148-2f6913193f95,2,1,16,1150,134656,875,498,136681,135806,1150,1814,0,2
b1c47186-e044-4c6c-9148-2f6913193f95,2,1,17,5132,136576,301,215,142009,141708,5132,792,0,2
b1c47186-e044-4c6c-9148-2f6913193f95,2,1,18,11675,141952,893,545,154520,153627,11675,2002,137,1
b1c47186-e044-4c6c-9148-2f6913193f95,2,1,19,171,154368,251,37,154790,154539,171,182,0,1
b1c47186-e044-4c6c-9148-2f6913193f95,2,1,20,206,154624,1355,784,156185,154830,206,2643,0,2
b1c47186-e044-4c6c-9148-2f6913193f95,2,1,21,914,156160,935,642,158009,157074,914,2306,0,2
b1c47186-e044-4c6c-9148-2f6913193f95,2,1,22,522,157952,862,563,159336,158474,522,1958,0,1
b1c47186-e044-4c6c-9148-2f6913193f95,2,1,23,253,159104,464,157,159821,159357,253,641,0,2
b1c47186-e044-4c6c-9148-2f6913193f95,2,1,24,904,159744,576,295,161224,160648,904,1075,0,1
b1c47186-e044-4c6c-9148-2f6913193f95,2,1,25,227,161152,99,0,161478,161379,227,0,0,1
b1c47186-e044-4c6c-9148-2f6913193f95,2,1,26,876,161408,289,160,162573,162284,876,667,0,2
b1c47186-e044-4c6c-9148-2f6913193f95,2,1,27,2594,162560,632,251,165786,165154,2594,927,0,2
b1c47186-e044-4c6c-9148-2f6913193f95,2,1,28,181,165632,1414,960,167227,165813,181,3283,0,2
b1c47186-e044-4c6c-9148-2f6913193f95,2,1,29,783,167168,739,549,168690,167951,783,2097,0,1
b1c47186-e044-4c6c-9148-2f6913193f95,2,1,30,287,168576,402,291,169265,168863,287,1118,0,2
b1c47186-e044-4c6c-9148-2f6913193f95,2,1,31,14635,169216,1688,1533,185539,183851,14635,5924,78,2
b1c47186-e044-4c6c-9148-2f6913193f95,2,1,32,240,185472,4150,1229,189862,185712,240,3950,82,1
b1c47186-e044-4c6c-9148-2f6913193f95,2,1,33,221,189696,914,502,190831,189917,221,1833,0,1
b1c47186-e044-4c6c-9148-2f6913193f95,2,1,34,399,190720,873,513,191992,191119,399,1851,0,1
b1c47186-e044-4c6c-9148-2f6913193f95,2,1,35,356,191872,648,302,192876,192228,356,1190,0,2
b1c47186-e044-4c6c-9148-2f6913193f95,2,1,36,312,192768,174,74,193254,193080,312,308,0,1
b1c47186-e044-4c6c-9148-2f6913193f95,2,1,37,136,193152,131,24,193419,193288,136,90,0,2
b1c47186-e044-4c6c-9148-2f6913193f95,2,1,38,203,193408,122,47,193733,193611,203,159,45,1
b1c47186-e044-4c6c-9148-2f6913193f95,2,1,39,3697,193664,3687,1664,201048,197361,3697,6329,65,1
b1c47186-e044-4c6c-9148-2f6913193f95,2,1,40,257,200832,158,65,201247,201089,257,307,0,1
b1c47186-e044-4c6c-9148-2f6913193f95,2,1,41,1956,201216,109,35,203281,203172,1956,136,50,1
b1c47186-e044-4c6c-9148-2f6913193f95,2,1,42,3334,203264,3636,783,210234,206598,3334,2329,0,1
b1c47186-e044-4c6c-9148-2f6913193f95,2,1,43,227,210048,682,76,210957,210275,227,298,65,1
b1c47186-e044-4c6c-9148-2f6913193f95,2,1,44,1414,210944,138,26,212496,212358,1414,100,60,1
b1c47186-e044-4c6c-9148-2f6913193f95,2,1,45,789,212480,184,91,213453,213269,789,361,0,1
b1c47186-e044-4c6c-9148-2f6913193f95,2,1,46,149,213376,577,291,214102,213525,149,1190,0,1
b1c47186-e044-4c6c-9148-2f6913193f95,2,1,47,249,214016,145,39,214410,214265,249,146,0,2
b1c47186-e044-4c6c-9148-2f6913193f95,2,1,48,263,214400,78,15,214741,214663,263,56,0,1
b1c47186-e044-4c6c-9148-2f6913193f95,2,1,49,3256,214656,609,35,218521,217912,3256,162,0,1
b1c47186-e044-4c6c-9148-2f6913193f95,2,1,50,392,218496,3143,654,222031,218888,392,2193,0,1
b1c47186-e044-4c6c-9148-2f6913193f95,2,1,51,248,221824,104,13,222176,222072,248,51,0,1
b1c47186-e044-4c6c-9148-2f6913193f95,2,1,52,2431,222080,153,62,224664,224511,2431,220,0,1
b1c47186-e044-4c6c-9148-2f6913193f95,2,1,53,255,224512,1070,979,225837,224767,255,3882,0,1
b1c47186-e044-4c6c-9148-2f6913193f95,2,1,54,189,225792,2111,144,228092,225981,189,581,90,1
b1c47186-e044-4c6c-9148-2f6913193f95,2,1,55,165,227968,66,43,228199,228133,165,211,0,1
b1c47186-e044-4c6c-9148-2f6913193f95,2,1,56,257,228096,677,331,229030,228353,257,1170,93,1
b1c47186-e044-4c6c-9148-2f6913193f95,2,1,57,242,228992,422,274,229656,229234,242,999,0,1
b1c47186-e044-4c6c-9148-2f6913193f95,2,1,58,196,229632,338,234,230166,229828,196,983,0,1
b1c47186-e044-4c6c-9148-2f6913193f95,2,1,59,164,230016,417,269,230597,230180,164,1158,0,1
b1c47186-e044-4c6c-9148-2f6913193f95,2,1,60,174,230528,231,41,230933,230702,174,161,0,2
b1c47186-e044-4c6c-9148-2f6913193f95,2,1,61,5767,230912,532,437,237211,236679,5767,1587,0,1
b1c47186-e044-4c6c-9148-2f6913193f95,2,1,62,207,237056,899,422,238162,237263,207,1495,78,2
b1c47186-e044-4c6c-9148-2f6913193f95,2,1,63,678,238080,329,166,239087,238758,678,609,0,2
b1c47186-e044-4c6c-9148-2f6913193f95,2,1,64,2396,238976,1868,1729,243240,241372,2396,6938,0,1
b1c47186-e044-4c6c-9148-2f6913193f95,2,1,65,252,243072,2415,331,245739,243324,252,1206,98,1
b1c47186-e044-4c6c-9148-2f6913193f95,2,1,66,148,245632,452,113,246232,245780,148,440,0,2
b1c47186-e044-4c6c-9148-2f6913193f95,2,1,67,166,246144,177,48,246487,246310,166,209,0,1
b1c47186-e044-4c6c-9148-2f6913193f95,2,1,68,250,246272,13870,1321,260392,246522,250,4323,134,1
b1c47186-e044-4c6c-9148-2f6913193f95,2,1,69,223,260224,550,424,260997,260447,223,1608,0,1
b1c47186-e044-4c6c-9148-2f6913193f95,2,1,70,164,260864,12242,1203,273270,261028,164,4680,112,1
b1c47186-e044-4c6c-9148-2f6913193f95,2,1,71,173,273152,299,46,273624,273325,173,210,0,1
b1c47186-e044-4c6c-9148-2f6913193f95,2,1,72,301,273536,502,155,274339,273837,301,640,85,1
b1c47186-e044-4c6c-9148-2f6913193f95,2,1,73,244,274304,1159,625,275707,274548,244,2563,141,2
b1c47186-e044-4c6c-9148-2f6913193f95,2,1,74,223,275584,143,62,275950,275807,223,285,70,1
b1c47186-e044-4c6c-9148-2f6913193f95,2,1,75,3842,275840,1315,776,280997,279682,3842,2484,148,1
b1c47186-e044-4c6c-9148-2f6913193f95,2,1,76,384,280960,396,143,281740,281344,384,570,0,1
b1c47186-e044-4c6c-9148-2f6913193f95,2,1,77,188,281600,492,137,282280,281788,188,476,0,1
b1c47186-e044-4c6c-9148-2f6913193f95,2,1,78,258,282240,334,123,282832,282498,258,597,107,1
b1c47186-e044-4c6c-9148-2f6913193f95,2,1,79,752,282752,754,445,284258,283504,752,1463,0,1
b1c47186-e044-4c6c-9148-2f6913193f95,2,1,80,264,284160,1764,234,286188,284424,264,991,108,1
b1c47186-e044-4c6c-9148-2f6913193f95,2,1,81,149,286080,1498,455,287727,286229,149,2016,0,1
b1c47186-e044-4c6c-9148-2f6913193f95,2,1,82,152,287616,1656,0,289424,287768,152,0,0,1
b1c47186-e044-4c6c-9148-2f6913193f95,2,1,83,185,289280,1155,472,290620,289465,185,1756,0,2
b1c47186-e044-4c6c-9148-2f6913193f95,2,1,84,138,290560,253,58,290951,290698,138,234,0,1
b1c47186-e044-4c6c-9148-2f6913193f95,2,1,85,1030,290944,797,247,292771,291974,1030,1134,96,2
b1c47186-e044-4c6c-9148-2f6913193f95,2,1,86,884,292736,448,90,294068,293620,884,410,90,1
b1c47186-e044-4c6c-9148-2f6913193f95,2,1,87,209,293888,234,65,294331,294097,209,253,89,1
b1c47186-e044-4c6c-9148-2f6913193f95,2,1,88,476,294272,272,131,295020,294748,476,463,0,1
b1c47186-e044-4c6c-9148-2f6913193f95,2,1,89,258,294784,1693,0,296735,295042,258,0,0,1
b1c47186-e044-4c6c-9148-2f6913193f95,2,1,90,196,296576,730,36,297502,296772,196,144,2563,0
b61859d5-9abc-4cc9-8ea7-06c15e81ef05,1,1,1,2592,7936,200,0,10728,10528,2592,0,84,2
b61859d5-9abc-4cc9-8ea7-06c15e81ef05,1,1,2,1718,10624,205,14,12547,12342,1718,82,0,2
b61859d5-9abc-4cc9-8ea7-06c15e81ef05,1,1,3,1796,12544,421,238,14761,14340,1796,974,0,2
b61859d5-9abc-4cc9-8ea7-06c15e81ef05,1,1,4,7697,14720,463,265,22880,22417,7697,1169,0,2
b61859d5-9abc-4cc9-8ea7-06c15e81ef05,1,1,5,7742,22784,6544,531,37070,30526,7742,2270,0,6
b61859d5-9abc-4cc9-8ea7-06c15e81ef05,1,1,6,3233,34048,243,40,37524,37281,3233,179,0,2
b61859d5-9abc-4cc9-8ea7-06c15e81ef05,1,1,7,10340,37504,192,48,48036,47844,10340,217,0,2
b61859d5-9abc-4cc9-8ea7-06c15e81ef05,1,1,8,5659,48000,791,418,54450,53659,5659,1792,0,2
b61859d5-9abc-4cc9-8ea7-06c15e81ef05,1,1,9,4287,54400,578,352,59265,58687,4287,1260,0,2
b61859d5-9abc-4cc9-8ea7-06c15e81ef05,1,1,10,312,59264,462,137,60038,59576,312,552,0,1
b61859d5-9abc-4cc9-8ea7-06c15e81ef05,1,1,11,421,60032,211,41,60664,60453,421,130,0,1
b61859d5-9abc-4cc9-8ea7-06c15e81ef05,1,1,12,288,60544,241,0,61073,60832,288,0,0,1
b61859d5-9abc-4cc9-8ea7-06c15e81ef05,1,1,13,1626,61056,196,78,62878,62682,1626,326,0,1
b61859d5-9abc-4cc9-8ea7-06c15e81ef05,1,1,14,237,62720,101,0,63058,62957,237,0,0,1
b61859d5-9abc-4cc9-8ea7-06c15e81ef05,1,1,15,1093,62976,232,104,64301,64069,1093,349,0,1
b61859d5-9abc-4cc9-8ea7-06c15e81ef05,1,1,16,519,64256,103,0,64878,64775,519,0,0,1
b61859d5-9abc-4cc9-8ea7-06c15e81ef05,1,1,17,1309,64768,306,188,66383,66077,1309,822,0,1
b61859d5-9abc-4cc9-8ea7-06c15e81ef05,1,1,18,1265,66304,274,173,67843,67569,1265,699,0,1
b61859d5-9abc-4cc9-8ea7-06c15e81ef05,1,1,19,1548,67840,242,117,69630,69388,1548,444,0,1
b61859d5-9abc-4cc9-8ea7-06c15e81ef05,1,1,20,1037,69504,179,78,70720,70541,1037,328,0,1
b61859d5-9abc-4cc9-8ea7-06c15e81ef05,1,1,21,2771,70656,197,95,73624,73427,2771,382,0,1
b61859d5-9abc-4cc9-8ea7-06c15e81ef05,1,1,22,1661,73600,659,384,75920,75261,1661,1565,0,1
b61859d5-9abc-4cc9-8ea7-06c15e81ef05,1,1,23,169,75776,293,174,76238,75945,169,725,0,1
b61859d5-9abc-4cc9-8ea7-06c15e81ef05,1,1,24,4915,76160,201,106,81276,81075,4915,503,0,1
b61859d5-9abc-4cc9-8ea7-06c15e81ef05,1,1,25,154,81152,221,119,81527,81306,154,452,0,1
b61859d5-9abc-4cc9-8ea7-06c15e81ef05,1,1,26,1627,81408,448,327,83483,83035,1627,1511,0,1
b61859d5-9abc-4cc9-8ea7-06c15e81ef05,1,1,27,197,83456,242,100,83895,83653,197,392,0,1
b61859d5-9abc-4cc9-8ea7-06c15e81ef05,1,1,28,5260,83840,215,123,89315,89100,5260,485,0,1
b61859d5-9abc-4cc9-8ea7-06c15e81ef05,1,1,29,242,89088,182,62,89512,89330,242,278,0,1
b61859d5-9abc-4cc9-8ea7-06c15e81ef05,1,1,30,4512,89472,615,310,94599,93984,4512,1220,0,1
b61859d5-9abc-4cc9-8ea7-06c15e81ef05,1,1,31,205,94464,375,254,95044,94669,205,1014,0,1
b61859d5-9abc-4cc9-8ea7-06c15e81ef05,1,1,32,258,94976,204,50,95438,95234,258,208,0,1
b61859d5-9abc-4cc9-8ea7-06c15e81ef05,1,1,33,650,95360,152,53,96162,96010,650,209,0,1
b61859d5-9abc-4cc9-8ea7-06c15e81ef05,1,1,34,1338,96128,164,67,97630,97466,1338,296,0,1
b61859d5-9abc-4cc9-8ea7-06c15e81ef05,1,1,35,248,97408,248,105,97904,97656,248,361,0,1
b61859d5-9abc-4cc9-8ea7-06c15e81ef05,1,1,36,1309,97792,713,123,99814,99101,1309,539,0,2
b61859d5-9abc-4cc9-8ea7-06c15e81ef05,1,1,37,327,99712,254,100,100293,100039,327,423,0,1
b61859d5-9abc-4cc9-8ea7-06c15e81ef05,1,1,38,248,100096,152,96,100496,100344,248,365,0,1
b61859d5-9abc-4cc9-8ea7-06c15e81ef05,1,1,39,611,100480,190,84,101281,101091,611,366,0,2
b61859d5-9abc-4cc9-8ea7-06c15e81ef05,1,1,40,229,101248,332,186,101809,101477,229,754,0,1
b61859d5-9abc-4cc9-8ea7-06c15e81ef05,1,1,41,582,101760,433,134,102775,102342,582,457,0,2
b61859d5-9abc-4cc9-8ea7-06c15e81ef05,1,1,42,54098,102656,228,135,156982,156754,54098,578,0,1
b61859d5-9abc-4cc9-8ea7-06c15e81ef05,1,1,43,197,156800,375,224,157372,156997,197,896,0,1
b61859d5-9abc-4cc9-8ea7-06c15e81ef05,1,1,44,223,157312,381,52,157916,157535,223,204,0,1
b61859d5-9abc-4cc9-8ea7-06c15e81ef05,1,1,45,255,157696,192,46,158143,157951,255,158,0,2
b61859d5-9abc-4cc9-8ea7-06c15e81ef05,1,1,46,4266,158080,417,259,162763,162346,4266,1052,0,1
b61859d5-9abc-4cc9-8ea7-06c15e81ef05,1,1,47,828,162688,114,41,163630,163516,828,165,0,1
b61859d5-9abc-4cc9-8ea7-06c15e81ef05,1,1,48,2117,163584,217,124,165918,165701,2117,453,0,1
b61859d5-9abc-4cc9-8ea7-06c15e81ef05,1,1,49,188,165760,588,449,166536,165948,188,1938,0,1
b61859d5-9abc-4cc9-8ea7-06c15e81ef05,1,1,50,1511,166528,491,143,168530,168039,1511,575,0,1
b61859d5-9abc-4cc9-8ea7-06c15e81ef05,1,1,51,530,168448,423,82,169401,168978,530,324,0,1
b61859d5-9abc-4cc9-8ea7-06c15e81ef05,1,1,52,338,169344,165,72,169847,169682,338,308,0,1
b61859d5-9abc-4cc9-8ea7-06c15e81ef05,1,1,53,149,169728,691,570,170568,169877,149,2434,0,1
b61859d5-9abc-4cc9-8ea7-06c15e81ef05,1,1,54,245,170368,1318,1159,171931,170613,245,4290,0,1
b61859d5-9abc-4cc9-8ea7-06c15e81ef05,1,1,55,665,171904,260,149,172829,172569,665,683,0,1
b61859d5-9abc-4cc9-8ea7-06c15e81ef05,1,1,56,135,172800,123,55,173058,172935,135,197,0,1
b61859d5-9abc-4cc9-8ea7-06c15e81ef05,1,1,57,3851,173056,241,150,177148,176907,3851,547,0,1
b61859d5-9abc-4cc9-8ea7-06c15e81ef05,1,1,58,862,177024,7848,1071,185734,177886,862,3891,94,1
b61859d5-9abc-4cc9-8ea7-06c15e81ef05,1,1,59,194,185600,131,15,185925,185794,194,64,0,1
b61859d5-9abc-4cc9-8ea7-06c15e81ef05,1,1,60,135,185856,384,220,186375,185991,135,855,0,2
b61859d5-9abc-4cc9-8ea7-06c15e81ef05,1,1,61,1562,186368,1051,371,188981,187930,1562,1623,0,2
b61859d5-9abc-4cc9-8ea7-06c15e81ef05,1,1,62,141,188928,313,131,189382,189069,141,553,0,1
b61859d5-9abc-4cc9-8ea7-06c15e81ef05,1,1,63,219,189184,276,184,189679,189403,219,745,0,1
b61859d5-9abc-4cc9-8ea7-06c15e81ef05,1,1,64,213,189568,90,0,189871,189781,213,0,0,1
b61859d5-9abc-4cc9-8ea7-06c15e81ef05,1,1,65,250,189824,160,51,190234,190074,250,230,0,1
b61859d5-9abc-4cc9-8ea7-06c15e81ef05,1,1,66,238,190080,570,547,190888,190318,238,2108,0,1
b61859d5-9abc-4cc9-8ea7-06c15e81ef05,1,1,67,225,190848,6365,317,197438,191073,225,1276,0,1
b61859d5-9abc-4cc9-8ea7-06c15e81ef05,1,1,68,250,197248,174,63,197672,197498,250,220,0,1
b61859d5-9abc-4cc9-8ea7-06c15e81ef05,1,1,69,155,197632,194,74,197981,197787,155,316,0,1
b61859d5-9abc-4cc9-8ea7-06c15e81ef05,1,1,70,833,197888,160,69,198881,198721,833,275,0,1
b61859d5-9abc-4cc9-8ea7-06c15e81ef05,1,1,71,5648,198784,8027,1169,212459,204432,5648,4147,120,1
b61859d5-9abc-4cc9-8ea7-06c15e81ef05,1,1,72,167,212352,109,0,212628,212519,167,0,0,1
b61859d5-9abc-4cc9-8ea7-06c15e81ef05,1,1,73,238,212608,229,84,213075,212846,238,326,0,1
b61859d5-9abc-4cc9-8ea7-06c15e81ef05,1,1,74,299,212992,137,45,213428,213291,299,200,0,1
b61859d5-9abc-4cc9-8ea7-06c15e81ef05,1,1,75,4702,213376,7328,576,225406,218078,4702,2173,0,1
b61859d5-9abc-4cc9-8ea7-06c15e81ef05,1,1,76,186,225280,273,33,225739,225466,186,137,0,2
b61859d5-9abc-4cc9-8ea7-06c15e81ef05,1,1,77,335,225664,4190,704,230189,225999,335,2652,0,1
b61859d5-9abc-4cc9-8ea7-06c15e81ef05,1,1,78,219,230016,1909,86,232144,230235,219,342,0,2
b61859d5-9abc-4cc9-8ea7-06c15e81ef05,1,1,79,168,232064,436,80,232668,232232,168,305,0,2
b61859d5-9abc-4cc9-8ea7-06c15e81ef05,1,1,80,352,232576,317,77,233245,232928,352,335,0,1
b61859d5-9abc-4cc9-8ea7-06c15e81ef05,1,1,81,211,233088,2414,806,235713,233299,211,3146,0,2
b61859d5-9abc-4cc9-8ea7-06c15e81ef05,1,1,82,153,235648,205,53,236006,235801,153,252,0,1
b61859d5-9abc-4cc9-8ea7-06c15e81ef05,1,1,83,261,235776,7049,672,243086,236037,261,2487,0,1
b61859d5-9abc-4cc9-8ea7-06c15e81ef05,1,1,84,202,242944,193,0,243339,243146,202,0,0,1
b61859d5-9abc-4cc9-8ea7-06c15e81ef05,1,1,85,1213,243328,1629,536,246170,244541,1213,2141,0,2
b61859d5-9abc-4cc9-8ea7-06c15e81ef05,1,1,86,1115,246144,936,118,248195,247259,1115,475,0,2
b61859d5-9abc-4cc9-8ea7-06c15e81ef05,1,1,87,219,248064,153,37,248436,248283,219,176,0,2
b61859d5-9abc-4cc9-8ea7-06c15e81ef05,1,1,88,515,248320,300,191,249135,248835,515,883,0,1
b61859d5-9abc-4cc9-8ea7-06c15e81ef05,1,1,89,1852,249088,2292,1163,253232,250940,1852,4672,0,3
b61859d5-9abc-4cc9-8ea7-06c15e81ef05,1,1,90,178,253184,699,219,254061,253362,178,938,0,2
b61859d5-9abc-4cc9-8ea7-06c15e81ef05,1,1,91,248,253952,949,486,255149,254200,248,1800,0,2
b61859d5-9abc-4cc9-8ea7-06c15e81ef05,1,1,92,2652,255104,528,149,258284,257756,2652,664,0,1
b61859d5-9abc-4cc9-8ea7-06c15e81ef05,1,1,93,374,258176,575,84,259125,258550,374,297,0,1
b61859d5-9abc-4cc9-8ea7-06c15e81ef05,1,1,94,433,259072,144,61,259649,259505,433,248,0,1
b61859d5-9abc-4cc9-8ea7-06c15e81ef05,1,1,95,265,259584,707,352,260556,259849,265,1546,0,2
b61859d5-9abc-4cc9-8ea7-06c15e81ef05,1,1,96,2979,260480,545,336,264004,263459,2979,1437,0,1
b61859d5-9abc-4cc9-8ea7-06c15e81ef05,1,1,97,155,263936,858,446,264949,264091,155,1857,0,2
b61859d5-9abc-4cc9-8ea7-06c15e81ef05,1,1,98,236,264832,377,104,265445,265068,236,392,0,1
b61859d5-9abc-4cc9-8ea7-06c15e81ef05,1,1,99,262,265344,320,238,265926,265606,262,976,0,1
b61859d5-9abc-4cc9-8ea7-06c15e81ef05,1,1,100,1580,265856,372,264,267808,267436,1580,1212,0,1
b61859d5-9abc-4cc9-8ea7-06c15e81ef05,1,1,101,540,267776,274,128,268590,268316,540,525,0,1
b61859d5-9abc-4cc9-8ea7-06c15e81ef05,1,1,102,480,268544,291,185,269315,269024,480,719,0,1
b61859d5-9abc-4cc9-8ea7-06c15e81ef05,1,1,103,2957,269312,2972,645,275241,272269,2957,2658,110,1
b61859d5-9abc-4cc9-8ea7-06c15e81ef05,1,1,104,215,275072,254,106,275541,275287,215,469,0,1
b61859d5-9abc-4cc9-8ea7-06c15e81ef05,1,1,105,3219,275456,1959,858,280634,278675,3219,3486,0,2
b61859d5-9abc-4cc9-8ea7-06c15e81ef05,1,1,106,146,280576,1202,490,281924,280722,146,1921,0,2
b61859d5-9abc-4cc9-8ea7-06c15e81ef05,1,1,107,156,281856,268,42,282280,282012,156,185,0,1
b61859d5-9abc-4cc9-8ea7-06c15e81ef05,1,1,108,1991,282240,2072,923,286303,284231,1991,3603,111,2
b61859d5-9abc-4cc9-8ea7-06c15e81ef05,1,1,109,183,286208,1162,188,287553,286391,183,842,0,3
b61859d5-9abc-4cc9-8ea7-06c15e81ef05,1,1,110,195,287488,1827,340,289510,287683,195,1222,0,4
b61859d5-9abc-4cc9-8ea7-06c15e81ef05,1,1,111,274,289408,179,0,289861,289682,274,0,0,1
b61859d5-9abc-4cc9-8ea7-06c15e81ef05,1,1,112,227,289664,1156,1057,291047,289891,227,4302,0,1
b61859d5-9abc-4cc9-8ea7-06c15e81ef05,1,1,113,139,290944,1265,0,292348,291083,139,0,0,1
b61859d5-9abc-4cc9-8ea7-06c15e81ef05,1,1,114,159,292224,2412,647,294795,292383,159,2739,0,3
b61859d5-9abc-4cc9-8ea7-06c15e81ef05,1,1,115,186,294784,161,63,295131,294970,186,267,0,1
b61859d5-9abc-4cc9-8ea7-06c15e81ef05,1,1,116,2720,295040,1001,20,298761,297760,2720,71,0,3
b61859d5-9abc-4cc9-8ea7-06c15e81ef05,1,1,117,139,298752,1515,82,300406,298891,139,298,0,3
b61859d5-9abc-4cc9-8ea7-06c15e81ef05,1,1,118,1426,300288,2106,1110,303820,301714,1426,4210,75,3
b61859d5-9abc-4cc9-8ea7-06c15e81ef05,1,1,119,206,303744,874,163,304824,303950,206,728,0,3
b61859d5-9abc-4cc9-8ea7-06c15e81ef05,1,1,120,166,304768,2685,975,307619,304934,166,3802,0,5
b61859d5-9abc-4cc9-8ea7-06c15e81ef05,1,1,121,253,307584,1597,347,309434,307837,253,1419,0,3
b61859d5-9abc-4cc9-8ea7-06c15e81ef05,1,1,122,168,309376,1556,372,311100,309544,168,1515,0,3
b61859d5-9abc-4cc9-8ea7-06c15e81ef05,1,1,123,190,311040,244,0,311474,311230,190,0,0,1
b61859d5-9abc-4cc9-8ea7-06c15e81ef05,1,1,124,189,311424,2452,533,314065,311613,189,2082,0,1
b61859d5-9abc-4cc9-8ea7-06c15e81ef05,1,1,125,237,313856,301,203,314394,314093,237,778,0,1
b61859d5-9abc-4cc9-8ea7-06c15e81ef05,1,1,126,1876,314368,500,190,316744,316244,1876,647,0,1
b61859d5-9abc-4cc9-8ea7-06c15e81ef05,1,1,127,863,316672,488,242,318023,317535,863,1002,0,1
b61859d5-9abc-4cc9-8ea7-06c15e81ef05,1,1,128,137,317952,298,183,318387,318089,137,799,0,1
b61859d5-9abc-4cc9-8ea7-06c15e81ef05,1,1,129,206,318208,1461,0,319875,318414,206,0,0,1
b61859d5-9abc-4cc9-8ea7-06c15e81ef05,1,1,130,174,319744,173,44,320091,319918,174,192,0,1
b61859d5-9abc-4cc9-8ea7-06c15e81ef05,1,1,131,302,320000,660,0,320962,320302,302,0,2680,0
b61859d5-9abc-4cc9-8ea7-06c15e81ef05,1,2,1,1592,320896,1250,1134,323738,322488,1592,4586,100,1
b61859d5-9abc-4cc9-8ea7-06c15e81ef05,1,2,2,2011,323712,1202,105,326925,325723,2011,413,0,2
b61859d5-9abc-4cc9-8ea7-06c15e81ef05,1,2,3,2586,326912,1979,837,331477,329498,2586,3162,100,3
b61859d5-9abc-4cc9-8ea7-06c15e81ef05,1,2,4,215,331392,1445,157,333052,331607,215,673,0,3
b61859d5-9abc-4cc9-8ea7-06c15e81ef05,1,2,5,254,332928,384,286,333566,333182,254,1335,0,1
b61859d5-9abc-4cc9-8ea7-06c15e81ef05,1,2,6,1322,333440,946,109,335708,334762,1322,529,0,3
b61859d5-9abc-4cc9-8ea7-06c15e81ef05,1,2,7,202,335616,8131,912,343949,335818,202,3077,113,1
b61859d5-9abc-4cc9-8ea7-06c15e81ef05,1,2,8,1280,343936,798,624,346014,345216,1280,2421,0,1
b61859d5-9abc-4cc9-8ea7-06c15e81ef05,1,2,9,1011,345984,1500,833,348495,346995,1011,3054,0,3
b61859d5-9abc-4cc9-8ea7-06c15e81ef05,1,2,10,209,348416,334,0,348959,348625,209,0,0,1
b61859d5-9abc-4cc9-8ea7-06c15e81ef05,1,2,11,252,348800,225,118,349277,349052,252,499,0,1
b61859d5-9abc-4cc9-8ea7-06c15e81ef05,1,2,12,248,349056,1265,0,350569,349304,248,0,0,1
b61859d5-9abc-4cc9-8ea7-06c15e81ef05,1,2,13,148,350464,546,0,351158,350612,148,0,2324,0
b61859d5-9abc-4cc9-8ea7-06c15e81ef05,1,3,1,1842,351104,2809,1455,355755,352946,1842,5367,101,3
b61859d5-9abc-4cc9-8ea7-06c15e81ef05,1,3,2,1915,354944,395,218,357254,356859,1915,861,0,1
b61859d5-9abc-4cc9-8ea7-06c15e81ef05,1,3,3,1728,357248,2096,1297,361072,358976,1728,5297,0,3
b61859d5-9abc-4cc9-8ea7-06c15e81ef05,1,3,4,827,360960,484,100,362271,361787,827,367,0,2
b61859d5-9abc-4cc9-8ea7-06c15e81ef05,1,3,5,206,362240,585,112,363031,362446,206,400,0,2
b61859d5-9abc-4cc9-8ea7-06c15e81ef05,1,3,6,244,362880,3521,909,366645,363124,244,3116,102,1
b61859d5-9abc-4cc9-8ea7-06c15e81ef05,1,3,7,209,366464,540,175,367213,366673,209,777,0,1
b61859d5-9abc-4cc9-8ea7-06c15e81ef05,1,3,8,366,367104,297,185,367767,367470,366,772,0,1
b61859d5-9abc-4cc9-8ea7-06c15e81ef05,1,3,9,178,367616,1131,0,368925,367794,178,0,0,1
b61859d5-9abc-4cc9-8ea7-06c15e81ef05,1,3,10,200,368768,648,52,369616,368968,200,241,2524,0
bc7323c8-aee3-4194-a341-b6c18b1b0475,2,1,1,2993,7936,187,0,11116,10929,2993,0,86,2
bc7323c8-aee3-4194-a341-b6c18b1b0475,2,1,2,3433,11008,713,452,15154,14441,3433,1909,43,2
bc7323c8-aee3-4194-a341-b6c18b1b0475,2,1,3,797,15104,4555,23,20456,15901,797,85,75,3
bc7323c8-aee3-4194-a341-b6c18b1b0475,2,1,4,214,20352,299,50,20865,20566,214,238,71,2
bc7323c8-aee3-4194-a341-b6c18b1b0475,2,1,5,7621,20864,704,382,29189,28485,7621,1423,0,2
bc7323c8-aee3-4194-a341-b6c18b1b0475,2,1,6,3270,29184,474,9,32928,32454,3270,46,0,1
bc7323c8-aee3-4194-a341-b6c18b1b0475,2,1,7,741,32896,635,248,34272,33637,741,1033,0,2
bc7323c8-aee3-4194-a341-b6c18b1b0475,2,1,8,5237,34176,759,204,40172,39413,5237,751,0,2
bc7323c8-aee3-4194-a341-b6c18b1b0475,2,1,9,870,40064,688,235,41622,40934,870,1066,0,2
bc7323c8-aee3-4194-a341-b6c18b1b0475,2,1,10,934,41600,575,188,43109,42534,934,814,0,2
bc7323c8-aee3-4194-a341-b6c18b1b0475,2,1,11,2508,43008,571,368,46087,45516,2508,1491,0,2
bc7323c8-aee3-4194-a341-b6c18b1b0475,2,1,12,5565,46080,581,123,52226,51645,5565,505,0,2
bc7323c8-aee3-4194-a341-b6c18b1b0475,2,1,13,4116,52224,483,128,56823,56340,4116,517,0,2
bc7323c8-aee3-4194-a341-b6c18b1b0475,2,1,14,3926,56704,482,201,61112,60630,3926,740,0,1
bc7323c8-aee3-4194-a341-b6c18b1b0475,2,1,15,1080,61056,768,385,62904,62136,1080,1617,0,2
bc7323c8-aee3-4194-a341-b6c18b1b0475,2,1,16,3927,62848,468,50,67243,66775,3927,204,0,1
bc7323c8-aee3-4194-a341-b6c18b1b0475,2,1,17,3016,67200,969,543,71185,70216,3016,2130,0,2
bc7323c8-aee3-4194-a341-b6c18b1b0475,2,1,18,4877,71168,730,134,76775,76045,4877,586,0,2
bc7323c8-aee3-4194-a341-b6c18b1b0475,2,1,19,435,76672,817,412,77924,77107,435,1577,0,2
bc7323c8-aee3-4194-a341-b6c18b1b0475,2,1,20,255,77696,190,33,78141,77951,255,137,0,1
bc7323c8-aee3-4194-a341-b6c18b1b0475,2,1,21,310,78080,543,370,78933,78390,310,1427,0,2
bc7323c8-aee3-4194-a341-b6c18b1b0475,2,1,22,4168,78848,555,185,83571,83016,4168,717,76,2
bc7323c8-aee3-4194-a341-b6c18b1b0475,2,1,23,2965,83456,506,155,86927,86421,2965,605,0,2
bc7323c8-aee3-4194-a341-b6c18b1b0475,2,1,24,2369,86912,1001,534,90282,89281,2369,2121,0,2
bc7323c8-aee3-4194-a341-b6c18b1b0475,2,1,25,5160,90240,678,329,96078,95400,5160,1325,0,2
bc7323c8-aee3-4194-a341-b6c18b1b0475,2,1,26,3974,96000,465,125,100439,99974,3974,482,0,1
bc7323c8-aee3-4194-a341-b6c18b1b0475,2,1,27,239,100224,606,121,101069,100463,239,472,0,2
bc7323c8-aee3-4194-a341-b6c18b1b0475,2,1,28,223,100992,636,30,101851,101215,223,152,0,2
bc7323c8-aee3-4194-a341-b6c18b1b0475,2,1,29,817,101760,421,96,102998,102577,817,351,0,2
bc7323c8-aee3-4194-a341-b6c18b1b0475,2,1,30,2035,102912,424,95,105371,104947,2035,392,0,1
bc7323c8-aee3-4194-a341-b6c18b1b0475,2,1,31,7431,105344,391,70,113166,112775,7431,315,0,1
bc7323c8-aee3-4194-a341-b6c18b1b0475,2,1,32,134,113152,253,0,113539,113286,134,0,0,1
bc7323c8-aee3-4194-a341-b6c18b1b0475,2,1,33,1675,113536,866,611,116077,115211,1675,3064,0,1
bc7323c8-aee3-4194-a341-b6c18b1b0475,2,1,34,1869,115968,622,276,118459,117837,1869,1227,0,1
bc7323c8-aee3-4194-a341-b6c18b1b0475,2,1,35,8856,118400,817,526,128073,127256,8856,2399,0,1
bc7323c8-aee3-4194-a341-b6c18b1b0475,2,1,36,3074,128000,572,289,131646,131074,3074,1403,0,2
bc7323c8-aee3-4194-a341-b6c18b1b0475,2,1,37,881,131584,1747,244,134212,132465,881,1118,87,2
bc7323c8-aee3-4194-a341-b6c18b1b0475,2,1,38,144,134144,1423,0,135711,134288,144,0,0,2
bc7323c8-aee3-4194-a341-b6c18b1b0475,2,1,39,235,135552,503,144,136290,135787,235,581,0,2
bc7323c8-aee3-4194-a341-b6c18b1b0475,2,1,40,3716,136192,485,294,140393,139908,3716,1202,0,2
bc7323c8-aee3-4194-a341-b6c18b1b0475,2,1,41,3744,140288,456,277,144488,144032,3744,1153,0,2
bc7323c8-aee3-4194-a341-b6c18b1b0475,2,1,42,729,144384,407,109,145520,145113,729,488,0,2
bc7323c8-aee3-4194-a341-b6c18b1b0475,2,1,43,254,145408,774,204,146436,145662,254,803,0,2
bc7323c8-aee3-4194-a341-b6c18b1b0475,2,1,44,162,146304,394,235,146860,146466,162,892,0,1
bc7323c8-aee3-4194-a341-b6c18b1b0475,2,1,45,210,146688,348,107,147246,146898,210,411,0,1
bc7323c8-aee3-4194-a341-b6c18b1b0475,2,1,46,190,147072,8809,1625,156071,147262,190,5800,47,1
bc7323c8-aee3-4194-a341-b6c18b1b0475,2,1,47,223,155904,313,54,156440,156127,223,233,0,2
bc7323c8-aee3-4194-a341-b6c18b1b0475,2,1,48,148,156416,105,30,156669,156564,148,106,48,1
bc7323c8-aee3-4194-a341-b6c18b1b0475,2,1,49,8155,156544,76,14,164775,164699,8155,49,0,1
bc7323c8-aee3-4194-a341-b6c18b1b0475,2,1,50,6286,164736,286,152,171308,171022,6286,664,0,2
bc7323c8-aee3-4194-a341-b6c18b1b0475,2,1,51,1133,171264,511,227,172908,172397,1133,963,89,1
bc7323c8-aee3-4194-a341-b6c18b1b0475,2,1,52,2008,172800,396,48,175204,174808,2008,216,0,1
bc7323c8-aee3-4194-a341-b6c18b1b0475,2,1,53,1232,175104,1246,703,177582,176336,1232,2494,0,2
bc7323c8-aee3-4194-a341-b6c18b1b0475,2,1,54,1192,177536,384,131,179112,178728,1192,461,0,1
bc7323c8-aee3-4194-a341-b6c18b1b0475,2,1,55,2975,179072,554,274,182601,182047,2975,970,0,1
bc7323c8-aee3-4194-a341-b6c18b1b0475,2,1,56,1699,182528,5537,504,189764,184227,1699,1497,92,1
bc7323c8-aee3-4194-a341-b6c18b1b0475,2,1,57,238,189568,4782,31,194588,189806,238,102,0,1
bc7323c8-aee3-4194-a341-b6c18b1b0475,2,1,58,202,194432,150,68,194784,194634,202,348,0,1
bc7323c8-aee3-4194-a341-b6c18b1b0475,2,1,59,483,194688,4790,101,199961,195171,483,411,0,1
bc7323c8-aee3-4194-a341-b6c18b1b0475,2,1,60,195,199808,245,120,200248,200003,195,508,0,1
bc7323c8-aee3-4194-a341-b6c18b1b0475,2,1,61,251,200064,104,26,200419,200315,251,77,0,1
bc7323c8-aee3-4194-a341-b6c18b1b0475,2,1,62,7745,200320,1916,391,209981,208065,7745,1706,136,2
bc7323c8-aee3-4194-a341-b6c18b1b0475,2,1,63,2513,209920,479,107,212912,212433,2513,422,0,2
bc7323c8-aee3-4194-a341-b6c18b1b0475,2,1,64,1390,212864,617,151,214871,214254,1390,596,0,1
bc7323c8-aee3-4194-a341-b6c18b1b0475,2,1,65,3805,214784,982,545,219571,218589,3805,1940,0,2
bc7323c8-aee3-4194-a341-b6c18b1b0475,2,1,66,819,219520,778,369,221117,220339,819,1319,0,2
bc7323c8-aee3-4194-a341-b6c18b1b0475,2,1,67,1760,221056,548,214,223364,222816,1760,900,0,2
bc7323c8-aee3-4194-a341-b6c18b1b0475,2,1,68,191,223232,1667,1523,225090,223423,191,5582,0,1
bc7323c8-aee3-4194-a341-b6c18b1b0475,2,1,69,1417,225024,446,100,226887,226441,1417,389,0,1
bc7323c8-aee3-4194-a341-b6c18b1b0475,2,1,70,211,226688,166,75,227065,226899,211,316,0,1
bc7323c8-aee3-4194-a341-b6c18b1b0475,2,1,71,177,226944,5487,48,232608,227121,177,187,27,1
bc7323c8-aee3-4194-a341-b6c18b1b0475,2,1,72,202,232448,192,46,232842,232650,202,198,0,2
bc7323c8-aee3-4194-a341-b6c18b1b0475,2,1,73,203,232832,397,260,233432,233035,203,1136,0,1
bc7323c8-aee3-4194-a341-b6c18b1b0475,2,1,74,736,233344,405,127,234485,234080,736,467,0,1
bc7323c8-aee3-4194-a341-b6c18b1b0475,2,1,75,230,234368,182,49,234780,234598,230,191,0,1
bc7323c8-aee3-4194-a341-b6c18b1b0475,2,1,76,640,234752,239,144,235631,235392,640,645,0,1
bc7323c8-aee3-4194-a341-b6c18b1b0475,2,1,77,167,235520,374,146,236061,235687,167,710,0,2
bc7323c8-aee3-4194-a341-b6c18b1b0475,2,1,78,223,235904,224,0,236351,236127,223,0,0,1
bc7323c8-aee3-4194-a341-b6c18b1b0475,2,1,79,160,236288,2535,33,238983,236448,160,160,0,1
bc7323c8-aee3-4194-a341-b6c18b1b0475,2,1,80,177,238848,172,0,239197,239025,177,0,0,1
bc7323c8-aee3-4194-a341-b6c18b1b0475,2,1,81,249,238976,629,0,239854,239225,249,0,2839,0
bd42af51-5254-4fed-9c58-31009c05088d,3,1,1,2833,7936,838,0,11607,10769,2833,0,119,4
bd42af51-5254-4fed-9c58-31009c05088d,3,1,2,762,11520,704,75,12986,12282,762,350,61,3
bd42af51-5254-4fed-9c58-31009c05088d,3,1,3,749,12928,893,119,14570,13677,749,504,122,3
bd42af51-5254-4fed-9c58-31009c05088d,3,1,4,874,14464,1368,595,16706,15338,874,2450,93,3
bd42af51-5254-4fed-9c58-31009c05088d,3,1,5,964,16640,946,281,18550,17604,964,1059,73,2
bd42af51-5254-4fed-9c58-31009c05088d,3,1,6,444,18432,916,487,19792,18876,444,1959,108,3
bd42af51-5254-4fed-9c58-31009c05088d,3,1,7,1511,19712,611,200,21834,21223,1511,758,86,3
bd42af51-5254-4fed-9c58-31009c05088d,3,1,8,771,21760,1679,1104,24210,22531,771,4081,0,3
bd42af51-5254-4fed-9c58-31009c05088d,3,1,9,633,24192,1191,552,26016,24825,633,2015,0,2
bd42af51-5254-4fed-9c58-31009c05088d,3,1,10,433,25984,869,291,27286,26417,433,1117,81,3
bd42af51-5254-4fed-9c58-31009c05088d,3,1,11,481,27264,593,93,28338,27745,481,313,66,2
bd42af51-5254-4fed-9c58-31009c05088d,3,1,12,1059,28288,269,97,29616,29347,1059,436,67,2
bd42af51-5254-4fed-9c58-31009c05088d,3,1,13,3257,29568,207,71,33032,32825,3257,310,0,2
bd42af51-5254-4fed-9c58-31009c05088d,3,1,14,5136,33024,908,578,39068,38160,5136,2344,105,1
bd42af51-5254-4fed-9c58-31009c05088d,3,1,15,1939,39040,653,439,41632,40979,1939,1630,159,2
bd42af51-5254-4fed-9c58-31009c05088d,3,1,16,11145,41600,608,247,53353,52745,11145,914,95,4
bd42af51-5254-4fed-9c58-31009c05088d,3,1,17,894,53248,1238,739,55380,54142,894,2596,94,3
bd42af51-5254-4fed-9c58-31009c05088d,3,1,18,12294,55296,1678,1283,69268,67590,12294,4861,106,3
bd42af51-5254-4fed-9c58-31009c05088d,3,1,19,2311,69248,1413,1071,72972,71559,2311,4339,0,2
bd42af51-5254-4fed-9c58-31009c05088d,3,1,20,873,72960,702,104,74535,73833,873,418,73,1
bd42af51-5254-4fed-9c58-31009c05088d,3,1,21,5296,74496,633,216,80425,79792,5296,966,109,2
bd42af51-5254-4fed-9c58-31009c05088d,3,1,22,2674,80384,987,748,84045,83058,2674,2538,94,3
bd42af51-5254-4fed-9c58-31009c05088d,3,1,23,6986,83968,991,668,91945,90954,6986,2437,94,2
bd42af51-5254-4fed-9c58-31009c05088d,3,1,24,860,91904,917,421,93681,92764,860,1357,0,3
bd42af51-5254-4fed-9c58-31009c05088d,3,1,25,482,93568,1327,906,95377,94050,482,3779,101,3
bd42af51-5254-4fed-9c58-31009c05088d,3,1,26,202,95360,657,189,96219,95562,202,790,0,3
bd42af51-5254-4fed-9c58-31009c05088d,3,1,27,3469,96128,874,600,100471,99597,3469,2258,0,3
bd42af51-5254-4fed-9c58-31009c05088d,3,1,28,754,100352,1274,939,102380,101106,754,3974,78,3
bd42af51-5254-4fed-9c58-31009c05088d,3,1,29,3034,102272,2372,2176,107678,105306,3034,8294,68,2
bd42af51-5254-4fed-9c58-31009c05088d,3,1,30,2016,107648,3813,2185,113477,109664,2016,8258,69,1
bd42af51-5254-4fed-9c58-31009c05088d,3,1,31,238,113280,1691,11,115209,113518,238,50,6232,0
c0fd3b9e-4ce0-4a6e-837d-b7459d0efeb1,3,1,1,2925,7936,479,0,11340,10861,2925,0,100,2
c0fd3b9e-4ce0-4a6e-837d-b7459d0efeb1,3,1,2,2621,11264,492,134,14377,13885,2621,598,0,1
c0fd3b9e-4ce0-4a6e-837d-b7459d0efeb1,3,1,3,879,14336,732,65,15947,15215,879,253,79,2
c0fd3b9e-4ce0-4a6e-837d-b7459d0efeb1,3,1,4,486,15872,824,211,17182,16358,486,765,123,2
c0fd3b9e-4ce0-4a6e-837d-b7459d0efeb1,3,1,5,2843,17152,1097,400,21092,19995,2843,1515,115,2
c0fd3b9e-4ce0-4a6e-837d-b7459d0efeb1,3,1,6,929,20992,1242,384,23163,21921,929,1374,117,2
c0fd3b9e-4ce0-4a6e-837d-b7459d0efeb1,3,1,7,641,23040,1298,362,24979,23681,641,1291,66,2
c0fd3b9e-4ce0-4a6e-837d-b7459d0efeb1,3,1,8,1261,24960,497,173,26718,26221,1261,536,74,2
c0fd3b9e-4ce0-4a6e-837d-b7459d0efeb1,3,1,9,1235,26624,684,224,28543,27859,1235,811,56,2
c0fd3b9e-4ce0-4a6e-837d-b7459d0efeb1,3,1,10,2029,28416,452,157,30897,30445,2029,446,0,2
c0fd3b9e-4ce0-4a6e-837d-b7459d0efeb1,3,1,11,2374,30848,433,83,33655,33222,2374,336,0,2
c0fd3b9e-4ce0-4a6e-837d-b7459d0efeb1,3,1,12,1774,33536,1947,362,37257,35310,1774,1445,83,2
c0fd3b9e-4ce0-4a6e-837d-b7459d0efeb1,3,1,13,2138,37248,995,234,40381,39386,2138,847,92,2
c0fd3b9e-4ce0-4a6e-837d-b7459d0efeb1,3,1,14,2435,40320,671,69,43426,42755,2435,244,62,2
c0fd3b9e-4ce0-4a6e-837d-b7459d0efeb1,3,1,15,1144,42752,599,122,44495,43896,1144,505,0,2
c0fd3b9e-4ce0-4a6e-837d-b7459d0efeb1,3,1,16,228,44416,991,250,45635,44644,228,914,117,2
c0fd3b9e-4ce0-4a6e-837d-b7459d0efeb1,3,1,17,2001,45568,1009,216,48578,47569,2001,902,103,2
c0fd3b9e-4ce0-4a6e-837d-b7459d0efeb1,3,1,18,818,48512,1155,397,50485,49330,818,1368,70,2
c0fd3b9e-4ce0-4a6e-837d-b7459d0efeb1,3,1,19,2231,50432,1291,326,53954,52663,2231,1262,91,2
c0fd3b9e-4ce0-4a6e-837d-b7459d0efeb1,3,1,20,2226,53888,992,384,57106,56114,2226,1321,95,2
c0fd3b9e-4ce0-4a6e-837d-b7459d0efeb1,3,1,21,2045,57088,990,211,60123,59133,2045,804,0,2
c0fd3b9e-4ce0-4a6e-837d-b7459d0efeb1,3,1,22,1347,60032,707,50,62086,61379,1347,193,83,2
c0fd3b9e-4ce0-4a6e-837d-b7459d0efeb1,3,1,23,387,62080,1266,540,63733,62467,387,2029,85,2
c0fd3b9e-4ce0-4a6e-837d-b7459d0efeb1,3,1,24,4599,63616,1408,455,69623,68215,4599,1579,91,2
c0fd3b9e-4ce0-4a6e-837d-b7459d0efeb1,3,1,25,1691,69504,1299,476,72494,71195,1691,1755,89,2
c0fd3b9e-4ce0-4a6e-837d-b7459d0efeb1,3,1,26,1863,72448,1084,465,75395,74311,1863,1742,0,2
c0fd3b9e-4ce0-4a6e-837d-b7459d0efeb1,3,1,27,920,75392,669,207,76981,76312,920,758,98,2
c0fd3b9e-4ce0-4a6e-837d-b7459d0efeb1,3,1,28,1435,76928,4389,684,82752,78363,1435,2831,70,1
c0fd3b9e-4ce0-4a6e-837d-b7459d0efeb1,3,1,29,249,82560,647,187,83456,82809,249,762,57,1
c0fd3b9e-4ce0-4a6e-837d-b7459d0efeb1,3,1,30,279,83456,286,17,84021,83735,279,80,48,1
c0fd3b9e-4ce0-4a6e-837d-b7459d0efeb1,3,1,31,224,83840,130,0,84194,84064,224,0,0,1
c0fd3b9e-4ce0-4a6e-837d-b7459d0efeb1,3,1,32,256,83968,3825,237,88049,84224,256,941,111,1
c0fd3b9e-4ce0-4a6e-837d-b7459d0efeb1,3,1,33,170,87936,143,0,88249,88106,170,0,0,1
c0fd3b9e-4ce0-4a6e-837d-b7459d0efeb1,3,1,34,214,88064,3726,360,92004,88278,214,1368,74,1
c0fd3b9e-4ce0-4a6e-837d-b7459d0efeb1,3,1,35,157,91904,140,15,92201,92061,157,62,0,1
c0fd3b9e-4ce0-4a6e-837d-b7459d0efeb1,3,1,36,193,92032,768,319,92993,92225,193,1281,74,1
c0fd3b9e-4ce0-4a6e-837d-b7459d0efeb1,3,1,37,236,92800,677,0,93713,93036,236,0,0,1
c0fd3b9e-4ce0-4a6e-837d-b7459d0efeb1,3,1,38,188,93568,170,0,93926,93756,188,0,0,1
c0fd3b9e-4ce0-4a6e-837d-b7459d0efeb1,3,1,39,141,93824,138,0,94103,93965,141,0,75,1
c0fd3b9e-4ce0-4a6e-837d-b7459d0efeb1,3,1,40,191,93952,3713,0,97856,94143,191,0,0,1
c0fd3b9e-4ce0-4a6e-837d-b7459d0efeb1,3,1,41,229,97664,3384,0,101277,97893,229,0,11661,0
c226e74e-90e4-4e33-b349-0decbf893847,2,1,1,2378,7936,240,0,10554,10314,2378,0,112,2
c226e74e-90e4-4e33-b349-0decbf893847,2,1,2,528,10496,249,45,11273,11024,528,195,97,2
c226e74e-90e4-4e33-b349-0decbf893847,2,1,3,1202,11264,578,207,13044,12466,1202,851,112,2
c226e74e-90e4-4e33-b349-0decbf893847,2,1,4,201,12928,594,155,13723,13129,201,619,109,2
c226e74e-90e4-4e33-b349-0decbf893847,2,1,5,864,13696,335,182,14895,14560,864,650,107,2
c226e74e-90e4-4e33-b349-0decbf893847,2,1,6,29871,14848,1844,1175,46563,44719,29871,4145,140,1
c226e74e-90e4-4e33-b349-0decbf893847,2,1,7,9094,46464,579,266,56137,55558,9094,932,113,1
c226e74e-90e4-4e33-b349-0decbf893847,2,1,8,10341,56064,1371,966,67776,66405,10341,3609,96,1
c226e74e-90e4-4e33-b349-0decbf893847,2,1,9,226,67712,967,558,68905,67938,226,2407,69,2
c226e74e-90e4-4e33-b349-0decbf893847,2,1,10,186,68864,4232,915,73282,69050,186,3648,133,3
c226e74e-90e4-4e33-b349-0decbf893847,2,1,11,937,72448,575,379,73960,73385,937,1361,98,1
c226e74e-90e4-4e33-b349-0decbf893847,2,1,12,171,73856,341,173,74368,74027,171,630,0,1
c226e74e-90e4-4e33-b349-0decbf893847,2,1,13,140,74368,780,621,75288,74508,140,2301,0,1
c226e74e-90e4-4e33-b349-0decbf893847,2,1,14,7640,75264,1390,990,84294,82904,7640,3404,72,2
c226e74e-90e4-4e33-b349-0decbf893847,2,1,15,9350,84224,895,635,94469,93574,9350,2594,78,1
c226e74e-90e4-4e33-b349-0decbf893847,2,1,16,5769,94464,1762,1169,101995,100233,5769,4444,107,1
c226e74e-90e4-4e33-b349-0decbf893847,2,1,17,160,101888,1271,529,103319,102048,160,1992,90,1
c226e74e-90e4-4e33-b349-0decbf893847,2,1,18,1126,103296,1193,569,105615,104422,1126,2243,137,1
c226e74e-90e4-4e33-b349-0decbf893847,2,1,19,1965,105600,592,489,108157,107565,1965,1909,94,1
c226e74e-90e4-4e33-b349-0decbf893847,2,1,20,1029,108032,710,321,109771,109061,1029,1101,0,2
c226e74e-90e4-4e33-b349-0decbf893847,2,1,21,3454,109696,1442,883,114592,113150,3454,3364,111,1
c226e74e-90e4-4e33-b349-0decbf893847,2,1,22,225,114560,402,72,115187,114785,225,292,0,1
c226e74e-90e4-4e33-b349-0decbf893847,2,1,23,169,115072,262,123,115503,115241,169,560,64,1
c226e74e-90e4-4e33-b349-0decbf893847,2,1,24,3120,115456,671,271,119247,118576,3120,1165,102,1
c226e74e-90e4-4e33-b349-0decbf893847,2,1,25,432,119168,586,268,120186,119600,432,877,0,1
c226e74e-90e4-4e33-b349-0decbf893847,2,1,26,3229,120064,2488,2246,125781,123293,3229,7956,110,1
c226e74e-90e4-4e33-b349-0decbf893847,2,1,27,3308,125696,700,571,129704,129004,3308,2084,0,1
c226e74e-90e4-4e33-b349-0decbf893847,2,1,28,204,129536,317,131,130057,129740,204,591,0,1
c226e74e-90e4-4e33-b349-0decbf893847,2,1,29,4240,130048,602,348,134890,134288,4240,1338,103,2
c226e74e-90e4-4e33-b349-0decbf893847,2,1,30,4262,134784,1006,457,140052,139046,4262,1715,109,1
c226e74e-90e4-4e33-b349-0decbf893847,2,1,31,207,139904,430,72,140541,140111,207,275,0,1
c226e74e-90e4-4e33-b349-0decbf893847,2,1,32,482,140416,411,268,141309,140898,482,1221,31,1
c226e74e-90e4-4e33-b349-0decbf893847,2,1,33,196,141184,2544,1065,143924,141380,196,4259,71,2
c226e74e-90e4-4e33-b349-0decbf893847,2,1,34,259,143744,1548,1418,145551,144003,259,4446,64,1
c226e74e-90e4-4e33-b349-0decbf893847,2,1,35,157,145408,6619,2576,152184,145565,157,9934,55,1
c226e74e-90e4-4e33-b349-0decbf893847,2,1,36,176,152064,229,27,152469,152240,176,125,0,1
c226e74e-90e4-4e33-b349-0decbf893847,2,1,37,204,152320,206,76,152730,152524,204,285,109,1
c226e74e-90e4-4e33-b349-0decbf893847,2,1,38,4921,152704,1080,966,158705,157625,4921,3910,107,1
c226e74e-90e4-4e33-b349-0decbf893847,2,1,39,3873,158592,430,290,162895,162465,3873,1138,0,1
c226e74e-90e4-4e33-b349-0decbf893847,2,1,40,222,162688,6503,401,169413,162910,222,1324,96,1
c226e74e-90e4-4e33-b349-0decbf893847,2,1,41,3278,169344,1664,1474,174286,172622,3278,5049,127,1
c226e74e-90e4-4e33-b349-0decbf893847,2,1,42,530,174208,11051,4577,185789,174738,530,16585,175,1
c226e74e-90e4-4e33-b349-0decbf893847,2,1,43,245,185600,293,129,186138,185845,245,489,0,1
c226e74e-90e4-4e33-b349-0decbf893847,2,1,44,186,185984,10077,3704,196247,186170,186,13667,72,1
c226e74e-90e4-4e33-b349-0decbf893847,2,1,45,207,196096,183,68,196486,196303,207,265,0,1
c226e74e-90e4-4e33-b349-0decbf893847,2,1,46,153,196352,6850,594,203355,196505,153,1774,114,1
c226e74e-90e4-4e33-b349-0decbf893847,2,1,47,147,203264,213,46,203624,203411,147,182,0,1
c226e74e-90e4-4e33-b349-0decbf893847,2,1,48,222,203520,9055,3077,212797,203742,222,10634,63,1
c226e74e-90e4-4e33-b349-0decbf893847,2,1,49,1868,212736,955,825,215559,214604,1868,2979,97,1
c226e74e-90e4-4e33-b349-0decbf893847,2,1,50,154,215424,949,823,216527,215578,154,2971,67,1
c226e74e-90e4-4e33-b349-0decbf893847,2,1,51,967,216448,9086,2654,226501,217415,967,9153,125,1
c226e74e-90e4-4e33-b349-0decbf893847,2,1,52,253,226304,207,23,226764,226557,253,110,0,1
c226e74e-90e4-4e33-b349-0decbf893847,2,1,53,199,226688,8077,1761,234964,226887,199,5694,38,1
c226e74e-90e4-4e33-b349-0decbf893847,2,1,54,140,234880,235,21,235255,235020,140,97,0,1
c226e74e-90e4-4e33-b349-0decbf893847,2,1,55,287,235136,4069,3805,239492,235423,287,13470,70,1
c226e74e-90e4-4e33-b349-0decbf893847,2,1,56,174,239360,496,192,240030,239534,174,880,0,2
c226e74e-90e4-4e33-b349-0decbf893847,2,1,57,221,239872,1081,0,241174,240093,221,0,0,1
c226e74e-90e4-4e33-b349-0decbf893847,2,1,58,188,241024,295,96,241507,241212,188,408,0,1
c226e74e-90e4-4e33-b349-0decbf893847,2,1,59,255,241280,408,0,241943,241535,255,0,1591,0
c2e2b954-63bb-4c00-8d45-37e953901183,1,1,1,2568,7936,138,0,10642,10504,2568,0,83,2
c2e2b954-63bb-4c00-8d45-37e953901183,1,1,2,586,10624,169,14,11379,11210,586,90,0,2
c2e2b954-63bb-4c00-8d45-37e953901183,1,1,3,423,11264,169,55,11856,11687,423,250,0,2
c2e2b954-63bb-4c00-8d45-37e953901183,1,1,4,254,11776,211,56,12241,12030,254,245,0,1
c2e2b954-63bb-4c00-8d45-37e953901183,1,1,5,267,12160,281,53,12708,12427,267,260,0,2
c2e2b954-63bb-4c00-8d45-37e953901183,1,1,6,258,12672,153,78,13083,12930,258,389,0,1
c2e2b954-63bb-4c00-8d45-37e953901183,1,1,7,997,13056,181,52,14234,14053,997,242,0,1
c2e2b954-63bb-4c00-8d45-37e953901183,1,1,8,1047,14208,252,137,15507,15255,1047,618,0,2
c2e2b954-63bb-4c00-8d45-37e953901183,1,1,9,202,15488,219,51,15909,15690,202,210,0,1
c2e2b954-63bb-4c00-8d45-37e953901183,1,1,10,216,15872,434,104,16522,16088,216,458,0,1
c2e2b954-63bb-4c00-8d45-37e953901183,1,1,11,204,16512,260,76,16976,16716,204,317,0,1
c2e2b954-63bb-4c00-8d45-37e953901183,1,1,12,176,16896,370,105,17442,17072,176,504,0,1
c2e2b954-63bb-4c00-8d45-37e953901183,1,1,13,153,17408,286,11,17847,17561,153,57,0,1
c2e2b954-63bb-4c00-8d45-37e953901183,1,1,14,644,17792,446,66,18882,18436,644,284,0,1
c2e2b954-63bb-4c00-8d45-37e953901183,1,1,15,243,18688,141,0,19072,18931,243,0,0,1
c2e2b954-63bb-4c00-8d45-37e953901183,1,1,16,2116,19072,4364,238,25552,21188,2116,1126,150,3
c2e2b954-63bb-4c00-8d45-37e953901183,1,1,17,434,25472,312,37,26218,25906,434,176,0,2
c2e2b954-63bb-4c00-8d45-37e953901183,1,1,18,570,26112,301,97,26983,26682,570,425,0,2
c2e2b954-63bb-4c00-8d45-37e953901183,1,1,19,917,26880,251,73,28048,27797,917,343,0,2
c2e2b954-63bb-4c00-8d45-37e953901183,1,1,20,2080,28032,501,84,30613,30112,2080,324,0,2
c2e2b954-63bb-4c00-8d45-37e953901183,1,1,21,156,30592,151,38,30899,30748,156,182,0,1
c2e2b954-63bb-4c00-8d45-37e953901183,1,1,22,547,30848,283,31,31678,31395,547,131,0,2
c2e2b954-63bb-4c00-8d45-37e953901183,1,1,23,2421,31616,315,86,34352,34037,2421,420,0,2
c2e2b954-63bb-4c00-8d45-37e953901183,1,1,24,1564,34304,413,124,36281,35868,1564,568,0,1
c2e2b954-63bb-4c00-8d45-37e953901183,1,1,25,800,36224,240,38,37264,37024,800,153,0,1
c2e2b954-63bb-4c00-8d45-37e953901183,1,1,26,221,37120,255,0,37596,37341,221,0,0,1
c2e2b954-63bb-4c00-8d45-37e953901183,1,1,27,744,37504,381,85,38629,38248,744,410,0,2
c2e2b954-63bb-4c00-8d45-37e953901183,1,1,28,2733,38528,452,61,41713,41261,2733,269,0,2
c2e2b954-63bb-4c00-8d45-37e953901183,1,1,29,217,41600,351,0,42168,41817,217,0,0,2
c2e2b954-63bb-4c00-8d45-37e953901183,1,1,30,934,42112,170,35,43216,43046,934,140,0,1
c2e2b954-63bb-4c00-8d45-37e953901183,1,1,31,1576,43136,423,194,45135,44712,1576,974,0,2
c2e2b954-63bb-4c00-8d45-37e953901183,1,1,32,2749,45056,399,83,48204,47805,2749,348,0,1
c2e2b954-63bb-4c00-8d45-37e953901183,1,1,33,188,48128,275,52,48591,48316,188,254,0,2
c2e2b954-63bb-4c00-8d45-37e953901183,1,1,34,602,48512,400,166,49514,49114,602,860,0,2
c2e2b954-63bb-4c00-8d45-37e953901183,1,1,35,2255,49408,400,85,52063,51663,2255,403,0,1
c2e2b954-63bb-4c00-8d45-37e953901183,1,1,36,738,51968,497,49,53203,52706,738,255,0,2
c2e2b954-63bb-4c00-8d45-37e953901183,1,1,37,242,53120,451,83,53813,53362,242,358,0,2
c2e2b954-63bb-4c00-8d45-37e953901183,1,1,38,1406,53760,399,181,55565,55166,1406,803,0,2
c2e2b954-63bb-4c00-8d45-37e953901183,1,1,39,1144,55552,313,69,57009,56696,1144,333,0,2
c2e2b954-63bb-4c00-8d45-37e953901183,1,1,40,313,56960,260,80,57533,57273,313,391,0,2
c2e2b954-63bb-4c00-8d45-37e953901183,1,1,41,2724,57472,392,57,60588,60196,2724,288,0,2
c2e2b954-63bb-4c00-8d45-37e953901183,1,1,42,2642,60544,407,63,63593,63186,2642,283,0,2
c2e2b954-63bb-4c00-8d45-37e953901183,1,1,43,2891,63488,409,92,66788,66379,2891,398,0,1
c2e2b954-63bb-4c00-8d45-37e953901183,1,1,44,204,66688,153,25,67045,66892,204,127,0,1
c2e2b954-63bb-4c00-8d45-37e953901183,1,1,45,328,66944,139,39,67411,67272,328,195,0,1
c2e2b954-63bb-4c00-8d45-37e953901183,1,1,46,225,67200,304,74,67729,67425,225,361,0,1
c2e2b954-63bb-4c00-8d45-37e953901183,1,1,47,168,67712,265,56,68145,67880,168,269,0,2
c2e2b954-63bb-4c00-8d45-37e953901183,1,1,48,2947,68096,198,58,71241,71043,2947,296,0,2
c2e2b954-63bb-4c00-8d45-37e953901183,1,1,49,7908,71168,51,28,79127,79076,7908,126,0,1
c2e2b954-63bb-4c00-8d45-37e953901183,1,1,50,139,79104,379,60,79622,79243,139,265,0,2
c2e2b954-63bb-4c00-8d45-37e953901183,1,1,51,957,79616,265,40,80838,80573,957,171,0,2
c2e2b954-63bb-4c00-8d45-37e953901183,1,1,52,3872,80768,380,35,85020,84640,3872,139,0,2
c2e2b954-63bb-4c00-8d45-37e953901183,1,1,53,258,84864,213,37,85335,85122,258,165,0,2
c2e2b954-63bb-4c00-8d45-37e953901183,1,1,54,5635,85248,421,114,91304,90883,5635,550,0,2
c2e2b954-63bb-4c00-8d45-37e953901183,1,1,55,2368,91264,387,46,94019,93632,2368,188,0,2
c2e2b954-63bb-4c00-8d45-37e953901183,1,1,56,239,93952,241,25,94432,94191,239,110,0,1
c2e2b954-63bb-4c00-8d45-37e953901183,1,1,57,282,94336,154,0,94772,94618,282,0,0,1
c2e2b954-63bb-4c00-8d45-37e953901183,1,1,58,1160,94720,281,149,96161,95880,1160,764,0,1
c2e2b954-63bb-4c00-8d45-37e953901183,1,1,59,381,96128,302,72,96811,96509,381,318,0,2
c2e2b954-63bb-4c00-8d45-37e953901183,1,1,60,1991,96768,287,112,99046,98759,1991,594,0,2
c2e2b954-63bb-4c00-8d45-37e953901183,1,1,61,3579,98944,192,67,102715,102523,3579,347,0,2
c2e2b954-63bb-4c00-8d45-37e953901183,1,1,62,1431,102656,296,96,104383,104087,1431,484,0,2
c2e2b954-63bb-4c00-8d45-37e953901183,1,1,63,4040,104320,143,48,108503,108360,4040,255,0,1
c2e2b954-63bb-4c00-8d45-37e953901183,1,1,64,1774,108416,121,49,110311,110190,1774,244,0,1
c2e2b954-63bb-4c00-8d45-37e953901183,1,1,65,1824,110208,269,66,112301,112032,1824,311,0,2
c2e2b954-63bb-4c00-8d45-37e953901183,1,1,66,308,112256,330,105,112894,112564,308,537,0,2
c2e2b954-63bb-4c00-8d45-37e953901183,1,1,67,4161,112768,215,64,117144,116929,4161,300,0,2
c2e2b954-63bb-4c00-8d45-37e953901183,1,1,68,5326,117120,254,130,122700,122446,5326,624,0,1
c2e2b954-63bb-4c00-8d45-37e953901183,1,1,69,306,122624,376,56,123306,122930,306,277,0,2
c2e2b954-63bb-4c00-8d45-37e953901183,1,1,70,2313,123264,204,49,125781,125577,2313,210,0,2
c2e2b954-63bb-4c00-8d45-37e953901183,1,1,71,4644,125696,374,61,130714,130340,4644,276,0,2
c2e2b954-63bb-4c00-8d45-37e953901183,1,1,72,444,130688,273,57,131405,131132,444,295,0,1
c2e2b954-63bb-4c00-8d45-37e953901183,1,1,73,848,131328,156,33,132332,132176,848,143,0,1
c2e2b954-63bb-4c00-8d45-37e953901183,1,1,74,315,132224,130,14,132669,132539,315,64,0,1
c2e2b954-63bb-4c00-8d45-37e953901183,1,1,75,1153,132608,295,46,134056,133761,1153,233,0,1
c2e2b954-63bb-4c00-8d45-37e953901183,1,1,76,196,133888,109,0,134193,134084,196,0,0,1
c2e2b954-63bb-4c00-8d45-37e953901183,1,1,77,193,134016,1422,54,135631,134209,193,267,0,1
c2e2b954-63bb-4c00-8d45-37e953901183,1,1,78,250,135424,297,33,135971,135674,250,152,0,2
c2e2b954-63bb-4c00-8d45-37e953901183,1,1,79,1048,135936,68,45,137052,136984,1048,211,0,1
c2e2b954-63bb-4c00-8d45-37e953901183,1,1,80,208,136960,258,30,137426,137168,208,176,0,2
c2e2b954-63bb-4c00-8d45-37e953901183,1,1,81,7800,137344,163,64,145307,145144,7800,271,0,1
c2e2b954-63bb-4c00-8d45-37e953901183,1,1,82,222,145152,8192,62,153566,145374,222,286,0,1
c2e2b954-63bb-4c00-8d45-37e953901183,1,1,83,148,153472,200,87,153820,153620,148,406,0,1
c2e2b954-63bb-4c00-8d45-37e953901183,1,1,84,164,153728,7397,131,161289,153892,164,599,0,1
c2e2b954-63bb-4c00-8d45-37e953901183,1,1,85,191,161152,133,20,161476,161343,191,95,0,1
c2e2b954-63bb-4c00-8d45-37e953901183,1,1,86,147,161408,332,309,161887,161555,147,1379,0,1
c2e2b954-63bb-4c00-8d45-37e953901183,1,1,87,211,161792,602,179,162605,162003,211,782,0,1
c2e2b954-63bb-4c00-8d45-37e953901183,1,1,88,213,162432,358,0,163003,162645,213,0,0,1
c2e2b954-63bb-4c00-8d45-37e953901183,1,1,89,227,162816,123,27,163166,163043,227,141,0,1
c2e2b954-63bb-4c00-8d45-37e953901183,1,1,90,160,163072,92,0,163324,163232,160,0,0,1
c2e2b954-63bb-4c00-8d45-37e953901183,1,1,91,874,163200,205,90,164279,164074,874,402,0,1
c2e2b954-63bb-4c00-8d45-37e953901183,1,1,92,212,164096,1136,133,165444,164308,212,607,0,1
c2e2b954-63bb-4c00-8d45-37e953901183,1,1,93,236,165248,159,0,165643,165484,236,0,0,1
c2e2b954-63bb-4c00-8d45-37e953901183,1,1,94,148,165632,165,73,165945,165780,148,339,0,1
c2e2b954-63bb-4c00-8d45-37e953901183,1,1,95,1000,165888,166,51,167054,166888,1000,234,0,1
c2e2b954-63bb-4c00-8d45-37e953901183,1,1,96,164,166912,23,0,167099,167076,164,0,0,1
c2e2b954-63bb-4c00-8d45-37e953901183,1,1,97,175,167040,308,97,167523,167215,175,480,0,1
c2e2b954-63bb-4c00-8d45-37e953901183,1,1,98,1569,167424,264,48,169257,168993,1569,187,0,1
c2e2b954-63bb-4c00-8d45-37e953901183,1,1,99,170,169216,181,25,169567,169386,170,119,0,1
c2e2b954-63bb-4c00-8d45-37e953901183,1,1,100,135,169472,165,0,169772,169607,135,0,0,1
c2e2b954-63bb-4c00-8d45-37e953901183,1,1,101,212,169600,126,66,169938,169812,212,266,0,1
c2e2b954-63bb-4c00-8d45-37e953901183,1,1,102,7749,169856,6578,50,184183,177605,7749,237,0,1
c2e2b954-63bb-4c00-8d45-37e953901183,1,1,103,162,184064,176,61,184402,184226,162,297,0,1
c2e2b954-63bb-4c00-8d45-37e953901183,1,1,104,147,184320,134,37,184601,184467,147,175,0,1
c2e2b954-63bb-4c00-8d45-37e953901183,1,1,105,4375,184576,3205,286,192156,188951,4375,1336,0,1
c2e2b954-63bb-4c00-8d45-37e953901183,1,1,106,196,192000,1082,54,193278,192196,196,225,0,1
c2e2b954-63bb-4c00-8d45-37e953901183,1,1,107,166,193152,282,0,193600,193318,166,0,0,1
c2e2b954-63bb-4c00-8d45-37e953901183,1,1,108,232,193408,653,44,194293,193640,232,245,0,1
c2e2b954-63bb-4c00-8d45-37e953901183,1,1,109,157,194176,106,0,194439,194333,157,0,0,1
c2e2b954-63bb-4c00-8d45-37e953901183,1,1,110,198,194304,4452,169,198954,194502,198,857,0,1
c2e2b954-63bb-4c00-8d45-37e953901183,1,1,111,210,198784,105,0,199099,198994,210,0,0,1
c2e2b954-63bb-4c00-8d45-37e953901183,1,1,112,250,198912,209,73,199371,199162,250,312,0,1
c2e2b954-63bb-4c00-8d45-37e953901183,1,1,113,226,199168,3854,201,203248,199394,226,999,0,1
c2e2b954-63bb-4c00-8d45-37e953901183,1,1,114,152,203136,208,109,203496,203288,152,554,0,1
c2e2b954-63bb-4c00-8d45-37e953901183,1,1,115,258,203264,238,115,203760,203522,258,515,0,1
c2e2b954-63bb-4c00-8d45-37e953901183,1,1,116,269,203648,157,37,204074,203917,269,161,0,1
c2e2b954-63bb-4c00-8d45-37e953901183,1,1,117,5512,204032,2199,133,211743,209544,5512,589,0,1
c2e2b954-63bb-4c00-8d45-37e953901183,1,1,118,199,211584,1401,80,213184,211783,199,439,0,1
c2e2b954-63bb-4c00-8d45-37e953901183,1,1,119,232,212992,747,0,213971,213224,232,0,0,1
c2e2b954-63bb-4c00-8d45-37e953901183,1,1,120,1482,213888,2168,230,217538,215370,1482,1231,0,1
c2e2b954-63bb-4c00-8d45-37e953901183,1,1,121,234,217344,1670,45,219248,217578,234,207,0,1
c2e2b954-63bb-4c00-8d45-37e953901183,1,1,122,6638,219136,937,179,226711,225774,6638,953,0,1
c2e2b954-63bb-4c00-8d45-37e953901183,1,1,123,191,226560,195,33,226946,226751,191,121,0,1
c2e2b954-63bb-4c00-8d45-37e953901183,1,1,124,174,226816,91,0,227081,226990,174,0,0,1
c2e2b954-63bb-4c00-8d45-37e953901183,1,1,125,295,227072,120,0,227487,227367,295,0,0,1
c2e2b954-63bb-4c00-8d45-37e953901183,1,1,126,199,227328,309,0,227836,227527,199,0,0,1
c2e2b954-63bb-4c00-8d45-37e953901183,1,1,127,164,227712,463,0,228339,227876,164,0,0,1
c2e2b954-63bb-4c00-8d45-37e953901183,1,1,128,155,228224,85,62,228464,228379,155,281,0,1
c2e2b954-63bb-4c00-8d45-37e953901183,1,1,129,228,228352,322,133,228902,228580,228,611,0,1
c2e2b954-63bb-4c00-8d45-37e953901183,1,1,130,213,228864,303,73,229380,229077,213,332,0,2
c2e2b954-63bb-4c00-8d45-37e953901183,1,1,131,1200,229376,221,105,230797,230576,1200,480,0,2
c2e2b954-63bb-4c00-8d45-37e953901183,1,1,132,218,230656,259,0,231133,230874,218,0,0,1
c2e2b954-63bb-4c00-8d45-37e953901183,1,1,133,249,230912,126,0,231287,231161,249,0,0,1
c2e2b954-63bb-4c00-8d45-37e953901183,1,1,134,141,231168,626,0,231935,231309,141,0,2681,0
c2e2b954-63bb-4c00-8d45-37e953901183,1,2,1,6720,231808,1165,403,239693,238528,6720,1952,0,1
c2e2b954-63bb-4c00-8d45-37e953901183,1,2,2,790,239616,633,29,241039,240406,790,127,0,1
c2e2b954-63bb-4c00-8d45-37e953901183,1,2,3,183,240896,577,0,241656,241079,183,0,0,1
c2e2b954-63bb-4c00-8d45-37e953901183,1,2,4,160,241536,281,0,241977,241696,160,0,0,2
c2e2b954-63bb-4c00-8d45-37e953901183,1,2,5,248,241792,239,146,242279,242040,248,710,0,1
c2e2b954-63bb-4c00-8d45-37e953901183,1,2,6,255,242048,274,0,242577,242303,255,0,0,1
c2e2b954-63bb-4c00-8d45-37e953901183,1,2,7,165,242432,1349,85,243946,242597,165,382,0,1
c2e2b954-63bb-4c00-8d45-37e953901183,1,2,8,149,243840,585,0,244574,243989,149,0,2486,0
c2e2b954-63bb-4c00-8d45-37e953901183,1,3,1,2580,244480,2460,419,249520,247060,2580,2193,105,1
c2e2b954-63bb-4c00-8d45-37e953901183,1,3,2,231,249344,91,0,249666,249575,231,0,0,1
c2e2b954-63bb-4c00-8d45-37e953901183,1,3,3,223,249472,92,0,249787,249695,223,0,0,1
c2e2b954-63bb-4c00-8d45-37e953901183,1,3,4,490,249728,2021,0,252239,250218,490,0,0,1
c2e2b954-63bb-4c00-8d45-37e953901183,1,3,5,247,252032,163,60,252442,252279,247,318,0,1
c2e2b954-63bb-4c00-8d45-37e953901183,1,3,6,1345,252416,2351,0,256112,253761,1345,0,0,1
c2e2b954-63bb-4c00-8d45-37e953901183,1,3,7,152,256000,335,0,256487,256152,152,0,0,2
c2e2b954-63bb-4c00-8d45-37e953901183,1,3,8,182,256384,1383,0,257949,256566,182,0,0,1
c2e2b954-63bb-4c00-8d45-37e953901183,1,3,9,200,257792,548,0,258540,257992,200,0,2319,0
ca75c80e-2ca5-4d1c-afd7-9ad9309b35cf,2,1,1,2576,7936,197,0,10709,10512,2576,0,81,2
ca75c80e-2ca5-4d1c-afd7-9ad9309b35cf,2,1,2,393,10624,89,23,11106,11017,393,90,65,1
ca75c80e-2ca5-4d1c-afd7-9ad9309b35cf,2,1,3,378,11008,272,110,11658,11386,378,479,120,2
ca75c80e-2ca5-4d1c-afd7-9ad9309b35cf,2,1,4,13932,11648,742,262,26322,25580,13932,960,89,2
ca75c80e-2ca5-4d1c-afd7-9ad9309b35cf,2,1,5,5876,26240,581,322,32697,32116,5876,1240,75,4
ca75c80e-2ca5-4d1c-afd7-9ad9309b35cf,2,1,6,12117,32640,601,357,45358,44757,12117,1411,0,4
ca75c80e-2ca5-4d1c-afd7-9ad9309b35cf,2,1,7,17123,45312,856,596,63291,62435,17123,2016,71,4
ca75c80e-2ca5-4d1c-afd7-9ad9309b35cf,2,1,8,983,62848,277,46,64108,63831,983,142,0,4
ca75c80e-2ca5-4d1c-afd7-9ad9309b35cf,2,1,9,1108,64000,633,317,65741,65108,1108,1344,105,4
ca75c80e-2ca5-4d1c-afd7-9ad9309b35cf,2,1,10,34092,65664,2924,694,102680,99756,34092,2872,119,3
ca75c80e-2ca5-4d1c-afd7-9ad9309b35cf,2,1,11,3340,101760,554,195,105654,105100,3340,843,0,4
ca75c80e-2ca5-4d1c-afd7-9ad9309b35cf,2,1,12,7702,105600,478,209,113780,113302,7702,851,0,3
ca75c80e-2ca5-4d1c-afd7-9ad9309b35cf,2,1,13,6922,113664,811,497,121397,120586,6922,2068,0,4
ca75c80e-2ca5-4d1c-afd7-9ad9309b35cf,2,1,14,34367,121344,731,434,156442,155711,34367,1697,0,4
ca75c80e-2ca5-4d1c-afd7-9ad9309b35cf,2,1,15,34465,156416,1769,1343,192650,190881,34465,4994,0,4
ca75c80e-2ca5-4d1c-afd7-9ad9309b35cf,2,1,16,29370,192640,1021,729,223031,222010,29370,2883,0,4
ca75c80e-2ca5-4d1c-afd7-9ad9309b35cf,2,1,17,32329,222976,831,800,256136,255305,32329,3005,48,1
ca75c80e-2ca5-4d1c-afd7-9ad9309b35cf,2,1,18,213,256000,467,248,256680,256213,213,993,0,3
ca75c80e-2ca5-4d1c-afd7-9ad9309b35cf,2,1,19,52376,256640,178,155,309194,309016,52376,620,0,1
ca75c80e-2ca5-4d1c-afd7-9ad9309b35cf,2,1,20,2101,309120,603,411,311824,311221,2101,1695,87,2
ca75c80e-2ca5-4d1c-afd7-9ad9309b35cf,2,1,21,443,311808,4748,4342,316999,312251,443,17056,48,1
ca75c80e-2ca5-4d1c-afd7-9ad9309b35cf,2,1,22,2625,316928,5774,256,325327,319553,2625,969,0,1
ca75c80e-2ca5-4d1c-afd7-9ad9309b35cf,2,1,23,134,325248,154,28,325536,325382,134,127,0,2
ca75c80e-2ca5-4d1c-afd7-9ad9309b35cf,2,1,24,134,325504,5625,527,331263,325638,134,1852,56,1
ca75c80e-2ca5-4d1c-afd7-9ad9309b35cf,2,1,25,3262,331136,731,612,335129,334398,3262,2321,113,1
ca75c80e-2ca5-4d1c-afd7-9ad9309b35cf,2,1,26,169,334976,5720,326,340865,335145,169,1157,78,1
ca75c80e-2ca5-4d1c-afd7-9ad9309b35cf,2,1,27,3027,340864,187,69,344078,343891,3027,266,0,1
ca75c80e-2ca5-4d1c-afd7-9ad9309b35cf,2,1,28,165,343936,7093,1926,351194,344101,165,7376,56,1
ca75c80e-2ca5-4d1c-afd7-9ad9309b35cf,2,1,29,145,351104,146,0,351395,351249,145,0,0,1
ca75c80e-2ca5-4d1c-afd7-9ad9309b35cf,2,1,30,190,351232,2430,1456,353852,351422,190,5213,37,1
ca75c80e-2ca5-4d1c-afd7-9ad9309b35cf,2,1,31,229,353664,514,0,354407,353893,229,0,0,1
ca75c80e-2ca5-4d1c-afd7-9ad9309b35cf,2,1,32,144,354304,740,0,355188,354448,144,0,0,1
ca75c80e-2ca5-4d1c-afd7-9ad9309b35cf,2,1,33,157,355072,593,0,355822,355229,157,0,0,1
ca75c80e-2ca5-4d1c-afd7-9ad9309b35cf,2,1,34,151,355712,392,0,356255,355863,151,0,0,1
ca75c80e-2ca5-4d1c-afd7-9ad9309b35cf,2,1,35,200,356096,193,82,356489,356296,200,343,54,1
ca75c80e-2ca5-4d1c-afd7-9ad9309b35cf,2,1,36,297,356480,220,127,356997,356777,297,421,0,1
ca75c80e-2ca5-4d1c-afd7-9ad9309b35cf,2,1,37,1011,356992,538,398,358541,358003,1011,1558,0,1
ca75c80e-2ca5-4d1c-afd7-9ad9309b35cf,2,1,38,182,358400,121,0,358703,358582,182,0,0,1
ca75c80e-2ca5-4d1c-afd7-9ad9309b35cf,2,1,39,213,358656,325,232,359194,358869,213,653,0,1
ca75c80e-2ca5-4d1c-afd7-9ad9309b35cf,2,1,40,1028,359168,1069,976,361265,360196,1028,3689,0,1
ca75c80e-2ca5-4d1c-afd7-9ad9309b35cf,2,1,41,600,361216,882,202,362698,361816,600,640,0,1
ca75c80e-2ca5-4d1c-afd7-9ad9309b35cf,2,1,42,243,362496,619,0,363358,362739,243,0,0,1
ca75c80e-2ca5-4d1c-afd7-9ad9309b35cf,2,1,43,135,363264,507,0,363906,363399,135,0,0,1
ca75c80e-2ca5-4d1c-afd7-9ad9309b35cf,2,1,44,171,363776,465,0,364412,363947,171,0,0,1
ca75c80e-2ca5-4d1c-afd7-9ad9309b35cf,2,1,45,165,364288,97,0,364550,364453,165,0,0,1
ca75c80e-2ca5-4d1c-afd7-9ad9309b35cf,2,1,46,150,364416,1442,1275,366008,364566,150,4628,0,1
ca75c80e-2ca5-4d1c-afd7-9ad9309b35cf,2,1,47,225,365824,310,0,366359,366049,225,0,0,1
ca75c80e-2ca5-4d1c-afd7-9ad9309b35cf,2,1,48,192,366208,368,0,366768,366400,192,0,0,1
ca75c80e-2ca5-4d1c-afd7-9ad9309b35cf,2,1,49,217,366592,406,0,367215,366809,217,0,0,1
ca75c80e-2ca5-4d1c-afd7-9ad9309b35cf,2,1,50,152,367104,96,0,367352,367256,152,0,0,1
ca75c80e-2ca5-4d1c-afd7-9ad9309b35cf,2,1,51,136,367232,767,262,368135,367368,136,782,0,1
ca75c80e-2ca5-4d1c-afd7-9ad9309b35cf,2,1,52,176,368000,312,0,368488,368176,176,0,0,1
ca75c80e-2ca5-4d1c-afd7-9ad9309b35cf,2,1,53,145,368384,276,0,368805,368529,145,0,0,1
ca75c80e-2ca5-4d1c-afd7-9ad9309b35cf,2,1,54,206,368640,211,0,369057,368846,206,0,0,1
ca75c80e-2ca5-4d1c-afd7-9ad9309b35cf,2,1,55,202,368896,96,0,369194,369098,202,0,0,1
ca75c80e-2ca5-4d1c-afd7-9ad9309b35cf,2,1,56,186,369024,282,189,369492,369210,186,681,0,1
ca75c80e-2ca5-4d1c-afd7-9ad9309b35cf,2,1,57,1391,369408,883,228,371682,370799,1391,595,0,1
ca75c80e-2ca5-4d1c-afd7-9ad9309b35cf,2,1,58,139,371584,827,0,372550,371723,139,0,0,1
ca75c80e-2ca5-4d1c-afd7-9ad9309b35cf,2,1,59,239,372352,822,0,373413,372591,239,0,0,1
ca75c80e-2ca5-4d1c-afd7-9ad9309b35cf,2,1,60,206,373248,96,0,373550,373454,206,0,0,1
ca75c80e-2ca5-4d1c-afd7-9ad9309b35cf,2,1,61,190,373376,731,163,374297,373566,190,423,0,1
ca75c80e-2ca5-4d1c-afd7-9ad9309b35cf,2,1,62,194,374144,488,0,374826,374338,194,0,0,1
ca75c80e-2ca5-4d1c-afd7-9ad9309b35cf,2,1,63,211,374656,123,0,374990,374867,211,0,0,1
ca75c80e-2ca5-4d1c-afd7-9ad9309b35cf,2,1,64,357,374912,1067,712,376336,375269,357,2416,0,1
ca75c80e-2ca5-4d1c-afd7-9ad9309b35cf,2,1,65,185,376192,771,648,377148,376377,185,2547,0,1
ca75c80e-2ca5-4d1c-afd7-9ad9309b35cf,2,1,66,203,377088,407,153,377698,377291,203,519,0,1
ca75c80e-2ca5-4d1c-afd7-9ad9309b35cf,2,1,67,139,377600,464,0,378203,377739,139,0,0,1
ca75c80e-2ca5-4d1c-afd7-9ad9309b35cf,2,1,68,260,377984,243,0,378487,378244,260,0,0,1
ca75c80e-2ca5-4d1c-afd7-9ad9309b35cf,2,1,69,160,378368,274,0,378802,378528,160,0,0,1
ca75c80e-2ca5-4d1c-afd7-9ad9309b35cf,2,1,70,219,378624,438,0,379281,378843,219,0,0,1
ca75c80e-2ca5-4d1c-afd7-9ad9309b35cf,2,1,71,186,379136,121,0,379443,379322,186,0,0,1
ca75c80e-2ca5-4d1c-afd7-9ad9309b35cf,2,1,72,216,379392,452,287,380060,379608,216,983,0,1
ca75c80e-2ca5-4d1c-afd7-9ad9309b35cf,2,1,73,197,379904,160,0,380261,380101,197,0,0,1
ca75c80e-2ca5-4d1c-afd7-9ad9309b35cf,2,1,74,142,380160,122,0,380424,380302,142,0,0,1
ca75c80e-2ca5-4d1c-afd7-9ad9309b35cf,2,1,75,352,380416,937,722,381705,380768,352,2662,0,1
ca75c80e-2ca5-4d1c-afd7-9ad9309b35cf,2,1,76,178,381568,95,0,381841,381746,178,0,0,1
ca75c80e-2ca5-4d1c-afd7-9ad9309b35cf,2,1,77,161,381696,535,145,382392,381857,161,507,0,1
ca75c80e-2ca5-4d1c-afd7-9ad9309b35cf,2,1,78,225,382208,95,0,382528,382433,225,0,0,1
ca75c80e-2ca5-4d1c-afd7-9ad9309b35cf,2,1,79,208,382336,312,169,382856,382544,208,709,0,1
ca75c80e-2ca5-4d1c-afd7-9ad9309b35cf,2,1,80,155,382720,494,312,383369,382875,155,1190,0,1
ca75c80e-2ca5-4d1c-afd7-9ad9309b35cf,2,1,81,178,383232,163,70,383573,383410,178,277,0,1
ca75c80e-2ca5-4d1c-afd7-9ad9309b35cf,2,1,82,574,383488,694,156,384756,384062,574,593,0,1
ca75c80e-2ca5-4d1c-afd7-9ad9309b35cf,2,1,83,157,384640,143,0,384940,384797,157,0,0,1
ca75c80e-2ca5-4d1c-afd7-9ad9309b35cf,2,1,84,215,384896,203,110,385314,385111,215,449,0,1
ca75c80e-2ca5-4d1c-afd7-9ad9309b35cf,2,1,85,1290,385280,1204,118,387774,386570,1290,481,0,2
ca75c80e-2ca5-4d1c-afd7-9ad9309b35cf,2,1,86,247,387584,394,0,388225,387831,247,0,0,1
ca75c80e-2ca5-4d1c-afd7-9ad9309b35cf,2,1,87,157,388096,658,60,388911,388253,157,240,2402,0
cad4acd7-2d5d-468e-9c3a-c82006a265ff,3,1,1,2984,7936,200,0,11120,10920,2984,0,84,2
cad4acd7-2d5d-468e-9c3a-c82006a265ff,3,1,2,2382,11008,198,24,13588,13390,2382,72,0,2
cad4acd7-2d5d-468e-9c3a-c82006a265ff,3,1,3,3395,13568,271,40,17234,16963,3395,181,0,2
cad4acd7-2d5d-468e-9c3a-c82006a265ff,3,1,4,3911,17152,549,323,21612,21063,3911,1398,50,2
cad4acd7-2d5d-468e-9c3a-c82006a265ff,3,1,5,5290,21504,609,247,27403,26794,5290,938,0,2
cad4acd7-2d5d-468e-9c3a-c82006a265ff,3,1,6,4439,27392,585,185,32416,31831,4439,674,0,2
cad4acd7-2d5d-468e-9c3a-c82006a265ff,3,1,7,3216,32384,547,118,36147,35600,3216,462,0,2
cad4acd7-2d5d-468e-9c3a-c82006a265ff,3,1,8,2528,36096,451,137,39075,38624,2528,579,0,2
cad4acd7-2d5d-468e-9c3a-c82006a265ff,3,1,9,1195,39040,810,300,41045,40235,1195,1128,0,2
cad4acd7-2d5d-468e-9c3a-c82006a265ff,3,1,10,710,40960,496,128,42166,41670,710,442,0,2
cad4acd7-2d5d-468e-9c3a-c82006a265ff,3,1,11,696,42112,632,243,43440,42808,696,1110,0,2
cad4acd7-2d5d-468e-9c3a-c82006a265ff,3,1,12,1800,43392,727,197,45919,45192,1800,708,0,2
cad4acd7-2d5d-468e-9c3a-c82006a265ff,3,1,13,3915,45824,677,332,50416,49739,3915,1303,0,2
cad4acd7-2d5d-468e-9c3a-c82006a265ff,3,1,14,2370,50304,970,230,53644,52674,2370,948,0,2
cad4acd7-2d5d-468e-9c3a-c82006a265ff,3,1,15,3835,53632,1106,662,58573,57467,3835,2346,0,2
cad4acd7-2d5d-468e-9c3a-c82006a265ff,3,1,16,3274,58496,1932,570,63702,61770,3274,2215,0,2
cad4acd7-2d5d-468e-9c3a-c82006a265ff,3,1,17,758,63616,713,356,65087,64374,758,1236,0,2
cad4acd7-2d5d-468e-9c3a-c82006a265ff,3,1,18,1304,65024,288,50,66616,66328,1304,176,0,2
cad4acd7-2d5d-468e-9c3a-c82006a265ff,3,1,19,913,66560,484,72,67957,67473,913,251,0,2
cad4acd7-2d5d-468e-9c3a-c82006a265ff,3,1,20,1704,67840,251,20,69795,69544,1704,84,0,2
cad4acd7-2d5d-468e-9c3a-c82006a265ff,3,1,21,4345,69760,1020,641,75125,74105,4345,2422,0,2
cad4acd7-2d5d-468e-9c3a-c82006a265ff,3,1,22,396,75008,572,202,75976,75404,396,865,0,2
cad4acd7-2d5d-468e-9c3a-c82006a265ff,3,1,23,3648,75904,701,329,80253,79552,3648,1270,0,2
cad4acd7-2d5d-468e-9c3a-c82006a265ff,3,1,24,2407,80128,692,242,83227,82535,2407,1032,115,1
cad4acd7-2d5d-468e-9c3a-c82006a265ff,3,1,25,189,83072,638,32,83899,83261,189,152,0,2
cad4acd7-2d5d-468e-9c3a-c82006a265ff,3,1,26,175,83840,625,126,84640,84015,175,511,0,2
cad4acd7-2d5d-468e-9c3a-c82006a265ff,3,1,27,1678,84608,590,208,86876,86286,1678,755,0,2
cad4acd7-2d5d-468e-9c3a-c82006a265ff,3,1,28,217,86784,253,0,87254,87001,217,0,0,2
cad4acd7-2d5d-468e-9c3a-c82006a265ff,3,1,29,3386,87168,1056,580,91610,90554,3386,2403,0,2
cad4acd7-2d5d-468e-9c3a-c82006a265ff,3,1,30,365,91520,388,67,92273,91885,365,270,0,2
cad4acd7-2d5d-468e-9c3a-c82006a265ff,3,1,31,907,92160,315,28,93382,93067,907,111,0,2
cad4acd7-2d5d-468e-9c3a-c82006a265ff,3,1,32,1091,93312,522,109,94925,94403,1091,411,0,2
cad4acd7-2d5d-468e-9c3a-c82006a265ff,3,1,33,651,94848,626,91,96125,95499,651,332,0,2
cad4acd7-2d5d-468e-9c3a-c82006a265ff,3,1,34,1054,96000,473,111,97527,97054,1054,451,0,2
cad4acd7-2d5d-468e-9c3a-c82006a265ff,3,1,35,615,97408,416,71,98439,98023,615,285,0,2
cad4acd7-2d5d-468e-9c3a-c82006a265ff,3,1,36,362,98432,697,265,99491,98794,362,1059,0,2
cad4acd7-2d5d-468e-9c3a-c82006a265ff,3,1,37,1941,99456,830,471,102227,101397,1941,1935,0,2
cad4acd7-2d5d-468e-9c3a-c82006a265ff,3,1,38,993,102144,331,97,103468,103137,993,347,0,2
cad4acd7-2d5d-468e-9c3a-c82006a265ff,3,1,39,4329,103424,661,352,108414,107753,4329,1295,0,2
cad4acd7-2d5d-468e-9c3a-c82006a265ff,3,1,40,3151,108288,947,461,112386,111439,3151,1806,0,2
cad4acd7-2d5d-468e-9c3a-c82006a265ff,3,1,41,208,112384,282,84,112874,112592,208,302,0,2
cad4acd7-2d5d-468e-9c3a-c82006a265ff,3,1,42,279,112768,729,323,113776,113047,279,1282,0,2
cad4acd7-2d5d-468e-9c3a-c82006a265ff,3,1,43,354,113664,768,205,114786,114018,354,795,0,2
cad4acd7-2d5d-468e-9c3a-c82006a265ff,3,1,44,2299,114688,635,203,117622,116987,2299,824,0,2
cad4acd7-2d5d-468e-9c3a-c82006a265ff,3,1,45,666,117504,465,66,118635,118170,666,323,0,2
cad4acd7-2d5d-468e-9c3a-c82006a265ff,3,1,46,1464,118528,502,146,120494,119992,1464,623,0,2
cad4acd7-2d5d-468e-9c3a-c82006a265ff,3,1,47,1013,120448,694,296,122155,121461,1013,1268,0,2
cad4acd7-2d5d-468e-9c3a-c82006a265ff,3,1,48,1439,122112,528,164,124079,123551,1439,584,0,2
cad4acd7-2d5d-468e-9c3a-c82006a265ff,3,1,49,267,124032,252,0,124551,124299,267,0,0,2
cad4acd7-2d5d-468e-9c3a-c82006a265ff,3,1,50,1967,124544,1057,668,127568,126511,1967,2763,0,2
cad4acd7-2d5d-468e-9c3a-c82006a265ff,3,1,51,363,127488,604,290,128455,127851,363,1180,0,2
cad4acd7-2d5d-468e-9c3a-c82006a265ff,3,1,52,604,128384,749,388,129737,128988,604,1515,0,2
cad4acd7-2d5d-468e-9c3a-c82006a265ff,3,1,53,985,129664,412,102,131061,130649,985,420,0,2
cad4acd7-2d5d-468e-9c3a-c82006a265ff,3,1,54,1621,130944,395,204,132960,132565,1621,809,0,2
cad4acd7-2d5d-468e-9c3a-c82006a265ff,3,1,55,250,132864,699,224,133813,133114,250,1036,0,2
cad4acd7-2d5d-468e-9c3a-c82006a265ff,3,1,56,619,133760,2944,2523,137323,134379,619,9560,0,2
cad4acd7-2d5d-468e-9c3a-c82006a265ff,3,1,57,473,137216,462,62,138151,137689,473,270,0,2
cad4acd7-2d5d-468e-9c3a-c82006a265ff,3,1,58,517,138112,391,236,139020,138629,517,950,0,1
cad4acd7-2d5d-468e-9c3a-c82006a265ff,3,1,59,1240,139008,9866,179,150114,140248,1240,710,62,1
cad4acd7-2d5d-468e-9c3a-c82006a265ff,3,1,60,155,150016,331,61,150502,150171,155,261,0,1
cad4acd7-2d5d-468e-9c3a-c82006a265ff,3,1,61,240,150400,559,267,151199,150640,240,1075,0,1
cad4acd7-2d5d-468e-9c3a-c82006a265ff,3,1,62,202,151040,129,0,151371,151242,202,0,0,1
cad4acd7-2d5d-468e-9c3a-c82006a265ff,3,1,63,796,151296,1673,0,153765,152092,796,0,92,1
cad4acd7-2d5d-468e-9c3a-c82006a265ff,3,1,64,204,153600,85,0,153889,153804,204,0,0,1
cad4acd7-2d5d-468e-9c3a-c82006a265ff,3,1,65,185,153728,558,0,154471,153913,185,0,2131,0
cbade403-6f00-4ad7-814c-2792a2001fa2,2,1,1,2432,7936,201,0,10569,10368,2432,0,92,2
cbade403-6f00-4ad7-814c-2792a2001fa2,2,1,2,323,10496,151,33,10970,10819,323,124,70,2
cbade403-6f00-4ad7-814c-2792a2001fa2,2,1,3,653,10880,214,44,11747,11533,653,185,112,2
cbade403-6f00-4ad7-814c-2792a2001fa2,2,1,4,9271,11648,725,356,21644,20919,9271,1464,78,2
cbade403-6f00-4ad7-814c-2792a2001fa2,2,1,5,410,21632,599,139,22641,22042,410,569,82,1
cbade403-6f00-4ad7-814c-2792a2001fa2,2,1,6,141,22528,270,57,22939,22669,141,230,0,1
cbade403-6f00-4ad7-814c-2792a2001fa2,2,1,7,1005,22912,705,134,24622,23917,1005,527,63,1
cbade403-6f00-4ad7-814c-2792a2001fa2,2,1,8,223,24448,415,66,25086,24671,223,230,0,1
cbade403-6f00-4ad7-814c-2792a2001fa2,2,1,9,215,24960,322,76,25497,25175,215,293,0,1
cbade403-6f00-4ad7-814c-2792a2001fa2,2,1,10,149,25472,655,225,26276,25621,149,1019,0,1
cbade403-6f00-4ad7-814c-2792a2001fa2,2,1,11,217,26112,360,207,26689,26329,217,778,123,2
cbade403-6f00-4ad7-814c-2792a2001fa2,2,1,12,2928,26624,589,226,30141,29552,2928,861,104,1
cbade403-6f00-4ad7-814c-2792a2001fa2,2,1,13,227,29952,448,207,30627,30179,227,876,0,1
cbade403-6f00-4ad7-814c-2792a2001fa2,2,1,14,420,30592,327,42,31339,31012,420,168,0,1
cbade403-6f00-4ad7-814c-2792a2001fa2,2,1,15,625,31232,397,101,32254,31857,625,411,0,1
cbade403-6f00-4ad7-814c-2792a2001fa2,2,1,16,316,32128,500,49,32944,32444,316,187,57,1
cbade403-6f00-4ad7-814c-2792a2001fa2,2,1,17,209,32768,305,42,33282,32977,209,179,0,1
cbade403-6f00-4ad7-814c-2792a2001fa2,2,1,18,197,33152,576,297,33925,33349,197,1266,71,1
cbade403-6f00-4ad7-814c-2792a2001fa2,2,1,19,157,33920,419,58,34496,34077,157,209,0,1
cbade403-6f00-4ad7-814c-2792a2001fa2,2,1,20,627,34432,414,285,35473,35059,627,1187,81,2
cbade403-6f00-4ad7-814c-2792a2001fa2,2,1,21,291,35456,949,349,36696,35747,291,1288,112,2
cbade403-6f00-4ad7-814c-2792a2001fa2,2,1,22,627,36608,334,64,37569,37235,627,251,60,1
cbade403-6f00-4ad7-814c-2792a2001fa2,2,1,23,309,37504,877,361,38690,37813,309,1435,72,2
cbade403-6f00-4ad7-814c-2792a2001fa2,2,1,24,2545,38656,860,325,42061,41201,2545,1306,119,2
cbade403-6f00-4ad7-814c-2792a2001fa2,2,1,25,792,41984,730,363,43506,42776,792,1589,60,2
cbade403-6f00-4ad7-814c-2792a2001fa2,2,1,26,696,43392,380,135,44468,44088,696,469,0,1
cbade403-6f00-4ad7-814c-2792a2001fa2,2,1,27,157,44416,436,132,45009,44573,157,552,90,1
cbade403-6f00-4ad7-814c-2792a2001fa2,2,1,28,406,44928,656,139,45990,45334,406,635,74,1
cbade403-6f00-4ad7-814c-2792a2001fa2,2,1,29,2934,45952,680,392,49566,48886,2934,1503,84,2
cbade403-6f00-4ad7-814c-2792a2001fa2,2,1,30,12061,49536,1194,913,62791,61597,12061,3414,104,2
cbade403-6f00-4ad7-814c-2792a2001fa2,2,1,31,10850,62720,1072,760,74642,73570,10850,2769,49,1
cbade403-6f00-4ad7-814c-2792a2001fa2,2,1,32,678,74624,802,269,76104,75302,678,1056,96,1
cbade403-6f00-4ad7-814c-2792a2001fa2,2,1,33,1045,76032,889,559,77966,77077,1045,2205,88,2
cbade403-6f00-4ad7-814c-2792a2001fa2,2,1,34,9536,77952,1030,697,88518,87488,9536,2698,105,2
cbade403-6f00-4ad7-814c-2792a2001fa2,2,1,35,10353,88448,1004,692,99805,98801,10353,2721,62,1
cbade403-6f00-4ad7-814c-2792a2001fa2,2,1,36,490,99712,455,95,100657,100202,490,390,0,1
cbade403-6f00-4ad7-814c-2792a2001fa2,2,1,37,208,100480,791,462,101479,100688,208,1977,82,1
cbade403-6f00-4ad7-814c-2792a2001fa2,2,1,38,363,101376,589,165,102328,101739,363,585,76,1
cbade403-6f00-4ad7-814c-2792a2001fa2,2,1,39,363,102272,931,499,103566,102635,363,1925,0,2
cbade403-6f00-4ad7-814c-2792a2001fa2,2,1,40,548,103552,1068,691,105168,104100,548,2622,58,2
cbade403-6f00-4ad7-814c-2792a2001fa2,2,1,41,2223,105088,1135,783,108446,107311,2223,3130,86,2
cbade403-6f00-4ad7-814c-2792a2001fa2,2,1,42,3517,108416,1190,809,113123,111933,3517,3103,87,2
cbade403-6f00-4ad7-814c-2792a2001fa2,2,1,43,1501,113024,896,429,115421,114525,1501,1680,87,2
cbade403-6f00-4ad7-814c-2792a2001fa2,2,1,44,3235,115328,1162,863,119725,118563,3235,3419,79,2
cbade403-6f00-4ad7-814c-2792a2001fa2,2,1,45,2902,119680,953,508,123535,122582,2902,1973,96,2
cbade403-6f00-4ad7-814c-2792a2001fa2,2,1,46,4345,123520,702,374,128567,127865,4345,1491,82,2
cbade403-6f00-4ad7-814c-2792a2001fa2,2,1,47,1412,128512,884,413,130808,129924,1412,1584,71,2
cbade403-6f00-4ad7-814c-2792a2001fa2,2,1,48,1544,130688,3705,3383,135937,132232,1544,12610,73,1
cbade403-6f00-4ad7-814c-2792a2001fa2,2,1,49,1139,135936,4226,118,141301,137075,1139,504,55,1
cbade403-6f00-4ad7-814c-2792a2001fa2,2,1,50,172,141184,165,32,141521,141356,172,141,0,1
cbade403-6f00-4ad7-814c-2792a2001fa2,2,1,51,240,141312,4058,230,145610,141552,240,779,63,1
cbade403-6f00-4ad7-814c-2792a2001fa2,2,1,52,257,145408,159,0,145824,145665,257,0,0,1
cbade403-6f00-4ad7-814c-2792a2001fa2,2,1,53,153,145792,757,254,146702,145945,153,981,48,2
cbade403-6f00-4ad7-814c-2792a2001fa2,2,1,54,220,146560,1166,0,147946,146780,220,0,0,1
cbade403-6f00-4ad7-814c-2792a2001fa2,2,1,55,147,147840,205,29,148192,147987,147,114,0,1
cbade403-6f00-4ad7-814c-2792a2001fa2,2,1,56,203,148096,3949,224,152248,148299,203,820,45,1
cbade403-6f00-4ad7-814c-2792a2001fa2,2,1,57,239,152064,190,0,152493,152303,239,0,0,1
cbade403-6f00-4ad7-814c-2792a2001fa2,2,1,58,214,152320,1526,505,154060,152534,214,1919,45,2
cbade403-6f00-4ad7-814c-2792a2001fa2,2,1,59,154,153984,1103,0,155241,154138,154,0,0,1
cbade403-6f00-4ad7-814c-2792a2001fa2,2,1,60,146,155136,194,0,155476,155282,146,0,0,1
cbade403-6f00-4ad7-814c-2792a2001fa2,2,1,61,245,155264,1141,175,156650,155509,245,769,100,2
cbade403-6f00-4ad7-814c-2792a2001fa2,2,1,62,178,156544,475,22,157197,156722,178,99,1856,0
cbd79d49-d00e-47b2-8613-1814b77230c7,2,1,1,2344,7936,205,0,10485,10280,2344,0,93,2
cbd79d49-d00e-47b2-8613-1814b77230c7,2,1,2,425,10368,139,33,10932,10793,425,141,70,2
cbd79d49-d00e-47b2-8613-1814b77230c7,2,1,3,360,10880,156,46,11396,11240,360,191,56,2
cbd79d49-d00e-47b2-8613-1814b77230c7,2,1,4,13667,11392,318,157,25377,25059,13667,593,98,3
cbd79d49-d00e-47b2-8613-1814b77230c7,2,1,5,11892,25344,695,562,37931,37236,11892,2108,74,2
cbd79d49-d00e-47b2-8613-1814b77230c7,2,1,6,14369,37888,333,120,52590,52257,14369,442,0,2
cbd79d49-d00e-47b2-8613-1814b77230c7,2,1,7,4742,52480,448,269,57670,57222,4742,992,0,2
cbd79d49-d00e-47b2-8613-1814b77230c7,2,1,8,5904,57600,669,356,64173,63504,5904,1481,83,4
cbd79d49-d00e-47b2-8613-1814b77230c7,2,1,9,6415,64128,764,452,71307,70543,6415,1727,80,4
cbd79d49-d00e-47b2-8613-1814b77230c7,2,1,10,18543,71296,909,793,90748,89839,18543,3080,0,2
cbd79d49-d00e-47b2-8613-1814b77230c7,2,1,11,28159,90624,1924,1522,120707,118783,28159,5959,0,3
cbd79d49-d00e-47b2-8613-1814b77230c7,2,1,12,2943,120704,608,338,124255,123647,2943,1311,0,4
cbd79d49-d00e-47b2-8613-1814b77230c7,2,1,13,22321,124160,1484,1021,147965,146481,22321,3821,0,4
cbd79d49-d00e-47b2-8613-1814b77230c7,2,1,14,3550,147840,1880,1571,153270,151390,3550,6159,0,4
cbd79d49-d00e-47b2-8613-1814b77230c7,2,1,15,6707,153216,1336,996,161259,159923,6707,3928,0,4
cbd79d49-d00e-47b2-8613-1814b77230c7,2,1,16,5586,161152,390,215,167128,166738,5586,781,0,3
cbd79d49-d00e-47b2-8613-1814b77230c7,2,1,17,39876,167040,256,46,207172,206916,39876,187,0,1
cbd79d49-d00e-47b2-8613-1814b77230c7,2,1,18,249,206976,339,60,207564,207225,249,234,0,1
cbd79d49-d00e-47b2-8613-1814b77230c7,2,1,19,295,207488,404,260,208187,207783,295,1027,87,2
cbd79d49-d00e-47b2-8613-1814b77230c7,2,1,20,27000,208128,1099,813,236227,235128,27000,2913,70,2
cbd79d49-d00e-47b2-8613-1814b77230c7,2,1,21,3210,236160,980,574,240350,239370,3210,2242,0,1
cbd79d49-d00e-47b2-8613-1814b77230c7,2,1,22,4921,240256,316,121,245493,245177,4921,502,0,2
cbd79d49-d00e-47b2-8613-1814b77230c7,2,1,23,13801,245376,596,475,259773,259177,13801,1934,0,2
cbd79d49-d00e-47b2-8613-1814b77230c7,2,1,24,14728,259712,420,222,274860,274440,14728,841,0,3
cbd79d49-d00e-47b2-8613-1814b77230c7,2,1,25,928,274816,916,654,276660,275744,928,2490,0,2
cbd79d49-d00e-47b2-8613-1814b77230c7,2,1,26,2212,276608,733,494,279553,278820,2212,1886,0,1
cbd79d49-d00e-47b2-8613-1814b77230c7,2,1,27,415,279552,386,160,280353,279967,415,686,0,1
cbd79d49-d00e-47b2-8613-1814b77230c7,2,1,28,377,280320,186,129,280883,280697,377,529,0,1
cbd79d49-d00e-47b2-8613-1814b77230c7,2,1,29,14490,280832,313,100,295635,295322,14490,401,0,1
cbd79d49-d00e-47b2-8613-1814b77230c7,2,1,30,227,295424,6924,2649,302575,295651,227,8969,51,1
cbd79d49-d00e-47b2-8613-1814b77230c7,2,1,31,164,302464,102,12,302730,302628,164,54,0,1
cbd79d49-d00e-47b2-8613-1814b77230c7,2,1,32,4412,302720,3702,315,310834,307132,4412,1232,73,1
cbd79d49-d00e-47b2-8613-1814b77230c7,2,1,33,231,310656,82,0,310969,310887,231,0,0,1
cbd79d49-d00e-47b2-8613-1814b77230c7,2,1,34,208,310784,160,27,311152,310992,208,110,0,1
cbd79d49-d00e-47b2-8613-1814b77230c7,2,1,35,144,311040,372,297,311556,311184,144,1010,0,1
cbd79d49-d00e-47b2-8613-1814b77230c7,2,1,36,1786,311552,4908,1583,318246,313338,1786,6842,0,1
cbd79d49-d00e-47b2-8613-1814b77230c7,2,1,37,219,318080,119,0,318418,318299,219,0,0,1
cbd79d49-d00e-47b2-8613-1814b77230c7,2,1,38,236,318208,4076,860,322520,318444,236,3133,0,1
cbd79d49-d00e-47b2-8613-1814b77230c7,2,1,39,4109,318464,133,0,322706,322573,4109,0,0,1
cbd79d49-d00e-47b2-8613-1814b77230c7,2,1,40,174,322560,197,49,322931,322734,174,210,0,1
cbd79d49-d00e-47b2-8613-1814b77230c7,2,1,41,255,322816,1644,655,324715,323071,255,2344,0,1
cbd79d49-d00e-47b2-8613-1814b77230c7,2,1,42,146,324608,470,0,325224,324754,146,0,0,1
cbd79d49-d00e-47b2-8613-1814b77230c7,2,1,43,143,325120,861,700,326124,325263,143,2998,0,1
cbd79d49-d00e-47b2-8613-1814b77230c7,2,1,44,256,326016,1320,526,327592,326272,256,1760,0,1
cbd79d49-d00e-47b2-8613-1814b77230c7,2,1,45,207,327424,162,0,327793,327631,207,0,0,1
cbd79d49-d00e-47b2-8613-1814b77230c7,2,1,46,261,327680,503,272,328444,327941,261,843,0,1
cbd79d49-d00e-47b2-8613-1814b77230c7,2,1,47,163,328320,696,0,329179,328483,163,0,0,1
cbd79d49-d00e-47b2-8613-1814b77230c7,2,1,48,258,328960,549,0,329767,329218,258,0,0,1
cbd79d49-d00e-47b2-8613-1814b77230c7,2,1,49,206,329600,596,0,330402,329806,206,0,0,1
cbd79d49-d00e-47b2-8613-1814b77230c7,2,1,50,201,330240,162,0,330603,330441,201,0,0,1
cbd79d49-d00e-47b2-8613-1814b77230c7,2,1,51,255,330496,843,622,331594,330751,255,2534,0,1
cbd79d49-d00e-47b2-8613-1814b77230c7,2,1,52,241,331392,171,0,331804,331633,241,0,0,1
cbd79d49-d00e-47b2-8613-1814b77230c7,2,1,53,195,331648,128,0,331971,331843,195,0,0,1
cbd79d49-d00e-47b2-8613-1814b77230c7,2,1,54,250,331776,122,47,332148,332026,250,193,0,1
cbd79d49-d00e-47b2-8613-1814b77230c7,2,1,55,1186,332032,160,57,333378,333218,1186,237,0,1
cbd79d49-d00e-47b2-8613-1814b77230c7,2,1,56,405,333312,139,0,333856,333717,405,0,0,1
cbd79d49-d00e-47b2-8613-1814b77230c7,2,1,57,199,333696,91,0,333986,333895,199,0,0,1
cbd79d49-d00e-47b2-8613-1814b77230c7,2,1,58,1095,333952,1163,67,336210,335047,1095,301,110,2
cbd79d49-d00e-47b2-8613-1814b77230c7,2,1,59,137,336128,406,0,336671,336265,137,0,1643,0
cc07f9d4-0390-4bb3-90b1-866e31d30b66,2,1,1,3011,7936,228,0,11175,10947,3011,0,110,2
cc07f9d4-0390-4bb3-90b1-866e31d30b66,2,1,2,2070,11136,566,179,13772,13206,2070,836,0,2
cc07f9d4-0390-4bb3-90b1-866e31d30b66,2,1,3,1472,13696,4844,282,20012,15168,1472,1324,129,4
cc07f9d4-0390-4bb3-90b1-866e31d30b66,2,1,4,416,19968,602,50,20986,20384,416,201,0,2
cc07f9d4-0390-4bb3-90b1-866e31d30b66,2,1,5,238,20864,239,35,21341,21102,238,145,0,2
cc07f9d4-0390-4bb3-90b1-866e31d30b66,2,1,6,3299,21248,694,208,25241,24547,3299,790,0,2
cc07f9d4-0390-4bb3-90b1-866e31d30b66,2,1,7,1059,25216,689,286,26964,26275,1059,1176,0,3
cc07f9d4-0390-4bb3-90b1-866e31d30b66,2,1,8,2317,26880,884,406,30081,29197,2317,1675,105,2
cc07f9d4-0390-4bb3-90b1-866e31d30b66,2,1,9,4595,30080,508,157,35183,34675,4595,597,0,2
cc07f9d4-0390-4bb3-90b1-866e31d30b66,2,1,10,320,35072,363,120,35755,35392,320,557,0,2
cc07f9d4-0390-4bb3-90b1-866e31d30b66,2,1,11,4832,35712,617,279,41161,40544,4832,1131,52,2
cc07f9d4-0390-4bb3-90b1-866e31d30b66,2,1,12,2242,41088,181,29,43511,43330,2242,131,0,2
cc07f9d4-0390-4bb3-90b1-866e31d30b66,2,1,13,2004,43392,628,175,46024,45396,2004,752,0,2
cc07f9d4-0390-4bb3-90b1-866e31d30b66,2,1,14,358,45952,601,54,46911,46310,358,245,0,2
cc07f9d4-0390-4bb3-90b1-866e31d30b66,2,1,15,222,46720,675,245,47617,46942,222,994,0,2
cc07f9d4-0390-4bb3-90b1-866e31d30b66,2,1,16,1713,47616,789,475,50118,49329,1713,1837,0,2
cc07f9d4-0390-4bb3-90b1-866e31d30b66,2,1,17,421,50048,570,300,51039,50469,421,1262,0,2
cc07f9d4-0390-4bb3-90b1-866e31d30b66,2,1,18,3694,50944,469,103,55107,54638,3694,445,81,1
cc07f9d4-0390-4bb3-90b1-866e31d30b66,2,1,19,3051,55040,422,45,58513,58091,3051,191,0,1
cc07f9d4-0390-4bb3-90b1-866e31d30b66,2,1,20,175,58496,734,329,59405,58671,175,1338,0,2
cc07f9d4-0390-4bb3-90b1-866e31d30b66,2,1,21,972,59392,464,198,60828,60364,972,811,109,2
cc07f9d4-0390-4bb3-90b1-866e31d30b66,2,1,22,2294,60800,604,229,63698,63094,2294,955,68,2
cc07f9d4-0390-4bb3-90b1-866e31d30b66,2,1,23,246,63488,417,148,64151,63734,246,589,0,2
cc07f9d4-0390-4bb3-90b1-866e31d30b66,2,1,24,1152,64128,394,135,65674,65280,1152,525,0,2
cc07f9d4-0390-4bb3-90b1-866e31d30b66,2,1,25,7802,65664,924,226,74390,73466,7802,897,93,2
cc07f9d4-0390-4bb3-90b1-866e31d30b66,2,1,26,134,74368,565,32,75067,74502,134,163,0,2
cc07f9d4-0390-4bb3-90b1-866e31d30b66,2,1,27,609,75008,722,129,76339,75617,609,590,0,2
cc07f9d4-0390-4bb3-90b1-866e31d30b66,2,1,28,196,76288,683,176,77167,76484,196,715,0,2
cc07f9d4-0390-4bb3-90b1-866e31d30b66,2,1,29,2689,77056,481,206,80226,79745,2689,829,0,2
cc07f9d4-0390-4bb3-90b1-866e31d30b66,2,1,30,2467,80128,504,143,83099,82595,2467,594,0,2
cc07f9d4-0390-4bb3-90b1-866e31d30b66,2,1,31,218,82944,398,50,83560,83162,218,187,0,2
cc07f9d4-0390-4bb3-90b1-866e31d30b66,2,1,32,3091,83456,488,120,87035,86547,3091,468,0,2
cc07f9d4-0390-4bb3-90b1-866e31d30b66,2,1,33,521,86912,230,63,87663,87433,521,303,0,2
cc07f9d4-0390-4bb3-90b1-866e31d30b66,2,1,34,2014,87552,496,320,90062,89566,2014,1242,0,2
cc07f9d4-0390-4bb3-90b1-866e31d30b66,2,1,35,1344,89984,590,266,91918,91328,1344,1030,0,2
cc07f9d4-0390-4bb3-90b1-866e31d30b66,2,1,36,997,91904,366,205,93267,92901,997,875,0,1
cc07f9d4-0390-4bb3-90b1-866e31d30b66,2,1,37,220,93184,410,189,93814,93404,220,823,0,2
cc07f9d4-0390-4bb3-90b1-866e31d30b66,2,1,38,335,93696,210,44,94241,94031,335,180,0,1
cc07f9d4-0390-4bb3-90b1-866e31d30b66,2,1,39,2059,94208,457,218,96724,96267,2059,883,0,2
cc07f9d4-0390-4bb3-90b1-866e31d30b66,2,1,40,5427,96640,379,78,102446,102067,5427,318,0,2
cc07f9d4-0390-4bb3-90b1-866e31d30b66,2,1,41,3770,102400,636,392,106806,106170,3770,1634,0,2
cc07f9d4-0390-4bb3-90b1-866e31d30b66,2,1,42,5100,106752,464,214,112316,111852,5100,813,0,2
cc07f9d4-0390-4bb3-90b1-866e31d30b66,2,1,43,3610,112256,2750,2412,118616,115866,3610,9026,64,2
cc07f9d4-0390-4bb3-90b1-866e31d30b66,2,1,44,2763,118528,533,343,121824,121291,2763,1527,0,1
cc07f9d4-0390-4bb3-90b1-866e31d30b66,2,1,45,45079,121728,215,102,167022,166807,45079,455,0,2
cc07f9d4-0390-4bb3-90b1-866e31d30b66,2,1,46,235,166912,16079,147,183226,167147,235,602,113,1
cc07f9d4-0390-4bb3-90b1-866e31d30b66,2,1,47,242,183040,236,118,183518,183282,242,505,0,2
cc07f9d4-0390-4bb3-90b1-866e31d30b66,2,1,48,2636,183424,660,321,186720,186060,2636,1620,121,1
cc07f9d4-0390-4bb3-90b1-866e31d30b66,2,1,49,138,186624,225,0,186987,186762,138,0,0,1
cc07f9d4-0390-4bb3-90b1-866e31d30b66,2,1,50,149,186880,176,0,187205,187029,149,0,0,1
cc07f9d4-0390-4bb3-90b1-866e31d30b66,2,1,51,239,187008,131,41,187378,187247,239,163,0,1
cc07f9d4-0390-4bb3-90b1-866e31d30b66,2,1,52,209,187264,299,12,187772,187473,209,46,0,1
cc07f9d4-0390-4bb3-90b1-866e31d30b66,2,1,53,166,187648,468,176,188282,187814,166,721,0,1
cc07f9d4-0390-4bb3-90b1-866e31d30b66,2,1,54,164,188160,305,0,188629,188324,164,0,0,1
cc07f9d4-0390-4bb3-90b1-866e31d30b66,2,1,55,257,188416,148,51,188821,188673,257,170,0,2
cc07f9d4-0390-4bb3-90b1-866e31d30b66,2,1,56,3825,188800,785,162,193410,192625,3825,742,84,1
cc07f9d4-0390-4bb3-90b1-866e31d30b66,2,1,57,172,193280,339,52,193791,193452,172,225,0,1
cc07f9d4-0390-4bb3-90b1-866e31d30b66,2,1,58,169,193664,242,0,194075,193833,169,0,0,1
cc07f9d4-0390-4bb3-90b1-866e31d30b66,2,1,59,197,193920,177,79,194294,194117,197,399,0,2
cc07f9d4-0390-4bb3-90b1-866e31d30b66,2,1,60,2685,194176,536,222,197397,196861,2685,908,98,2
cc07f9d4-0390-4bb3-90b1-866e31d30b66,2,1,61,3130,197376,1460,1246,201966,200506,3130,4438,151,2
cc07f9d4-0390-4bb3-90b1-866e31d30b66,2,1,62,6258,201856,1128,344,209242,208114,6258,1308,80,1
cc07f9d4-0390-4bb3-90b1-866e31d30b66,2,1,63,260,209024,1111,38,210395,209284,260,127,0,1
cc07f9d4-0390-4bb3-90b1-866e31d30b66,2,1,64,261,210176,1705,38,212142,210437,261,154,0,1
cc07f9d4-0390-4bb3-90b1-866e31d30b66,2,1,65,216,211968,670,35,212854,212184,216,110,0,1
cc07f9d4-0390-4bb3-90b1-866e31d30b66,2,1,66,160,212736,171,48,213067,212896,160,223,0,1
cc07f9d4-0390-4bb3-90b1-866e31d30b66,2,1,67,364,212992,94,0,213450,213356,364,0,0,1
cc07f9d4-0390-4bb3-90b1-866e31d30b66,2,1,68,719,213376,386,109,214481,214095,719,453,0,1
cc07f9d4-0390-4bb3-90b1-866e31d30b66,2,1,69,251,214272,353,0,214876,214523,251,0,0,1
cc07f9d4-0390-4bb3-90b1-866e31d30b66,2,1,70,134,214784,136,42,215054,214918,134,159,0,1
cc07f9d4-0390-4bb3-90b1-866e31d30b66,2,1,71,895,215040,1707,0,217642,215935,895,0,0,1
cc07f9d4-0390-4bb3-90b1-866e31d30b66,2,1,72,212,217472,1115,37,218799,217684,212,155,0,1
cc07f9d4-0390-4bb3-90b1-866e31d30b66,2,1,73,217,218624,1380,124,220221,218841,217,529,0,1
cc07f9d4-0390-4bb3-90b1-866e31d30b66,2,1,74,231,220032,1094,49,221357,220263,231,154,0,1
cc07f9d4-0390-4bb3-90b1-866e31d30b66,2,1,75,215,221184,753,45,222152,221399,215,186,0,1
cc07f9d4-0390-4bb3-90b1-866e31d30b66,2,1,76,242,221952,777,32,222971,222194,242,147,0,1
cc07f9d4-0390-4bb3-90b1-866e31d30b66,2,1,77,165,222848,392,201,223405,223013,165,795,0,2
cc07f9d4-0390-4bb3-90b1-866e31d30b66,2,1,78,475,223360,1196,301,225031,223835,475,1300,120,2
cc07f9d4-0390-4bb3-90b1-866e31d30b66,2,1,79,206,224896,225,51,225327,225102,206,233,0,2
cc07f9d4-0390-4bb3-90b1-866e31d30b66,2,1,80,1179,225280,410,232,226869,226459,1179,949,0,2
cc07f9d4-0390-4bb3-90b1-866e31d30b66,2,1,81,1205,226816,303,194,228324,228021,1205,834,0,1
cc07f9d4-0390-4bb3-90b1-866e31d30b66,2,1,82,353,228224,508,287,229085,228577,353,1295,0,1
cc07f9d4-0390-4bb3-90b1-866e31d30b66,2,1,83,141,228992,295,180,229428,229133,141,800,0,1
cc07f9d4-0390-4bb3-90b1-866e31d30b66,2,1,84,203,229248,2699,33,232150,229451,203,156,0,1
cc07f9d4-0390-4bb3-90b1-866e31d30b66,2,1,85,256,231936,78,55,232270,232192,256,240,0,1
cc07f9d4-0390-4bb3-90b1-866e31d30b66,2,1,86,313,232064,754,614,233131,232377,313,2909,151,2
cc07f9d4-0390-4bb3-90b1-866e31d30b66,2,1,87,244,232960,786,71,233990,233204,244,258,0,1
cc07f9d4-0390-4bb3-90b1-866e31d30b66,2,1,88,229,233856,186,50,234271,234085,229,217,0,1
cc07f9d4-0390-4bb3-90b1-866e31d30b66,2,1,89,224,234112,348,223,234684,234336,224,938,0,1
cc07f9d4-0390-4bb3-90b1-866e31d30b66,2,1,90,211,234496,1026,0,235733,234707,211,0,4311,0
cc1fd076-ce12-4f21-9a03-de36e199d4ef,2,1,1,3298,7936,188,0,11422,11234,3298,0,81,2
cc1fd076-ce12-4f21-9a03-de36e199d4ef,2,1,2,493,11392,602,80,12487,11885,493,345,0,2
cc1fd076-ce12-4f21-9a03-de36e199d4ef,2,1,3,261,12288,585,48,13134,12549,261,222,105,2
cc1fd076-ce12-4f21-9a03-de36e199d4ef,2,1,4,260,12928,348,46,13536,13188,260,202,0,2
cc1fd076-ce12-4f21-9a03-de36e199d4ef,2,1,5,1354,13440,743,142,15537,14794,1354,499,0,2
cc1fd076-ce12-4f21-9a03-de36e199d4ef,2,1,6,229,15488,382,77,16099,15717,229,293,0,2
cc1fd076-ce12-4f21-9a03-de36e199d4ef,2,1,7,137,16000,280,166,16417,16137,137,751,0,2
cc1fd076-ce12-4f21-9a03-de36e199d4ef,2,1,8,5551,16384,848,384,22783,21935,5551,1332,82,1
cc1fd076-ce12-4f21-9a03-de36e199d4ef,2,1,9,464,22656,990,189,24110,23120,464,666,0,2
cc1fd076-ce12-4f21-9a03-de36e199d4ef,2,1,10,1452,23040,1427,532,25919,24492,1452,1869,83,2
cc1fd076-ce12-4f21-9a03-de36e199d4ef,2,1,11,210,25856,1231,677,27297,26066,210,2351,0,2
cc1fd076-ce12-4f21-9a03-de36e199d4ef,2,1,12,386,27264,328,45,27978,27650,386,159,0,1
cc1fd076-ce12-4f21-9a03-de36e199d4ef,2,1,13,467,27904,1195,767,29566,28371,467,3203,107,2
cc1fd076-ce12-4f21-9a03-de36e199d4ef,2,1,14,409,29440,454,96,30303,29849,409,451,0,2
cc1fd076-ce12-4f21-9a03-de36e199d4ef,2,1,15,170,30208,344,68,30722,30378,170,267,0,1
cc1fd076-ce12-4f21-9a03-de36e199d4ef,2,1,16,145,30720,326,38,31191,30865,145,142,50,1
cc1fd076-ce12-4f21-9a03-de36e199d4ef,2,1,17,3194,31104,409,56,34707,34298,3194,187,82,2
cc1fd076-ce12-4f21-9a03-de36e199d4ef,2,1,18,1036,34688,3691,1255,39415,35724,1036,4246,138,2
cc1fd076-ce12-4f21-9a03-de36e199d4ef,2,1,19,2376,37120,1705,70,41201,39496,2376,229,0,2
cc1fd076-ce12-4f21-9a03-de36e199d4ef,2,1,20,2291,41088,953,73,44332,43379,2291,291,0,2
cc1fd076-ce12-4f21-9a03-de36e199d4ef,2,1,21,2336,44288,688,542,47312,46624,2336,1683,0,1
cc1fd076-ce12-4f21-9a03-de36e199d4ef,2,1,22,1104,47232,879,179,49215,48336,1104,654,61,1
cc1fd076-ce12-4f21-9a03-de36e199d4ef,2,1,23,989,48256,609,18,49854,49245,989,85,0,1
cc1fd076-ce12-4f21-9a03-de36e199d4ef,2,1,24,530,49792,242,67,50564,50322,530,304,0,1
cc1fd076-ce12-4f21-9a03-de36e199d4ef,2,1,25,1860,50560,666,170,53086,52420,1860,720,0,2
cc1fd076-ce12-4f21-9a03-de36e199d4ef,2,1,26,2062,52992,601,258,55655,55054,2062,965,0,2
cc1fd076-ce12-4f21-9a03-de36e199d4ef,2,1,27,2096,55552,394,151,58042,57648,2096,527,0,1
cc1fd076-ce12-4f21-9a03-de36e199d4ef,2,1,28,387,57984,639,258,59010,58371,387,942,0,1
cc1fd076-ce12-4f21-9a03-de36e199d4ef,2,1,29,311,59008,687,180,60006,59319,311,701,0,2
cc1fd076-ce12-4f21-9a03-de36e199d4ef,2,1,30,679,59904,475,88,61058,60583,679,302,0,1
cc1fd076-ce12-4f21-9a03-de36e199d4ef,2,1,31,579,61056,533,33,62168,61635,579,137,0,2
cc1fd076-ce12-4f21-9a03-de36e199d4ef,2,1,32,316,62080,384,113,62780,62396,316,408,0,1
cc1fd076-ce12-4f21-9a03-de36e199d4ef,2,1,33,1544,62720,716,87,64980,64264,1544,335,0,2
cc1fd076-ce12-4f21-9a03-de36e199d4ef,2,1,34,250,64768,216,48,65234,65018,250,169,0,1
cc1fd076-ce12-4f21-9a03-de36e199d4ef,2,1,35,264,65152,675,283,66091,65416,264,1194,0,2
cc1fd076-ce12-4f21-9a03-de36e199d4ef,2,1,36,325,66048,795,208,67168,66373,325,859,0,2
cc1fd076-ce12-4f21-9a03-de36e199d4ef,2,1,37,670,67072,552,108,68294,67742,670,447,0,2
cc1fd076-ce12-4f21-9a03-de36e199d4ef,2,1,38,3085,68224,766,220,72075,71309,3085,794,61,2
cc1fd076-ce12-4f21-9a03-de36e199d4ef,2,1,39,298,72064,420,44,72782,72362,298,160,0,2
cc1fd076-ce12-4f21-9a03-de36e199d4ef,2,1,40,3486,72704,789,423,76979,76190,3486,1472,99,1
cc1fd076-ce12-4f21-9a03-de36e199d4ef,2,1,41,185,76928,139,0,77252,77113,185,0,0,1
cc1fd076-ce12-4f21-9a03-de36e199d4ef,2,1,42,1148,77184,620,122,78952,78332,1148,471,0,1
cc1fd076-ce12-4f21-9a03-de36e199d4ef,2,1,43,983,78848,438,221,80269,79831,983,877,0,1
cc1fd076-ce12-4f21-9a03-de36e199d4ef,2,1,44,1511,80256,646,295,82413,81767,1511,1016,0,2
cc1fd076-ce12-4f21-9a03-de36e199d4ef,2,1,45,4294,82304,643,270,87241,86598,4294,1037,99,2
cc1fd076-ce12-4f21-9a03-de36e199d4ef,2,1,46,1235,87168,501,165,88904,88403,1235,583,0,1
cc1fd076-ce12-4f21-9a03-de36e199d4ef,2,1,47,2086,88832,158,32,91076,90918,2086,129,0,1
cc1fd076-ce12-4f21-9a03-de36e199d4ef,2,1,48,2759,91008,1021,436,94788,93767,2759,1619,0,2
cc1fd076-ce12-4f21-9a03-de36e199d4ef,2,1,49,1580,94720,737,169,97037,96300,1580,558,50,1
cc1fd076-ce12-4f21-9a03-de36e199d4ef,2,1,50,239,96896,321,41,97456,97135,239,162,76,2
cc1fd076-ce12-4f21-9a03-de36e199d4ef,2,1,51,1576,97408,381,90,99365,98984,1576,339,0,2
cc1fd076-ce12-4f21-9a03-de36e199d4ef,2,1,52,1894,99328,965,468,102187,101222,1894,1639,0,2
cc1fd076-ce12-4f21-9a03-de36e199d4ef,2,1,53,954,102144,1280,887,104378,103098,954,3133,0,2
cc1fd076-ce12-4f21-9a03-de36e199d4ef,2,1,54,423,104320,451,58,105194,104743,423,252,0,2
cc1fd076-ce12-4f21-9a03-de36e199d4ef,2,1,55,2420,105088,605,283,108113,107508,2420,1202,0,2
cc1fd076-ce12-4f21-9a03-de36e199d4ef,2,1,56,2418,108032,470,117,110920,110450,2418,536,0,2
cc1fd076-ce12-4f21-9a03-de36e199d4ef,2,1,57,636,110848,429,54,111913,111484,636,235,0,1
cc1fd076-ce12-4f21-9a03-de36e199d4ef,2,1,58,216,111744,581,198,112541,111960,216,680,0,1
cc1fd076-ce12-4f21-9a03-de36e199d4ef,2,1,59,1879,112512,743,378,115134,114391,1879,1416,0,1
cc1fd076-ce12-4f21-9a03-de36e199d4ef,2,1,60,343,115072,541,65,115956,115415,343,259,0,2
cc1fd076-ce12-4f21-9a03-de36e199d4ef,2,1,61,282,115840,924,661,117046,116122,282,2389,0,2
cc1fd076-ce12-4f21-9a03-de36e199d4ef,2,1,62,904,116352,716,130,117972,117256,904,530,0,2
cc1fd076-ce12-4f21-9a03-de36e199d4ef,2,1,63,1783,117248,613,80,119644,119031,1783,350,98,2
cc1fd076-ce12-4f21-9a03-de36e199d4ef,2,1,64,4259,119552,294,84,124105,123811,4259,336,0,2
cc1fd076-ce12-4f21-9a03-de36e199d4ef,2,1,65,1418,124032,251,72,125701,125450,1418,280,0,2
cc1fd076-ce12-4f21-9a03-de36e199d4ef,2,1,66,4053,125696,692,144,130441,129749,4053,562,94,2
cc1fd076-ce12-4f21-9a03-de36e199d4ef,2,1,67,1319,130432,482,169,132233,131751,1319,594,0,1
cc1fd076-ce12-4f21-9a03-de36e199d4ef,2,1,68,2291,132224,546,411,135061,134515,2291,1379,0,1
cc1fd076-ce12-4f21-9a03-de36e199d4ef,2,1,69,258,134912,488,51,135658,135170,258,183,0,2
cc1fd076-ce12-4f21-9a03-de36e199d4ef,2,1,70,832,135552,573,43,136957,136384,832,166,0,2
cc1fd076-ce12-4f21-9a03-de36e199d4ef,2,1,71,1079,136832,413,101,138324,137911,1079,405,0,1
cc1fd076-ce12-4f21-9a03-de36e199d4ef,2,1,72,1158,138240,2491,2098,141889,139398,1158,7770,0,1
cc1fd076-ce12-4f21-9a03-de36e199d4ef,2,1,73,202,141824,9459,48,151485,142026,202,176,56,1
cc1fd076-ce12-4f21-9a03-de36e199d4ef,2,1,74,7214,151424,271,76,158909,158638,7214,293,79,2
cc1fd076-ce12-4f21-9a03-de36e199d4ef,2,1,75,276,158848,208,146,159332,159124,276,567,0,1
cc1fd076-ce12-4f21-9a03-de36e199d4ef,2,1,76,3680,159232,11630,472,174542,162912,3680,1981,117,1
cc1fd076-ce12-4f21-9a03-de36e199d4ef,2,1,77,258,174336,794,132,175388,174594,258,544,0,2
cc1fd076-ce12-4f21-9a03-de36e199d4ef,2,1,78,141,175360,475,151,175976,175501,141,596,0,1
cc1fd076-ce12-4f21-9a03-de36e199d4ef,2,1,79,714,175872,11186,85,187772,176586,714,368,82,1
cc1fd076-ce12-4f21-9a03-de36e199d4ef,2,1,80,176,187648,163,25,187987,187824,176,107,0,1
cc1fd076-ce12-4f21-9a03-de36e199d4ef,2,1,81,0,0,0,0,0,0,0,1714,0,0
cc1fd076-ce12-4f21-9a03-de36e199d4ef,2,2,1,4804,188288,15418,4940,208510,193092,4804,17114,78,1
cc1fd076-ce12-4f21-9a03-de36e199d4ef,2,2,2,178,208384,134,0,208696,208562,178,0,0,1
cc1fd076-ce12-4f21-9a03-de36e199d4ef,2,2,3,239,208512,625,517,209376,208751,239,2119,76,1
cc1fd076-ce12-4f21-9a03-de36e199d4ef,2,2,4,259,209152,6639,0,216050,209411,259,0,0,1
cc1fd076-ce12-4f21-9a03-de36e199d4ef,2,2,5,153,215936,830,197,216919,216089,153,854,2327,0
cceedd38-6543-457a-a7f8-753d6bda1067,3,1,1,3308,7936,174,0,11418,11244,3308,0,67,2
cceedd38-6543-457a-a7f8-753d6bda1067,3,1,2,1233,11392,238,16,12863,12625,1233,76,0,2
cceedd38-6543-457a-a7f8-753d6bda1067,3,1,3,1417,12800,725,516,14942,14217,1417,2001,0,2
cceedd38-6543-457a-a7f8-753d6bda1067,3,1,4,1504,14848,999,543,17351,16352,1504,2068,0,2
cceedd38-6543-457a-a7f8-753d6bda1067,3,1,5,240,17152,243,53,17635,17392,240,191,0,2
cceedd38-6543-457a-a7f8-753d6bda1067,3,1,6,577,17536,482,148,18595,18113,577,608,0,2
cceedd38-6543-457a-a7f8-753d6bda1067,3,1,7,326,18560,239,61,19125,18886,326,208,0,2
cceedd38-6543-457a-a7f8-753d6bda1067,3,1,8,720,19072,797,399,20589,19792,720,1415,0,2
cceedd38-6543-457a-a7f8-753d6bda1067,3,1,9,258,20480,846,239,21584,20738,258,1024,0,2
cceedd38-6543-457a-a7f8-753d6bda1067,3,1,10,742,21504,802,116,23048,22246,742,410,0,2
cceedd38-6543-457a-a7f8-753d6bda1067,3,1,11,1152,23040,385,58,24577,24192,1152,252,0,1
cceedd38-6543-457a-a7f8-753d6bda1067,3,1,12,156,24576,198,0,24930,24732,156,0,0,1
cceedd38-6543-457a-a7f8-753d6bda1067,3,1,13,148,24832,1482,980,26462,24980,148,3226,0,2
cceedd38-6543-457a-a7f8-753d6bda1067,3,1,14,438,26368,1060,626,27866,26806,438,2481,0,1
cceedd38-6543-457a-a7f8-753d6bda1067,3,1,15,258,27776,413,213,28447,28034,258,814,0,1
cceedd38-6543-457a-a7f8-753d6bda1067,3,1,16,142,28416,174,0,28732,28558,142,0,0,1
cceedd38-6543-457a-a7f8-753d6bda1067,3,1,17,1758,28672,242,76,30672,30430,1758,290,0,1
cceedd38-6543-457a-a7f8-753d6bda1067,3,1,18,262,30592,696,549,31550,30854,262,2098,0,1
cceedd38-6543-457a-a7f8-753d6bda1067,3,1,19,227,31360,289,50,31876,31587,227,218,0,1
cceedd38-6543-457a-a7f8-753d6bda1067,3,1,20,212,31744,442,135,32398,31956,212,524,0,2
cceedd38-6543-457a-a7f8-753d6bda1067,3,1,21,221,32384,1082,544,33687,32605,221,2005,0,1
cceedd38-6543-457a-a7f8-753d6bda1067,3,1,22,165,33536,324,0,34025,33701,165,0,0,1
cceedd38-6543-457a-a7f8-753d6bda1067,3,1,23,449,33920,437,354,34806,34369,449,1179,0,1
cceedd38-6543-457a-a7f8-753d6bda1067,3,1,24,405,34688,277,135,35370,35093,405,499,0,1
cceedd38-6543-457a-a7f8-753d6bda1067,3,1,25,183,35328,191,66,35702,35511,183,269,0,2
cceedd38-6543-457a-a7f8-753d6bda1067,3,1,26,735,35584,2177,1635,38496,36319,735,6020,0,2
cceedd38-6543-457a-a7f8-753d6bda1067,3,1,27,230,38400,446,170,39076,38630,230,614,0,1
cceedd38-6543-457a-a7f8-753d6bda1067,3,1,28,480,39040,291,90,39811,39520,480,410,0,2
cceedd38-6543-457a-a7f8-753d6bda1067,3,1,29,466,39808,935,648,41209,40274,466,2721,0,2
cceedd38-6543-457a-a7f8-753d6bda1067,3,1,30,219,41088,391,98,41698,41307,219,415,0,1
cceedd38-6543-457a-a7f8-753d6bda1067,3,1,31,232,41600,184,68,42016,41832,232,280,0,1
cceedd38-6543-457a-a7f8-753d6bda1067,3,1,32,228,41856,558,215,42642,42084,228,746,0,1
cceedd38-6543-457a-a7f8-753d6bda1067,3,1,33,291,42624,453,50,43368,42915,291,188,0,1
cceedd38-6543-457a-a7f8-753d6bda1067,3,1,34,793,43264,464,204,44521,44057,793,786,0,1
cceedd38-6543-457a-a7f8-753d6bda1067,3,1,35,400,44416,408,150,45224,44816,400,518,0,1
cceedd38-6543-457a-a7f8-753d6bda1067,3,1,36,177,45184,325,67,45686,45361,177,259,0,1
cceedd38-6543-457a-a7f8-753d6bda1067,3,1,37,141,45568,321,141,46030,45709,141,568,0,1
cceedd38-6543-457a-a7f8-753d6bda1067,3,1,38,175,45952,326,72,46453,46127,175,280,0,1
cceedd38-6543-457a-a7f8-753d6bda1067,3,1,39,284,46336,434,204,47054,46620,284,925,0,1
cceedd38-6543-457a-a7f8-753d6bda1067,3,1,40,225,46848,365,48,47438,47073,225,222,0,2
cceedd38-6543-457a-a7f8-753d6bda1067,3,1,41,718,47360,924,685,49002,48078,718,2199,0,1
cceedd38-6543-457a-a7f8-753d6bda1067,3,1,42,219,48896,627,291,49742,49115,219,1110,0,1
cceedd38-6543-457a-a7f8-753d6bda1067,3,1,43,566,49664,960,670,51190,50230,566,2278,0,1
cceedd38-6543-457a-a7f8-753d6bda1067,3,1,44,718,51072,344,82,52134,51790,718,333,0,2
cceedd38-6543-457a-a7f8-753d6bda1067,3,1,45,1594,52096,354,93,54044,53690,1594,358,0,2
cceedd38-6543-457a-a7f8-753d6bda1067,3,1,46,1457,54016,661,186,56134,55473,1457,669,0,2
cceedd38-6543-457a-a7f8-753d6bda1067,3,1,47,1077,56064,253,154,57394,57141,1077,579,0,1
cceedd38-6543-457a-a7f8-753d6bda1067,3,1,48,1814,57344,210,91,59368,59158,1814,356,0,1
cceedd38-6543-457a-a7f8-753d6bda1067,3,1,49,930,59264,1012,547,61206,60194,930,2005,0,2
cceedd38-6543-457a-a7f8-753d6bda1067,3,1,50,602,61184,1355,1029,63141,61786,602,3814,0,2
cceedd38-6543-457a-a7f8-753d6bda1067,3,1,51,193,63104,904,554,64201,63297,193,2293,0,2
cceedd38-6543-457a-a7f8-753d6bda1067,3,1,52,1788,64128,347,141,66263,65916,1788,544,0,1
cceedd38-6543-457a-a7f8-753d6bda1067,3,1,53,655,66176,227,58,67058,66831,655,249,0,1
cceedd38-6543-457a-a7f8-753d6bda1067,3,1,54,335,66944,198,48,67477,67279,335,192,0,2
cceedd38-6543-457a-a7f8-753d6bda1067,3,1,55,1497,67456,202,89,69155,68953,1497,369,0,1
cceedd38-6543-457a-a7f8-753d6bda1067,3,1,56,630,69120,260,86,70010,69750,630,336,0,2
cceedd38-6543-457a-a7f8-753d6bda1067,3,1,57,1122,69888,2435,1825,73445,71010,1122,6559,0,2
cceedd38-6543-457a-a7f8-753d6bda1067,3,1,58,240,73344,123,0,73707,73584,240,0,0,1
cceedd38-6543-457a-a7f8-753d6bda1067,3,1,59,1404,73600,896,768,75900,75004,1404,2860,0,1
cceedd38-6543-457a-a7f8-753d6bda1067,3,1,60,5263,75776,943,478,81982,81039,5263,1704,0,2
cceedd38-6543-457a-a7f8-753d6bda1067,3,1,61,580,81920,547,162,83047,82500,580,682,0,2
cceedd38-6543-457a-a7f8-753d6bda1067,3,1,62,347,82944,643,310,83934,83291,347,1301,0,2
cceedd38-6543-457a-a7f8-753d6bda1067,3,1,63,581,83840,122,45,84543,84421,581,182,0,1
cceedd38-6543-457a-a7f8-753d6bda1067,3,1,64,944,84480,906,303,86330,85424,944,1247,0,1
cceedd38-6543-457a-a7f8-753d6bda1067,3,1,65,226,86272,421,158,86919,86498,226,446,0,2
cceedd38-6543-457a-a7f8-753d6bda1067,3,1,66,1886,86912,1057,597,89855,88798,1886,2064,0,2
cceedd38-6543-457a-a7f8-753d6bda1067,3,1,67,320,89728,920,474,90968,90048,320,1718,0,2
cceedd38-6543-457a-a7f8-753d6bda1067,3,1,68,252,90880,173,43,91305,91132,252,146,0,1
cceedd38-6543-457a-a7f8-753d6bda1067,3,1,69,157,91264,282,35,91703,91421,157,165,0,1
cceedd38-6543-457a-a7f8-753d6bda1067,3,1,70,892,91648,174,65,92714,92540,892,273,0,1
cceedd38-6543-457a-a7f8-753d6bda1067,3,1,71,504,92672,703,363,93879,93176,504,1350,0,2
cceedd38-6543-457a-a7f8-753d6bda1067,3,1,72,685,93824,571,335,95080,94509,685,1225,0,2
cceedd38-6543-457a-a7f8-753d6bda1067,3,1,73,533,94976,1694,1467,97203,95509,533,5260,0,2
cceedd38-6543-457a-a7f8-753d6bda1067,3,1,74,2556,97152,1183,622,100891,99708,2556,2104,0,2
cceedd38-6543-457a-a7f8-753d6bda1067,3,1,75,1060,100864,279,77,102203,101924,1060,325,0,2
cceedd38-6543-457a-a7f8-753d6bda1067,3,1,76,2605,102144,511,319,105260,104749,2605,1286,0,2
cceedd38-6543-457a-a7f8-753d6bda1067,3,1,77,1498,105216,1158,233,107872,106714,1498,897,0,2
cceedd38-6543-457a-a7f8-753d6bda1067,3,1,78,502,107776,377,142,108655,108278,502,481,0,1
cceedd38-6543-457a-a7f8-753d6bda1067,3,1,79,464,108544,189,97,109197,109008,464,361,0,1
cceedd38-6543-457a-a7f8-753d6bda1067,3,1,80,156,109056,456,363,109668,109212,156,1397,0,1
cceedd38-6543-457a-a7f8-753d6bda1067,3,1,81,2956,109568,209,122,112733,112524,2956,452,0,1
cceedd38-6543-457a-a7f8-753d6bda1067,3,1,82,236,112512,1136,944,113884,112748,236,3433,0,2
cceedd38-6543-457a-a7f8-753d6bda1067,3,1,83,237,113792,642,266,114671,114029,237,983,0,1
cceedd38-6543-457a-a7f8-753d6bda1067,3,1,84,773,114560,510,307,115843,115333,773,1187,0,2
cceedd38-6543-457a-a7f8-753d6bda1067,3,1,85,394,115840,668,235,116902,116234,394,937,0,1
cceedd38-6543-457a-a7f8-753d6bda1067,3,1,86,502,116864,1045,647,118411,117366,502,2334,0,1
cceedd38-6543-457a-a7f8-753d6bda1067,3,1,87,782,118400,612,224,119794,119182,782,887,0,1
cceedd38-6543-457a-a7f8-753d6bda1067,3,1,88,148,119680,1505,929,121333,119828,148,2494,0,2
cceedd38-6543-457a-a7f8-753d6bda1067,3,1,89,197,121216,849,571,122262,121413,197,2244,0,2
cceedd38-6543-457a-a7f8-753d6bda1067,3,1,90,201,122112,4264,210,126577,122313,201,792,0,1
cceedd38-6543-457a-a7f8-753d6bda1067,3,1,91,170,126464,292,108,126926,126634,170,465,0,1
cceedd38-6543-457a-a7f8-753d6bda1067,3,1,92,327,126848,3906,454,131081,127175,327,1754,0,1
cceedd38-6543-457a-a7f8-753d6bda1067,3,1,93,194,130944,173,31,131311,131138,194,115,0,1
cceedd38-6543-457a-a7f8-753d6bda1067,3,1,94,251,131200,768,236,132219,131451,251,827,0,1
cceedd38-6543-457a-a7f8-753d6bda1067,3,1,95,166,132096,870,0,133132,132262,166,0,0,1
cceedd38-6543-457a-a7f8-753d6bda1067,3,1,96,183,132992,1070,65,134245,133175,183,290,0,1
cceedd38-6543-457a-a7f8-753d6bda1067,3,1,97,144,134144,126,0,134414,134288,144,0,0,1
cceedd38-6543-457a-a7f8-753d6bda1067,3,1,98,198,134272,763,197,135233,134470,198,771,0,1
cceedd38-6543-457a-a7f8-753d6bda1067,3,1,99,236,135040,901,0,136177,135276,236,0,0,1
cceedd38-6543-457a-a7f8-753d6bda1067,3,1,100,134,136064,128,33,136326,136198,134,159,0,1
cceedd38-6543-457a-a7f8-753d6bda1067,3,1,101,1370,136320,947,49,138637,137690,1370,176,0,1
cceedd38-6543-457a-a7f8-753d6bda1067,3,1,102,184,138496,126,0,138806,138680,184,0,0,1
cceedd38-6543-457a-a7f8-753d6bda1067,3,1,103,1130,138752,662,319,140544,139882,1130,1133,0,1
cceedd38-6543-457a-a7f8-753d6bda1067,3,1,104,149,140416,141,46,140706,140565,149,207,0,1
cceedd38-6543-457a-a7f8-753d6bda1067,3,1,105,1280,140672,374,0,142326,141952,1280,0,0,1
cceedd38-6543-457a-a7f8-753d6bda1067,3,1,106,161,142208,848,0,143217,142369,161,0,0,1
cceedd38-6543-457a-a7f8-753d6bda1067,3,1,107,156,143104,83,0,143343,143260,156,0,0,1
cceedd38-6543-457a-a7f8-753d6bda1067,3,1,108,153,143232,3483,389,146868,143385,153,1300,0,1
cceedd38-6543-457a-a7f8-753d6bda1067,3,1,109,237,146688,114,0,147039,146925,237,0,0,1
cceedd38-6543-457a-a7f8-753d6bda1067,3,1,110,139,146944,1272,229,148355,147083,139,796,0,1
cceedd38-6543-457a-a7f8-753d6bda1067,3,1,111,174,148224,115,0,148513,148398,174,0,0,1
cceedd38-6543-457a-a7f8-753d6bda1067,3,1,112,534,148480,375,129,149389,149014,534,433,0,1
cceedd38-6543-457a-a7f8-753d6bda1067,3,1,113,184,149248,235,0,149667,149432,184,0,0,1
cceedd38-6543-457a-a7f8-753d6bda1067,3,1,114,206,149504,495,0,150205,149710,206,0,0,1
cceedd38-6543-457a-a7f8-753d6bda1067,3,1,115,232,150016,124,0,150372,150248,232,0,0,1
cceedd38-6543-457a-a7f8-753d6bda1067,3,1,116,597,150272,572,146,151441,150869,597,533,0,1
cceedd38-6543-457a-a7f8-753d6bda1067,3,1,117,188,151296,611,0,152095,151484,188,0,0,1
cceedd38-6543-457a-a7f8-753d6bda1067,3,1,118,202,151936,127,64,152265,152138,202,277,0,1
cceedd38-6543-457a-a7f8-753d6bda1067,3,1,119,3317,152192,181,40,155690,155509,3317,131,0,1
cceedd38-6543-457a-a7f8-753d6bda1067,3,1,120,213,155520,237,127,155970,155733,213,562,0,1
cceedd38-6543-457a-a7f8-753d6bda1067,3,1,121,820,155904,91,0,156815,156724,820,0,0,1
cceedd38-6543-457a-a7f8-753d6bda1067,3,1,122,167,156672,625,0,157464,156839,167,0,0,1
cceedd38-6543-457a-a7f8-753d6bda1067,3,1,123,190,157312,328,24,157830,157502,190,107,0,1
cceedd38-6543-457a-a7f8-753d6bda1067,3,1,124,162,157696,645,0,158503,157858,162,0,2450,0
cf585c39-06cc-4e86-814e-fd4bb5dfcee8,3,1,1,3268,7936,188,0,11392,11204,3268,0,78,2
cf585c39-06cc-4e86-814e-fd4bb5dfcee8,3,1,2,1731,11392,783,407,13906,13123,1731,1503,54,4
cf585c39-06cc-4e86-814e-fd4bb5dfcee8,3,1,3,11874,13184,1205,531,26263,25058,11874,1901,63,2
cf585c39-06cc-4e86-814e-fd4bb5dfcee8,3,1,4,441,26240,427,296,27108,26681,441,1082,61,1
cf585c39-06cc-4e86-814e-fd4bb5dfcee8,3,1,5,3027,27008,447,33,30482,30035,3027,121,67,4
cf585c39-06cc-4e86-814e-fd4bb5dfcee8,3,1,6,190,30336,293,29,30819,30526,190,99,0,2
cf585c39-06cc-4e86-814e-fd4bb5dfcee8,3,1,7,257,30720,322,89,31299,30977,257,379,0,1
cf585c39-06cc-4e86-814e-fd4bb5dfcee8,3,1,8,214,31104,143,35,31461,31318,214,127,0,1
cf585c39-06cc-4e86-814e-fd4bb5dfcee8,3,1,9,804,31360,219,78,32383,32164,804,306,0,1
cf585c39-06cc-4e86-814e-fd4bb5dfcee8,3,1,10,858,32256,512,376,33626,33114,858,1382,86,2
cf585c39-06cc-4e86-814e-fd4bb5dfcee8,3,1,11,6304,33536,1323,543,41163,39840,6304,1948,105,2
cf585c39-06cc-4e86-814e-fd4bb5dfcee8,3,1,12,245,40960,433,27,41638,41205,245,110,0,1
cf585c39-06cc-4e86-814e-fd4bb5dfcee8,3,1,13,184,41472,127,25,41783,41656,184,105,0,1
cf585c39-06cc-4e86-814e-fd4bb5dfcee8,3,1,14,241,41728,550,254,42519,41969,241,969,79,4
cf585c39-06cc-4e86-814e-fd4bb5dfcee8,3,1,15,17890,42496,1334,942,61720,60386,17890,3286,85,2
cf585c39-06cc-4e86-814e-fd4bb5dfcee8,3,1,16,825,61696,358,36,62879,62521,825,175,0,1
cf585c39-06cc-4e86-814e-fd4bb5dfcee8,3,1,17,1248,62848,673,197,64769,64096,1248,736,0,2
cf585c39-06cc-4e86-814e-fd4bb5dfcee8,3,1,18,1158,64768,666,518,66592,65926,1158,1973,0,2
cf585c39-06cc-4e86-814e-fd4bb5dfcee8,3,1,19,12190,66560,968,569,79718,78750,12190,1936,0,2
cf585c39-06cc-4e86-814e-fd4bb5dfcee8,3,1,20,892,79616,377,62,80885,80508,892,266,0,1
cf585c39-06cc-4e86-814e-fd4bb5dfcee8,3,1,21,1906,80768,612,368,83286,82674,1906,1325,0,1
cf585c39-06cc-4e86-814e-fd4bb5dfcee8,3,1,22,196,83200,726,237,84122,83396,196,929,0,2
cf585c39-06cc-4e86-814e-fd4bb5dfcee8,3,1,23,2189,84096,794,418,87079,86285,2189,1722,105,2
cf585c39-06cc-4e86-814e-fd4bb5dfcee8,3,1,24,6790,87040,456,99,94286,93830,6790,404,0,1
cf585c39-06cc-4e86-814e-fd4bb5dfcee8,3,1,25,1469,94208,943,795,96620,95677,1469,3019,41,2
cf585c39-06cc-4e86-814e-fd4bb5dfcee8,3,1,26,8833,96512,876,462,106221,105345,8833,1583,0,2
cf585c39-06cc-4e86-814e-fd4bb5dfcee8,3,1,27,6525,106112,1125,558,113762,112637,6525,1989,0,3
cf585c39-06cc-4e86-814e-fd4bb5dfcee8,3,1,28,11841,113664,958,817,126463,125505,11841,3169,0,2
cf585c39-06cc-4e86-814e-fd4bb5dfcee8,3,1,29,11564,126336,606,466,138506,137900,11564,1831,0,2
cf585c39-06cc-4e86-814e-fd4bb5dfcee8,3,1,30,12222,138496,1135,579,151853,150718,12222,2134,0,2
cf585c39-06cc-4e86-814e-fd4bb5dfcee8,3,1,31,7906,151808,444,296,160158,159714,7906,1133,0,2
cf585c39-06cc-4e86-814e-fd4bb5dfcee8,3,1,32,6486,160128,1096,576,167710,166614,6486,2124,0,2
cf585c39-06cc-4e86-814e-fd4bb5dfcee8,3,1,33,10101,167680,1465,953,179246,177781,10101,3755,95,2
cf585c39-06cc-4e86-814e-fd4bb5dfcee8,3,1,34,1321,179200,650,228,181171,180521,1321,954,0,2
cf585c39-06cc-4e86-814e-fd4bb5dfcee8,3,1,35,14313,181120,1761,1150,197194,195433,14313,4338,135,2
cf585c39-06cc-4e86-814e-fd4bb5dfcee8,3,1,36,1677,197120,1039,932,199836,198797,1677,3658,0,2
cf585c39-06cc-4e86-814e-fd4bb5dfcee8,3,1,37,263,199808,2511,1695,202582,200071,263,5628,76,2
cf585c39-06cc-4e86-814e-fd4bb5dfcee8,3,1,38,809,202496,894,509,204199,203305,809,1728,0,2
cf585c39-06cc-4e86-814e-fd4bb5dfcee8,3,1,39,925,204160,654,294,205739,205085,925,1299,0,1
cf585c39-06cc-4e86-814e-fd4bb5dfcee8,3,1,40,212,205568,2460,2286,208240,205780,212,9082,0,1
cf585c39-06cc-4e86-814e-fd4bb5dfcee8,3,1,41,191,208128,155,62,208474,208319,191,243,0,1
cf585c39-06cc-4e86-814e-fd4bb5dfcee8,3,1,42,983,208384,3958,88,213325,209367,983,377,41,1
cf585c39-06cc-4e86-814e-fd4bb5dfcee8,3,1,43,134,213248,243,52,213625,213382,134,221,0,1
cf585c39-06cc-4e86-814e-fd4bb5dfcee8,3,1,44,251,213504,4055,603,217810,213755,251,2137,65,1
cf585c39-06cc-4e86-814e-fd4bb5dfcee8,3,1,45,139,217728,229,0,218096,217867,139,0,0,1
cf585c39-06cc-4e86-814e-fd4bb5dfcee8,3,1,46,249,217984,3674,247,221907,218233,249,939,72,1
cf585c39-06cc-4e86-814e-fd4bb5dfcee8,3,1,47,140,221824,184,22,222148,221964,140,89,0,1
cf585c39-06cc-4e86-814e-fd4bb5dfcee8,3,1,48,183,222080,5053,1755,227316,222263,183,6890,0,1
cf585c39-06cc-4e86-814e-fd4bb5dfcee8,3,1,49,173,227200,183,0,227556,227373,173,0,0,1
cf585c39-06cc-4e86-814e-fd4bb5dfcee8,3,1,50,222,227456,2260,553,229938,227678,222,2497,80,2
cf585c39-06cc-4e86-814e-fd4bb5dfcee8,3,1,51,260,229760,142,0,230162,230020,260,0,0,1
cf585c39-06cc-4e86-814e-fd4bb5dfcee8,3,1,52,135,230144,1447,244,231726,230279,135,1193,0,2
cf585c39-06cc-4e86-814e-fd4bb5dfcee8,3,1,53,249,231552,765,0,232566,231801,249,0,2956,0
cf5cf6dc-ad72-4113-af71-f5d02bdcbaa9,3,1,1,3166,7936,514,0,11616,11102,3166,0,77,3
cf5cf6dc-ad72-4113-af71-f5d02bdcbaa9,3,1,2,567,11520,323,28,12410,12087,567,133,0,2
cf5cf6dc-ad72-4113-af71-f5d02bdcbaa9,3,1,3,1002,12288,339,110,13629,13290,1002,412,0,2
cf5cf6dc-ad72-4113-af71-f5d02bdcbaa9,3,1,4,1897,13568,277,83,15742,15465,1897,316,0,2
cf5cf6dc-ad72-4113-af71-f5d02bdcbaa9,3,1,5,1851,15616,640,413,18107,17467,1851,1224,106,2
cf5cf6dc-ad72-4113-af71-f5d02bdcbaa9,3,1,6,1069,18048,544,145,19661,19117,1069,526,0,2
cf5cf6dc-ad72-4113-af71-f5d02bdcbaa9,3,1,7,241,19584,337,67,20162,19825,241,301,0,2
cf5cf6dc-ad72-4113-af71-f5d02bdcbaa9,3,1,8,543,20096,470,201,21109,20639,543,683,0,2
cf5cf6dc-ad72-4113-af71-f5d02bdcbaa9,3,1,9,301,20992,368,133,21661,21293,301,494,0,2
cf5cf6dc-ad72-4113-af71-f5d02bdcbaa9,3,1,10,2759,21632,720,214,25111,24391,2759,821,0,2
cf5cf6dc-ad72-4113-af71-f5d02bdcbaa9,3,1,11,1339,25088,611,255,27038,26427,1339,986,0,2
cf5cf6dc-ad72-4113-af71-f5d02bdcbaa9,3,1,12,970,27008,286,79,28264,27978,970,324,0,2
cf5cf6dc-ad72-4113-af71-f5d02bdcbaa9,3,1,13,566,28160,465,154,29191,28726,566,516,0,2
cf5cf6dc-ad72-4113-af71-f5d02bdcbaa9,3,1,14,195,29184,416,147,29795,29379,195,456,0,2
cf5cf6dc-ad72-4113-af71-f5d02bdcbaa9,3,1,15,1238,29696,3768,518,34702,30934,1238,2253,116,3
cf5cf6dc-ad72-4113-af71-f5d02bdcbaa9,3,1,16,206,34560,612,249,35378,34766,206,982,104,2
cf5cf6dc-ad72-4113-af71-f5d02bdcbaa9,3,1,17,1216,35328,491,219,37035,36544,1216,777,0,2
cf5cf6dc-ad72-4113-af71-f5d02bdcbaa9,3,1,18,354,36992,348,41,37694,37346,354,159,0,2
cf5cf6dc-ad72-4113-af71-f5d02bdcbaa9,3,1,19,293,37632,365,11,38290,37925,293,46,0,2
cf5cf6dc-ad72-4113-af71-f5d02bdcbaa9,3,1,20,206,38144,640,355,38990,38350,206,1452,0,2
cf5cf6dc-ad72-4113-af71-f5d02bdcbaa9,3,1,21,256,38784,554,173,39594,39040,256,716,0,2
cf5cf6dc-ad72-4113-af71-f5d02bdcbaa9,3,1,22,225,39424,367,125,40016,39649,225,553,0,2
cf5cf6dc-ad72-4113-af71-f5d02bdcbaa9,3,1,23,2243,39936,846,566,43025,42179,2243,2322,101,2
cf5cf6dc-ad72-4113-af71-f5d02bdcbaa9,3,1,24,1649,43008,543,201,45200,44657,1649,734,0,2
cf5cf6dc-ad72-4113-af71-f5d02bdcbaa9,3,1,25,1503,45184,863,538,47550,46687,1503,2139,0,2
cf5cf6dc-ad72-4113-af71-f5d02bdcbaa9,3,1,26,1086,47488,677,230,49251,48574,1086,849,0,2
cf5cf6dc-ad72-4113-af71-f5d02bdcbaa9,3,1,27,189,49152,266,30,49607,49341,189,127,0,2
cf5cf6dc-ad72-4113-af71-f5d02bdcbaa9,3,1,28,3177,49536,587,280,53300,52713,3177,1070,0,2
cf5cf6dc-ad72-4113-af71-f5d02bdcbaa9,3,1,29,917,53248,384,189,54549,54165,917,634,0,2
cf5cf6dc-ad72-4113-af71-f5d02bdcbaa9,3,1,30,5119,54528,604,325,60251,59647,5119,1208,0,2
d07fdde4-91a3-4617-9341-d7100c77ab33,3,1,1,2849,7936,269,0,11054,10785,2849,0,100,2
d07fdde4-91a3-4617-9341-d7100c77ab33,3,1,2,3730,11008,926,135,15664,14738,3730,558,0,3
d07fdde4-91a3-4617-9341-d7100c77ab33,3,1,3,502,15616,280,33,16398,16118,502,165,0,1
d07fdde4-91a3-4617-9341-d7100c77ab33,3,1,4,402,16384,992,75,17778,16786,402,325,0,2
d07fdde4-91a3-4617-9341-d7100c77ab33,3,1,5,3375,17664,3408,2734,24447,21039,3375,9638,0,2
d07fdde4-91a3-4617-9341-d7100c77ab33,3,1,6,828,24320,466,211,25614,25148,828,846,0,2
d07fdde4-91a3-4617-9341-d7100c77ab33,3,1,7,3865,25600,732,302,30197,29465,3865,989,0,2
d07fdde4-91a3-4617-9341-d7100c77ab33,3,1,8,544,30080,1215,203,31839,30624,544,886,0,2
d07fdde4-91a3-4617-9341-d7100c77ab33,3,1,9,2054,31744,2306,1982,36104,33798,2054,7207,0,2
d07fdde4-91a3-4617-9341-d7100c77ab33,3,1,10,2954,36096,545,330,39595,39050,2954,1229,0,2
d07fdde4-91a3-4617-9341-d7100c77ab33,3,1,11,2097,39552,526,288,42175,41649,2097,1203,0,2
d07fdde4-91a3-4617-9341-d7100c77ab33,3,1,12,524,42112,231,79,42867,42636,524,317,0,2
d07fdde4-91a3-4617-9341-d7100c77ab33,3,1,13,302,42752,265,85,43319,43054,302,339,0,2
d07fdde4-91a3-4617-9341-d7100c77ab33,3,1,14,660,43264,958,454,44882,43924,660,1736,0,2
d07fdde4-91a3-4617-9341-d7100c77ab33,3,1,15,5906,44800,1044,466,51750,50706,5906,1604,0,2
d07fdde4-91a3-4617-9341-d7100c77ab33,3,1,16,4975,51712,1035,472,57722,56687,4975,1727,0,2
d07fdde4-91a3-4617-9341-d7100c77ab33,3,1,17,2456,57600,1166,693,61222,60056,2456,2445,0,2
d07fdde4-91a3-4617-9341-d7100c77ab33,3,1,18,2643,61184,377,77,64204,63827,2643,302,0,1
d07fdde4-91a3-4617-9341-d7100c77ab33,3,1,19,597,64128,1213,544,65938,64725,597,1934,0,2
d07fdde4-91a3-4617-9341-d7100c77ab33,3,1,20,2345,65920,750,519,69015,68265,2345,1808,0,2
d07fdde4-91a3-4617-9341-d7100c77ab33,3,1,21,2726,68992,1330,771,73048,71718,2726,2893,0,2
d07fdde4-91a3-4617-9341-d7100c77ab33,3,1,22,4789,72960,312,72,78061,77749,4789,338,0,2
d07fdde4-91a3-4617-9341-d7100c77ab33,3,1,23,647,77952,238,69,78837,78599,647,234,0,2
d07fdde4-91a3-4617-9341-d7100c77ab33,3,1,24,5095,78720,657,355,84472,83815,5095,1455,0,2
d07fdde4-91a3-4617-9341-d7100c77ab33,3,1,25,1957,84352,516,283,86825,86309,1957,1062,0,2
d07fdde4-91a3-4617-9341-d7100c77ab33,3,1,26,2214,86784,292,70,89290,88998,2214,270,0,2
d07fdde4-91a3-4617-9341-d7100c77ab33,3,1,27,4314,89216,697,414,94227,93530,4314,1596,0,2
d07fdde4-91a3-4617-9341-d7100c77ab33,3,1,28,1189,94208,577,372,95974,95397,1189,1343,0,1
d07fdde4-91a3-4617-9341-d7100c77ab33,3,1,29,3635,95872,560,257,100067,99507,3635,1048,0,2
d07fdde4-91a3-4617-9341-d7100c77ab33,3,1,30,1845,99968,321,176,102134,101813,1845,661,0,2
d07fdde4-91a3-4617-9341-d7100c77ab33,3,1,31,3120,102016,850,455,105986,105136,3120,2208,0,2
d07fdde4-91a3-4617-9341-d7100c77ab33,3,1,32,912,105984,511,104,107407,106896,912,431,0,2
d07fdde4-91a3-4617-9341-d7100c77ab33,3,1,33,6877,107392,1384,839,115653,114269,6877,3226,0,2
d07fdde4-91a3-4617-9341-d7100c77ab33,3,1,34,2734,115584,789,486,119107,118318,2734,1803,0,2
d07fdde4-91a3-4617-9341-d7100c77ab33,3,1,35,3457,119040,1045,445,123542,122497,3457,1598,0,2
d07fdde4-91a3-4617-9341-d7100c77ab33,3,1,36,855,123520,546,203,124921,124375,855,855,0,2
d07fdde4-91a3-4617-9341-d7100c77ab33,3,1,37,1013,124800,659,195,126472,125813,1013,780,0,2
d07fdde4-91a3-4617-9341-d7100c77ab33,3,1,38,1885,126464,753,493,129102,128349,1885,2156,0,2
d07fdde4-91a3-4617-9341-d7100c77ab33,3,1,39,5624,129024,777,484,135425,134648,5624,1950,0,2
d07fdde4-91a3-4617-9341-d7100c77ab33,3,1,40,6741,135424,825,555,142990,142165,6741,2170,0,2
d07fdde4-91a3-4617-9341-d7100c77ab33,3,1,41,3368,142976,859,340,147203,146344,3368,1158,0,2
d07fdde4-91a3-4617-9341-d7100c77ab33,3,1,42,729,147200,1143,731,149072,147929,729,2970,0,2
d07fdde4-91a3-4617-9341-d7100c77ab33,3,1,43,2293,148992,515,125,151800,151285,2293,524,0,2
d07fdde4-91a3-4617-9341-d7100c77ab33,3,1,44,958,151680,391,69,153029,152638,958,292,0,1
d07fdde4-91a3-4617-9341-d7100c77ab33,3,1,45,3227,152960,17232,2624,173419,156187,3227,8384,57,1
d07fdde4-91a3-4617-9341-d7100c77ab33,3,1,46,163,173312,956,25,174431,173475,163,111,0,2
d07fdde4-91a3-4617-9341-d7100c77ab33,3,1,47,173,174336,556,0,175065,174509,173,0,2342,0
d0d01526-dedf-4523-9301-738d6b6201fb,3,1,1,3087,7936,200,0,11223,11023,3087,0,90,2
d0d01526-dedf-4523-9301-738d6b6201fb,3,1,2,1871,11136,529,69,13536,13007,1871,298,50,3
d0d01526-dedf-4523-9301-738d6b6201fb,3,1,3,2869,13440,362,24,16671,16309,2869,110,50,3
d0d01526-dedf-4523-9301-738d6b6201fb,3,1,4,268,16640,308,215,17216,16908,268,857,0,1
d0d01526-dedf-4523-9301-738d6b6201fb,3,1,5,1232,17152,334,25,18718,18384,1232,113,76,3
d0d01526-dedf-4523-9301-738d6b6201fb,3,1,6,4716,18688,584,349,23988,23404,4716,1387,90,2
d0d01526-dedf-4523-9301-738d6b6201fb,3,1,7,4752,23936,574,111,29262,28688,4752,401,69,3
d0d01526-dedf-4523-9301-738d6b6201fb,3,1,8,3482,29184,585,162,33251,32666,3482,585,91,3
d0d01526-dedf-4523-9301-738d6b6201fb,3,1,9,6093,33152,3825,675,43070,39245,6093,2714,150,4
d0d01526-dedf-4523-9301-738d6b6201fb,3,1,10,136,43008,471,66,43615,43144,136,296,111,3
d0d01526-dedf-4523-9301-738d6b6201fb,3,1,11,2117,43520,509,116,46146,45637,2117,424,0,3
d0d01526-dedf-4523-9301-738d6b6201fb,3,1,12,3030,46080,801,518,49911,49110,3030,2024,86,2
d0d01526-dedf-4523-9301-738d6b6201fb,3,1,13,541,49792,685,272,51018,50333,541,1191,102,3
d0d01526-dedf-4523-9301-738d6b6201fb,3,1,14,2793,50944,862,450,54599,53737,2793,1748,0,3
d0d01526-dedf-4523-9301-738d6b6201fb,3,1,15,2561,54528,1022,631,58111,57089,2561,2562,0,4
d0d01526-dedf-4523-9301-738d6b6201fb,3,1,16,171,57984,844,492,58999,58155,171,1873,70,3
d0d01526-dedf-4523-9301-738d6b6201fb,3,1,17,3819,58880,682,240,63381,62699,3819,921,70,3
d0d01526-dedf-4523-9301-738d6b6201fb,3,1,18,216,63360,783,231,64359,63576,216,978,0,3
d0d01526-dedf-4523-9301-738d6b6201fb,3,1,19,456,64256,583,176,65295,64712,456,661,0,3
d0d01526-dedf-4523-9301-738d6b6201fb,3,1,20,748,65280,595,190,66623,66028,748,746,0,3
d0d01526-dedf-4523-9301-738d6b6201fb,3,1,21,1651,66560,644,162,68855,68211,1651,686,0,3
d0d01526-dedf-4523-9301-738d6b6201fb,3,1,22,680,68736,680,259,70096,69416,680,999,70,4
d0d01526-dedf-4523-9301-738d6b6201fb,3,1,23,794,70016,603,81,71413,70810,794,341,0,4
d0d01526-dedf-4523-9301-738d6b6201fb,3,1,24,1594,71296,510,368,73400,72890,1594,1454,0,2
d0d01526-dedf-4523-9301-738d6b6201fb,3,1,25,269,73344,598,67,74211,73613,269,279,0,4
d0d01526-dedf-4523-9301-738d6b6201fb,3,1,26,218,74112,225,0,74555,74330,218,0,0,2
d0d01526-dedf-4523-9301-738d6b6201fb,3,1,27,1787,74496,434,108,76717,76283,1787,427,0,4
d0d01526-dedf-4523-9301-738d6b6201fb,3,1,28,1864,76672,448,20,78984,78536,1864,105,0,4
d0d01526-dedf-4523-9301-738d6b6201fb,3,1,29,185,78976,293,59,79454,79161,185,246,0,3
d0d01526-dedf-4523-9301-738d6b6201fb,3,1,30,1356,79360,565,163,81281,80716,1356,673,0,3
d0d01526-dedf-4523-9301-738d6b6201fb,3,1,31,2372,81280,674,192,84326,83652,2372,739,0,4
d0d01526-dedf-4523-9301-738d6b6201fb,3,1,32,166,84224,655,228,85045,84390,166,864,0,3
d0d01526-dedf-4523-9301-738d6b6201fb,3,1,33,470,84992,173,0,85635,85462,470,0,0,3
d0d01526-dedf-4523-9301-738d6b6201fb,3,1,34,384,85632,336,53,86352,86016,384,202,90,3
d0d01526-dedf-4523-9301-738d6b6201fb,3,1,35,1020,86272,145,0,87437,87292,1020,0,0,3
d0d01526-dedf-4523-9301-738d6b6201fb,3,1,36,950,87424,656,255,89030,88374,950,910,53,3
d0d01526-dedf-4523-9301-738d6b6201fb,3,1,37,914,88960,920,434,90794,89874,914,1637,0,3
d0d01526-dedf-4523-9301-738d6b6201fb,3,1,38,228,90752,790,310,91770,90980,228,1295,0,2
d0d01526-dedf-4523-9301-738d6b6201fb,3,1,39,305,91648,394,135,92347,91953,305,549,0,3
d0d01526-dedf-4523-9301-738d6b6201fb,3,1,40,144,92288,678,386,93110,92432,144,1499,61,3
d0d01526-dedf-4523-9301-738d6b6201fb,3,1,41,212,93056,171,0,93439,93268,212,0,0,2
d0d01526-dedf-4523-9301-738d6b6201fb,3,1,42,511,93312,625,202,94448,93823,511,728,65,3
d0d01526-dedf-4523-9301-738d6b6201fb,3,1,43,4064,94336,678,179,99078,98400,4064,686,72,4
d0d01526-dedf-4523-9301-738d6b6201fb,3,1,44,378,99072,739,270,100189,99450,378,1148,0,4
d0d01526-dedf-4523-9301-738d6b6201fb,3,1,45,161,100096,926,583,101183,100257,161,2194,0,3
d0d01526-dedf-4523-9301-738d6b6201fb,3,1,46,433,101120,357,149,101910,101553,433,588,0,3
d0d01526-dedf-4523-9301-738d6b6201fb,3,1,47,382,101888,434,77,102704,102270,382,322,0,2
d0d01526-dedf-4523-9301-738d6b6201fb,3,1,48,1085,102656,903,540,104644,103741,1085,2070,0,3
d0d01526-dedf-4523-9301-738d6b6201fb,3,1,49,1033,104576,662,212,106271,105609,1033,797,61,3
d0d01526-dedf-4523-9301-738d6b6201fb,3,1,50,635,106240,429,140,107304,106875,635,566,0,2
d0d01526-dedf-4523-9301-738d6b6201fb,3,1,51,198,107136,2154,1722,109488,107334,198,6074,57,3
d0d01526-dedf-4523-9301-738d6b6201fb,3,1,52,943,109440,516,288,110899,110383,943,1075,0,2
d0d01526-dedf-4523-9301-738d6b6201fb,3,1,53,1386,110848,1291,932,113525,112234,1386,3328,87,2
d0d01526-dedf-4523-9301-738d6b6201fb,3,1,54,1013,113408,1233,1141,115654,114421,1013,3792,64,1
d0d01526-dedf-4523-9301-738d6b6201fb,3,1,55,212,115456,5819,0,121487,115668,212,0,0,1
d0d01526-dedf-4523-9301-738d6b6201fb,3,1,56,205,121344,116,15,121665,121549,205,65,0,1
d0d01526-dedf-4523-9301-738d6b6201fb,3,1,57,720,121600,1699,340,124019,122320,720,1462,85,2
d0d01526-dedf-4523-9301-738d6b6201fb,3,1,58,179,123904,278,57,124361,124083,179,275,0,1
d0d01526-dedf-4523-9301-738d6b6201fb,3,1,59,229,124160,827,0,125216,124389,229,0,2924,0
d621470b-d5c3-4d66-8068-39bb2bf6b1b1,3,1,1,2477,7936,189,0,10602,10413,2477,0,113,2
d621470b-d5c3-4d66-8068-39bb2bf6b1b1,3,1,2,6574,10496,781,416,17851,17070,6574,1756,0,3
d621470b-d5c3-4d66-8068-39bb2bf6b1b1,3,1,3,374,17792,446,51,18612,18166,374,201,76,1
d621470b-d5c3-4d66-8068-39bb2bf6b1b1,3,1,4,206,18432,123,11,18761,18638,206,52,0,1
d621470b-d5c3-4d66-8068-39bb2bf6b1b1,3,1,5,615,18688,354,52,19657,19303,615,211,0,1
d621470b-d5c3-4d66-8068-39bb2bf6b1b1,3,1,6,232,19456,308,126,19996,19688,232,461,0,1
d621470b-d5c3-4d66-8068-39bb2bf6b1b1,3,1,7,184,19968,186,42,20338,20152,184,173,0,1
d621470b-d5c3-4d66-8068-39bb2bf6b1b1,3,1,8,211,20224,288,135,20723,20435,211,523,0,1
d621470b-d5c3-4d66-8068-39bb2bf6b1b1,3,1,9,267,20608,353,127,21228,20875,267,465,0,1
d621470b-d5c3-4d66-8068-39bb2bf6b1b1,3,1,10,412,21120,649,262,22181,21532,412,1070,68,2
d621470b-d5c3-4d66-8068-39bb2bf6b1b1,3,1,11,220,22144,507,46,22871,22364,220,184,48,1
d621470b-d5c3-4d66-8068-39bb2bf6b1b1,3,1,12,2145,22784,697,140,25626,24929,2145,583,0,1
d621470b-d5c3-4d66-8068-39bb2bf6b1b1,3,1,13,173,25472,259,21,25904,25645,173,100,0,1
d621470b-d5c3-4d66-8068-39bb2bf6b1b1,3,1,14,214,25728,219,34,26161,25942,214,141,0,1
d621470b-d5c3-4d66-8068-39bb2bf6b1b1,3,1,15,247,25984,523,183,26754,26231,247,717,0,1
d621470b-d5c3-4d66-8068-39bb2bf6b1b1,3,1,16,171,26624,613,193,27408,26795,171,785,0,2
d621470b-d5c3-4d66-8068-39bb2bf6b1b1,3,1,17,1170,27392,1383,877,29945,28562,1170,3804,82,2
d621470b-d5c3-4d66-8068-39bb2bf6b1b1,3,1,18,2104,29824,897,765,32825,31928,2104,3222,0,1
d621470b-d5c3-4d66-8068-39bb2bf6b1b1,3,1,19,3318,32768,947,354,37033,36086,3318,1505,70,1
d621470b-d5c3-4d66-8068-39bb2bf6b1b1,3,1,20,3843,36992,625,327,41460,40835,3843,1440,0,1
d621470b-d5c3-4d66-8068-39bb2bf6b1b1,3,1,21,474,41344,467,20,42285,41818,474,85,0,1
d621470b-d5c3-4d66-8068-39bb2bf6b1b1,3,1,22,349,42240,452,79,43041,42589,349,337,0,1
d621470b-d5c3-4d66-8068-39bb2bf6b1b1,3,1,23,193,43008,186,29,43387,43201,193,107,0,1
d621470b-d5c3-4d66-8068-39bb2bf6b1b1,3,1,24,155,43264,639,255,44058,43419,155,1081,0,2
d621470b-d5c3-4d66-8068-39bb2bf6b1b1,3,1,25,405,44032,525,345,44962,44437,405,1328,0,1
d621470b-d5c3-4d66-8068-39bb2bf6b1b1,3,1,26,402,44928,407,253,45737,45330,402,974,0,1
d621470b-d5c3-4d66-8068-39bb2bf6b1b1,3,1,27,202,45696,1020,534,46918,45898,202,2134,0,2
d621470b-d5c3-4d66-8068-39bb2bf6b1b1,3,1,28,373,46848,279,132,47500,47221,373,504,0,1
d621470b-d5c3-4d66-8068-39bb2bf6b1b1,3,1,29,180,47488,1068,905,48736,47668,180,3528,66,1
d621470b-d5c3-4d66-8068-39bb2bf6b1b1,3,1,30,231,48640,514,54,49385,48871,231,196,64,1
d621470b-d5c3-4d66-8068-39bb2bf6b1b1,3,1,31,139,49280,164,55,49583,49419,139,228,0,1
d621470b-d5c3-4d66-8068-39bb2bf6b1b1,3,1,32,680,49536,989,679,51205,50216,680,2541,107,4
d621470b-d5c3-4d66-8068-39bb2bf6b1b1,3,1,33,589,51200,899,349,52688,51789,589,1364,0,3
d621470b-d5c3-4d66-8068-39bb2bf6b1b1,3,1,34,229,52608,346,270,53183,52837,229,1023,0,1
d621470b-d5c3-4d66-8068-39bb2bf6b1b1,3,1,35,212,52992,391,240,53595,53204,212,984,0,1
d66ce668-ccde-4227-ba1d-cc1b1a1ffabb,3,1,1,3149,7936,192,0,11277,11085,3149,0,78,2
d66ce668-ccde-4227-ba1d-cc1b1a1ffabb,3,1,2,1679,11264,423,38,13366,12943,1679,198,62,3
d66ce668-ccde-4227-ba1d-cc1b1a1ffabb,3,1,3,9082,13312,447,36,22841,22394,9082,192,69,4
d66ce668-ccde-4227-ba1d-cc1b1a1ffabb,3,1,4,4419,22784,240,44,27443,27203,4419,196,0,2
d66ce668-ccde-4227-ba1d-cc1b1a1ffabb,3,1,5,49236,27392,351,82,76979,76628,49236,435,92,2
d66ce668-ccde-4227-ba1d-cc1b1a1ffabb,3,1,6,498,76928,295,102,77721,77426,498,487,0,2
d66ce668-ccde-4227-ba1d-cc1b1a1ffabb,3,1,7,4375,77696,828,95,82899,82071,4375,482,67,4
d66ce668-ccde-4227-ba1d-cc1b1a1ffabb,3,1,8,5155,82816,228,53,88199,87971,5155,264,0,2
d66ce668-ccde-4227-ba1d-cc1b1a1ffabb,3,1,9,22019,88192,598,182,110809,110211,22019,796,65,2
d66ce668-ccde-4227-ba1d-cc1b1a1ffabb,3,1,10,628,110720,319,91,111667,111348,628,462,53,2
d66ce668-ccde-4227-ba1d-cc1b1a1ffabb,3,1,11,1647,111616,787,114,114050,113263,1647,586,67,3
d66ce668-ccde-4227-ba1d-cc1b1a1ffabb,3,1,12,224,113920,189,59,114333,114144,224,279,0,1
d66ce668-ccde-4227-ba1d-cc1b1a1ffabb,3,1,13,195,114176,1172,100,115543,114371,195,461,75,2
d66ce668-ccde-4227-ba1d-cc1b1a1ffabb,3,1,14,258,115328,660,431,116246,115586,258,1909,91,2
d66ce668-ccde-4227-ba1d-cc1b1a1ffabb,3,1,15,2651,116224,536,70,119411,118875,2651,326,71,2
d66ce668-ccde-4227-ba1d-cc1b1a1ffabb,3,1,16,4320,119296,431,128,124047,123616,4320,552,73,2
d66ce668-ccde-4227-ba1d-cc1b1a1ffabb,3,1,17,229,124032,728,117,124989,124261,229,507,70,2
d66ce668-ccde-4227-ba1d-cc1b1a1ffabb,3,1,18,1941,124928,846,23,127715,126869,1941,125,0,4
d66ce668-ccde-4227-ba1d-cc1b1a1ffabb,3,1,19,164,127616,510,48,128290,127780,164,256,0,2
d66ce668-ccde-4227-ba1d-cc1b1a1ffabb,3,1,20,1839,128256,186,31,130281,130095,1839,144,0,2
d66ce668-ccde-4227-ba1d-cc1b1a1ffabb,3,1,21,274,130176,436,68,130886,130450,274,299,0,2
d66ce668-ccde-4227-ba1d-cc1b1a1ffabb,3,1,22,903,130816,477,79,132196,131719,903,334,0,2
d66ce668-ccde-4227-ba1d-cc1b1a1ffabb,3,1,23,1322,132096,272,65,133690,133418,1322,291,0,2
d66ce668-ccde-4227-ba1d-cc1b1a1ffabb,3,1,24,2019,133632,266,58,135917,135651,2019,313,0,2
d66ce668-ccde-4227-ba1d-cc1b1a1ffabb,3,1,25,3767,135808,670,72,140245,139575,3767,393,0,2
d66ce668-ccde-4227-ba1d-cc1b1a1ffabb,3,1,26,221,140160,321,70,140702,140381,221,339,0,2
d66ce668-ccde-4227-ba1d-cc1b1a1ffabb,3,1,27,317,140672,370,54,141359,140989,317,259,0,2
d66ce668-ccde-4227-ba1d-cc1b1a1ffabb,3,1,28,616,141312,121,0,142049,141928,616,0,0,2
d66ce668-ccde-4227-ba1d-cc1b1a1ffabb,3,1,29,300,141952,513,179,142765,142252,300,800,61,2
d66ce668-ccde-4227-ba1d-cc1b1a1ffabb,3,1,30,2367,142720,304,65,145391,145087,2367,301,0,2
d66ce668-ccde-4227-ba1d-cc1b1a1ffabb,3,1,31,3168,145280,334,136,148782,148448,3168,634,0,2
d66ce668-ccde-4227-ba1d-cc1b1a1ffabb,3,1,32,6224,148736,341,58,155301,154960,6224,301,68,2
d66ce668-ccde-4227-ba1d-cc1b1a1ffabb,3,1,33,255,155136,524,45,155915,155391,255,211,0,2
d66ce668-ccde-4227-ba1d-cc1b1a1ffabb,3,1,34,258,155904,247,19,156409,156162,258,77,0,2
d66ce668-ccde-4227-ba1d-cc1b1a1ffabb,3,1,35,148,156288,201,20,156637,156436,148,101,0,2
d66ce668-ccde-4227-ba1d-cc1b1a1ffabb,3,1,36,3056,156544,539,179,160139,159600,3056,825,70,2
d66ce668-ccde-4227-ba1d-cc1b1a1ffabb,3,1,37,2989,160128,380,75,163497,163117,2989,335,0,2
d66ce668-ccde-4227-ba1d-cc1b1a1ffabb,3,1,38,1488,163456,457,68,165401,164944,1488,369,0,2
d66ce668-ccde-4227-ba1d-cc1b1a1ffabb,3,1,39,1218,165376,197,50,166791,166594,1218,235,75,2
d66ce668-ccde-4227-ba1d-cc1b1a1ffabb,3,1,40,4028,166784,865,197,171677,170812,4028,919,78,2
d66ce668-ccde-4227-ba1d-cc1b1a1ffabb,3,1,41,3480,171648,599,262,175727,175128,3480,1075,61,2
d66ce668-ccde-4227-ba1d-cc1b1a1ffabb,3,1,42,892,175616,143,0,176651,176508,892,0,0,2
d66ce668-ccde-4227-ba1d-cc1b1a1ffabb,3,1,43,482,176640,874,164,177996,177122,482,776,0,2
d66ce668-ccde-4227-ba1d-cc1b1a1ffabb,3,1,44,1541,177920,507,67,179968,179461,1541,313,0,2
d66ce668-ccde-4227-ba1d-cc1b1a1ffabb,3,1,45,2157,179968,486,135,182611,182125,2157,603,0,2
d66ce668-ccde-4227-ba1d-cc1b1a1ffabb,3,1,46,1228,182528,6290,175,190046,183756,1228,828,71,1
d66ce668-ccde-4227-ba1d-cc1b1a1ffabb,3,1,47,159,189952,162,12,190273,190111,159,64,0,1
d66ce668-ccde-4227-ba1d-cc1b1a1ffabb,3,1,48,169,190208,4813,113,195190,190377,169,524,70,1
d66ce668-ccde-4227-ba1d-cc1b1a1ffabb,3,1,49,183,195072,149,0,195404,195255,183,0,0,1
d66ce668-ccde-4227-ba1d-cc1b1a1ffabb,3,1,50,242,195200,174,64,195616,195442,242,306,0,2
d66ce668-ccde-4227-ba1d-cc1b1a1ffabb,3,1,51,3359,195584,1817,23,200760,198943,3359,108,54,1
d66ce668-ccde-4227-ba1d-cc1b1a1ffabb,3,1,52,223,200576,681,0,201480,200799,223,0,2767,0
da3f0b85-eed0-4f76-9e18-fe1bac271b94,3,1,1,2841,7936,276,78,11053,10777,2841,320,0,2
da3f0b85-eed0-4f76-9e18-fe1bac271b94,3,1,2,4188,11008,280,16,15476,15196,4188,94,0,2
da3f0b85-eed0-4f76-9e18-fe1bac271b94,3,1,3,11402,15360,368,147,27130,26762,11402,635,0,2
da3f0b85-eed0-4f76-9e18-fe1bac271b94,3,1,4,4783,27008,288,224,32079,31791,4783,859,0,1
da3f0b85-eed0-4f76-9e18-fe1bac271b94,3,1,5,11698,32000,338,273,44036,43698,11698,1150,0,1
da3f0b85-eed0-4f76-9e18-fe1bac271b94,3,1,6,12000,44032,164,102,56196,56032,12000,407,0,1
da3f0b85-eed0-4f76-9e18-fe1bac271b94,3,1,7,5677,56192,121,57,61990,61869,5677,217,0,1
da3f0b85-eed0-4f76-9e18-fe1bac271b94,3,1,8,7605,61952,384,101,69941,69557,7605,443,0,2
da3f0b85-eed0-4f76-9e18-fe1bac271b94,3,1,9,1512,69888,587,302,71987,71400,1512,1291,0,2
da3f0b85-eed0-4f76-9e18-fe1bac271b94,3,1,10,17261,71936,576,285,89773,89197,17261,1028,0,2
da3f0b85-eed0-4f76-9e18-fe1bac271b94,3,1,11,775,89728,668,376,91171,90503,775,1506,0,2
da3f0b85-eed0-4f76-9e18-fe1bac271b94,3,1,12,2347,91136,267,70,93750,93483,2347,302,0,2
da3f0b85-eed0-4f76-9e18-fe1bac271b94,3,1,13,4064,93696,361,140,98121,97760,4064,599,0,2
da3f0b85-eed0-4f76-9e18-fe1bac271b94,3,1,14,5259,98048,1049,495,104356,103307,5259,2109,0,4
da3f0b85-eed0-4f76-9e18-fe1bac271b94,3,1,15,8341,104320,1331,891,113992,112661,8341,3409,0,2
da3f0b85-eed0-4f76-9e18-fe1bac271b94,3,1,16,1002,113920,632,422,115554,114922,1002,1658,0,1
da3f0b85-eed0-4f76-9e18-fe1bac271b94,3,1,17,1127,115456,581,242,117164,116583,1127,892,0,2
da3f0b85-eed0-4f76-9e18-fe1bac271b94,3,1,18,1670,117120,735,459,119525,118790,1670,1594,0,2
da3f0b85-eed0-4f76-9e18-fe1bac271b94,3,1,19,2638,119424,790,425,122852,122062,2638,1428,0,2
da3f0b85-eed0-4f76-9e18-fe1bac271b94,3,1,20,1867,122752,1723,565,126342,124619,1867,2041,0,2
da3f0b85-eed0-4f76-9e18-fe1bac271b94,3,1,21,1679,126336,777,368,128792,128015,1679,1466,0,3
da3f0b85-eed0-4f76-9e18-fe1bac271b94,3,1,22,2198,128768,784,456,131750,130966,2198,1877,0,2
da3f0b85-eed0-4f76-9e18-fe1bac271b94,3,1,23,1415,131712,612,253,133739,133127,1415,1038,0,3
da3f0b85-eed0-4f76-9e18-fe1bac271b94,3,1,24,3934,133632,1283,924,138849,137566,3934,3572,0,2
da3f0b85-eed0-4f76-9e18-fe1bac271b94,3,1,25,1374,138752,763,306,140889,140126,1374,1193,0,3
da3f0b85-eed0-4f76-9e18-fe1bac271b94,3,1,26,1878,140800,795,517,143473,142678,1878,1995,0,2
da3f0b85-eed0-4f76-9e18-fe1bac271b94,3,1,27,4237,143360,1411,594,149008,147597,4237,2422,0,2
da3f0b85-eed0-4f76-9e18-fe1bac271b94,3,1,28,2920,148992,15358,3891,167270,151912,2920,14861,68,1
da3f0b85-eed0-4f76-9e18-fe1bac271b94,3,1,29,157,167168,968,33,168293,167325,157,149,0,2
da3f0b85-eed0-4f76-9e18-fe1bac271b94,3,1,30,162,168192,646,18,169000,168354,162,71,2309,0
da686808-a9a8-4593-82da-6d9877f9814b,3,1,1,3040,7936,189,0,11165,10976,3040,0,100,2
da686808-a9a8-4593-82da-6d9877f9814b,3,1,2,4559,11136,938,53,16633,15695,4559,245,83,3
da686808-a9a8-4593-82da-6d9877f9814b,3,1,3,1756,16512,493,88,18761,18268,1756,384,0,3
da686808-a9a8-4593-82da-6d9877f9814b,3,1,4,10018,18688,809,265,29515,28706,10018,1019,67,3
da686808-a9a8-4593-82da-6d9877f9814b,3,1,5,6818,29056,713,136,36587,35874,6818,576,0,3
da686808-a9a8-4593-82da-6d9877f9814b,3,1,6,10008,36480,1139,528,47627,46488,10008,2257,0,3
da686808-a9a8-4593-82da-6d9877f9814b,3,1,7,1979,47616,253,61,49848,49595,1979,301,0,1
da686808-a9a8-4593-82da-6d9877f9814b,3,1,8,350,49792,525,166,50667,50142,350,707,0,1
da686808-a9a8-4593-82da-6d9877f9814b,3,1,9,4245,50560,2731,467,57536,54805,4245,1985,181,2
da686808-a9a8-4593-82da-6d9877f9814b,3,1,10,236,57344,1352,971,58932,57580,236,3890,109,2
da686808-a9a8-4593-82da-6d9877f9814b,3,1,11,5244,58880,715,234,64839,64124,5244,1015,0,2
da686808-a9a8-4593-82da-6d9877f9814b,3,1,12,1937,64768,600,324,67305,66705,1937,1297,91,2
da686808-a9a8-4593-82da-6d9877f9814b,3,1,13,1947,67200,516,366,69663,69147,1947,1194,0,3
da686808-a9a8-4593-82da-6d9877f9814b,3,1,14,192,69632,606,148,70430,69824,192,496,0,3
da686808-a9a8-4593-82da-6d9877f9814b,3,1,15,1732,70400,459,278,72591,72132,1732,1095,86,1
da686808-a9a8-4593-82da-6d9877f9814b,3,1,16,3847,72576,812,389,77235,76423,3847,1518,89,2
da686808-a9a8-4593-82da-6d9877f9814b,3,1,17,416,77184,1097,302,78697,77600,416,1150,94,2
da686808-a9a8-4593-82da-6d9877f9814b,3,1,18,384,78592,678,411,79654,78976,384,1691,0,2
da686808-a9a8-4593-82da-6d9877f9814b,3,1,19,3761,79616,353,143,83730,83377,3761,536,0,2
da686808-a9a8-4593-82da-6d9877f9814b,3,1,20,4490,83712,380,229,88582,88202,4490,783,0,2
da686808-a9a8-4593-82da-6d9877f9814b,3,1,21,259,88448,1229,893,89936,88707,259,3435,87,2
da686808-a9a8-4593-82da-6d9877f9814b,3,1,22,0,0,0,0,0,0,0,3670,81,0
dabeb4b9-b19b-4707-bb52-c02368aacf3c,3,1,1,3037,7936,165,0,11138,10973,3037,0,78,2
dabeb4b9-b19b-4707-bb52-c02368aacf3c,3,1,2,1714,11136,206,11,13056,12850,1714,62,0,2
dabeb4b9-b19b-4707-bb52-c02368aacf3c,3,1,3,3115,13056,335,110,16506,16171,3115,434,0,2
dabeb4b9-b19b-4707-bb52-c02368aacf3c,3,1,4,3152,16384,991,411,20527,19536,3152,1524,0,2
dabeb4b9-b19b-4707-bb52-c02368aacf3c,3,1,5,403,20480,163,50,21046,20883,403,189,0,2
dabeb4b9-b19b-4707-bb52-c02368aacf3c,3,1,6,167,20992,354,69,21513,21159,167,247,0,2
dabeb4b9-b19b-4707-bb52-c02368aacf3c,3,1,7,2804,21504,493,276,24801,24308,2804,978,0,2
dabeb4b9-b19b-4707-bb52-c02368aacf3c,3,1,8,1528,24704,357,257,26589,26232,1528,997,0,2
dabeb4b9-b19b-4707-bb52-c02368aacf3c,3,1,9,193,26496,421,136,27110,26689,193,511,0,2
dabeb4b9-b19b-4707-bb52-c02368aacf3c,3,1,10,207,27008,529,112,27744,27215,207,411,0,2
dabeb4b9-b19b-4707-bb52-c02368aacf3c,3,1,11,5349,27648,615,287,33612,32997,5349,1137,0,2
dabeb4b9-b19b-4707-bb52-c02368aacf3c,3,1,12,251,33536,178,83,33965,33787,251,335,0,1
dabeb4b9-b19b-4707-bb52-c02368aacf3c,3,1,13,1510,33920,247,63,35677,35430,1510,269,0,2
dabeb4b9-b19b-4707-bb52-c02368aacf3c,3,1,14,536,35584,248,51,36368,36120,536,217,0,2
dabeb4b9-b19b-4707-bb52-c02368aacf3c,3,1,15,168,36224,361,230,36753,36392,168,957,0,2
dabeb4b9-b19b-4707-bb52-c02368aacf3c,3,1,16,190,36608,862,394,37660,36798,190,1573,0,2
dabeb4b9-b19b-4707-bb52-c02368aacf3c,3,1,17,220,37504,1086,712,38810,37724,220,2660,0,2
dabeb4b9-b19b-4707-bb52-c02368aacf3c,3,1,18,785,38784,110,0,39679,39569,785,0,0,2
dabeb4b9-b19b-4707-bb52-c02368aacf3c,3,1,19,239,39552,215,77,40006,39791,239,281,0,2
dabeb4b9-b19b-4707-bb52-c02368aacf3c,3,1,20,1925,39936,253,84,42114,41861,1925,313,0,1
dabeb4b9-b19b-4707-bb52-c02368aacf3c,3,1,21,331,42112,416,38,42859,42443,331,160,0,1
dabeb4b9-b19b-4707-bb52-c02368aacf3c,3,1,22,3248,42752,1210,1056,47210,46000,3248,3341,0,1
dabeb4b9-b19b-4707-bb52-c02368aacf3c,3,1,23,199,47104,864,175,48167,47303,199,711,0,2
dabeb4b9-b19b-4707-bb52-c02368aacf3c,3,1,24,3558,48128,1043,474,52729,51686,3558,1838,0,2
dabeb4b9-b19b-4707-bb52-c02368aacf3c,3,1,25,728,52608,244,32,53580,53336,728,99,0,1
dabeb4b9-b19b-4707-bb52-c02368aacf3c,3,1,26,1698,53504,425,196,55627,55202,1698,725,0,2
dabeb4b9-b19b-4707-bb52-c02368aacf3c,3,1,27,480,55552,232,45,56264,56032,480,159,0,1
dabeb4b9-b19b-4707-bb52-c02368aacf3c,3,1,28,178,56192,322,0,56692,56370,178,0,0,1
dabeb4b9-b19b-4707-bb52-c02368aacf3c,3,1,29,557,56576,525,267,57658,57133,557,998,0,2
dabeb4b9-b19b-4707-bb52-c02368aacf3c,3,1,30,190,57600,383,114,58173,57790,190,459,0,1
dabeb4b9-b19b-4707-bb52-c02368aacf3c,3,1,31,806,58112,692,342,59610,58918,806,1364,0,2
dabeb4b9-b19b-4707-bb52-c02368aacf3c,3,1,32,1171,59520,726,462,61417,60691,1171,1956,0,2
dabeb4b9-b19b-4707-bb52-c02368aacf3c,3,1,33,640,61312,583,99,62535,61952,640,418,0,2
dabeb4b9-b19b-4707-bb52-c02368aacf3c,3,1,34,2472,62464,474,159,65410,64936,2472,617,0,2
dabeb4b9-b19b-4707-bb52-c02368aacf3c,3,1,35,1392,65408,428,36,67228,66800,1392,131,0,2
dabeb4b9-b19b-4707-bb52-c02368aacf3c,3,1,36,3186,67200,857,584,71243,70386,3186,2363,0,1
dabeb4b9-b19b-4707-bb52-c02368aacf3c,3,1,37,197,71168,803,540,72168,71365,197,2175,0,2
dabeb4b9-b19b-4707-bb52-c02368aacf3c,3,1,38,205,72064,827,573,73096,72269,205,2348,0,1
dabeb4b9-b19b-4707-bb52-c02368aacf3c,3,1,39,173,73088,184,14,73445,73261,173,64,0,1
dabeb4b9-b19b-4707-bb52-c02368aacf3c,3,1,40,9746,73344,513,322,83603,83090,9746,1086,0,2
dabeb4b9-b19b-4707-bb52-c02368aacf3c,3,1,41,3700,83584,558,232,87842,87284,3700,837,0,2
dabeb4b9-b19b-4707-bb52-c02368aacf3c,3,1,42,5094,87808,395,225,93297,92902,5094,968,0,2
dabeb4b9-b19b-4707-bb52-c02368aacf3c,3,1,43,5723,93184,308,213,99215,98907,5723,798,0,1
dabeb4b9-b19b-4707-bb52-c02368aacf3c,3,1,44,6248,99200,215,49,105663,105448,6248,210,0,2
dabeb4b9-b19b-4707-bb52-c02368aacf3c,3,1,45,3511,105600,528,329,109639,109111,3511,1301,0,2
dabeb4b9-b19b-4707-bb52-c02368aacf3c,3,1,46,1644,109568,448,258,111660,111212,1644,978,0,2
dabeb4b9-b19b-4707-bb52-c02368aacf3c,3,1,47,2049,111616,637,321,114302,113665,2049,1241,0,2
dabeb4b9-b19b-4707-bb52-c02368aacf3c,3,1,48,239,114176,372,42,114787,114415,239,179,0,1
dabeb4b9-b19b-4707-bb52-c02368aacf3c,3,1,49,484,114688,643,180,115815,115172,484,606,0,2
dabeb4b9-b19b-4707-bb52-c02368aacf3c,3,1,50,1085,115712,386,58,117183,116797,1085,221,0,2
dabeb4b9-b19b-4707-bb52-c02368aacf3c,3,1,51,1023,117120,514,266,118657,118143,1023,1081,0,2
dabeb4b9-b19b-4707-bb52-c02368aacf3c,3,1,52,3948,118656,291,162,122895,122604,3948,649,0,2
dabeb4b9-b19b-4707-bb52-c02368aacf3c,3,1,53,1165,122880,902,452,124947,124045,1165,1818,0,2
dabeb4b9-b19b-4707-bb52-c02368aacf3c,3,1,54,3189,124928,921,179,129038,128117,3189,735,0,2
dabeb4b9-b19b-4707-bb52-c02368aacf3c,3,1,55,194,128896,200,77,129290,129090,194,289,0,1
dabeb4b9-b19b-4707-bb52-c02368aacf3c,3,1,56,694,129280,2676,1315,132650,129974,694,4013,0,2
dabeb4b9-b19b-4707-bb52-c02368aacf3c,3,1,57,178,132608,464,177,133250,132786,178,708,0,1
dabeb4b9-b19b-4707-bb52-c02368aacf3c,3,1,58,469,133248,680,278,134397,133717,469,1098,0,2
dabeb4b9-b19b-4707-bb52-c02368aacf3c,3,1,59,261,134272,551,228,135084,134533,261,909,0,2
dabeb4b9-b19b-4707-bb52-c02368aacf3c,3,1,60,832,135040,372,157,136244,135872,832,593,0,1
dabeb4b9-b19b-4707-bb52-c02368aacf3c,3,1,61,240,136192,96,55,136528,136432,240,231,0,1
dabeb4b9-b19b-4707-bb52-c02368aacf3c,3,1,62,594,136448,248,96,137290,137042,594,336,0,1
dabeb4b9-b19b-4707-bb52-c02368aacf3c,3,1,63,5713,137216,234,94,143163,142929,5713,218,0,1
dabeb4b9-b19b-4707-bb52-c02368aacf3c,3,1,64,3577,143104,329,155,147010,146681,3577,454,0,2
dabeb4b9-b19b-4707-bb52-c02368aacf3c,3,1,65,4762,146944,488,303,152194,151706,4762,955,0,1
dabeb4b9-b19b-4707-bb52-c02368aacf3c,3,1,66,1058,152192,338,15,153588,153250,1058,36,0,2
dabeb4b9-b19b-4707-bb52-c02368aacf3c,3,1,67,2178,153472,284,99,155934,155650,2178,395,0,1
dabeb4b9-b19b-4707-bb52-c02368aacf3c,3,1,68,2697,155904,336,152,158937,158601,2697,640,0,1
dabeb4b9-b19b-4707-bb52-c02368aacf3c,3,1,69,1511,158848,643,332,161002,160359,1511,1269,0,2
dabeb4b9-b19b-4707-bb52-c02368aacf3c,3,1,70,1803,160896,325,89,163024,162699,1803,335,0,2
dabeb4b9-b19b-4707-bb52-c02368aacf3c,3,1,71,696,162944,808,511,164448,163640,696,1866,0,2
dabeb4b9-b19b-4707-bb52-c02368aacf3c,3,1,72,8358,164352,881,665,173591,172710,8358,2577,0,1
dabeb4b9-b19b-4707-bb52-c02368aacf3c,3,1,73,465,173568,511,61,174544,174033,465,230,0,1
dabeb4b9-b19b-4707-bb52-c02368aacf3c,3,1,74,592,174464,458,119,175514,175056,592,535,0,1
dabeb4b9-b19b-4707-bb52-c02368aacf3c,3,1,75,393,175488,995,654,176876,175881,393,2569,0,2
dabeb4b9-b19b-4707-bb52-c02368aacf3c,3,1,76,2776,176128,337,77,179241,178904,2776,302,0,1
dabeb4b9-b19b-4707-bb52-c02368aacf3c,3,1,77,630,179200,361,143,180191,179830,630,511,0,2
dabeb4b9-b19b-4707-bb52-c02368aacf3c,3,1,78,489,180096,384,53,180969,180585,489,211,0,1
dabeb4b9-b19b-4707-bb52-c02368aacf3c,3,1,79,250,180736,136,66,181122,180986,250,269,0,1
dabeb4b9-b19b-4707-bb52-c02368aacf3c,3,1,80,197,180992,719,432,181908,181189,197,1746,0,2
dabeb4b9-b19b-4707-bb52-c02368aacf3c,3,1,81,2952,181888,1543,1270,186383,184840,2952,4625,0,2
dabeb4b9-b19b-4707-bb52-c02368aacf3c,3,1,82,174,186368,660,183,187202,186542,174,810,0,2
dabeb4b9-b19b-4707-bb52-c02368aacf3c,3,1,83,2166,187136,720,438,190022,189302,2166,1620,0,2
dabeb4b9-b19b-4707-bb52-c02368aacf3c,3,1,84,192,189952,665,43,190809,190144,192,154,0,2
dabeb4b9-b19b-4707-bb52-c02368aacf3c,3,1,85,4338,190720,965,627,196023,195058,4338,2187,0,2
dabeb4b9-b19b-4707-bb52-c02368aacf3c,3,1,86,217,195840,557,210,196614,196057,217,830,0,1
dabeb4b9-b19b-4707-bb52-c02368aacf3c,3,1,87,163,196608,410,88,197181,196771,163,360,0,1
dabeb4b9-b19b-4707-bb52-c02368aacf3c,3,1,88,1911,197120,322,94,199353,199031,1911,366,0,2
dabeb4b9-b19b-4707-bb52-c02368aacf3c,3,1,89,4697,199296,389,247,204382,203993,4697,985,0,1
dabeb4b9-b19b-4707-bb52-c02368aacf3c,3,1,90,4059,204288,473,338,208820,208347,4059,1404,0,2
dabeb4b9-b19b-4707-bb52-c02368aacf3c,3,1,91,353,208768,141,20,209262,209121,353,83,0,1
dabeb4b9-b19b-4707-bb52-c02368aacf3c,3,1,92,1193,209152,1403,1174,211748,210345,1193,3889,0,1
dabeb4b9-b19b-4707-bb52-c02368aacf3c,3,1,93,326,211712,328,102,212366,212038,326,431,0,1
dabeb4b9-b19b-4707-bb52-c02368aacf3c,3,1,94,182,212352,28693,4287,241227,212534,182,15831,64,1
dabeb4b9-b19b-4707-bb52-c02368aacf3c,3,1,95,408,241152,190,23,241750,241560,408,105,0,2
dabeb4b9-b19b-4707-bb52-c02368aacf3c,3,1,96,316,241664,396,106,242376,241980,316,500,0,1
dabeb4b9-b19b-4707-bb52-c02368aacf3c,3,1,97,244,242176,113,0,242533,242420,244,0,0,1
dabeb4b9-b19b-4707-bb52-c02368aacf3c,3,1,98,254,242304,1461,31,244019,242558,254,150,0,1
dabeb4b9-b19b-4707-bb52-c02368aacf3c,3,1,99,220,243840,876,0,244936,244060,220,0,3059,0
db47cece-2df5-48fe-85ed-0ec663494f6a,3,1,1,2535,7936,319,0,10790,10471,2535,0,100,2
db47cece-2df5-48fe-85ed-0ec663494f6a,3,1,2,204,10624,207,28,11035,10828,204,116,72,2
db47cece-2df5-48fe-85ed-0ec663494f6a,3,1,3,337,11008,186,57,11531,11345,337,276,58,2
db47cece-2df5-48fe-85ed-0ec663494f6a,3,1,4,275,11520,125,19,11920,11795,275,73,0,2
db47cece-2df5-48fe-85ed-0ec663494f6a,3,1,5,26324,11904,368,212,38596,38228,26324,830,78,2
db47cece-2df5-48fe-85ed-0ec663494f6a,3,1,6,21104,38528,343,184,59975,59632,21104,668,90,2
db47cece-2df5-48fe-85ed-0ec663494f6a,3,1,7,15696,59904,498,351,76098,75600,15696,1274,51,2
db47cece-2df5-48fe-85ed-0ec663494f6a,3,1,8,14578,76032,386,101,90996,90610,14578,395,0,2
db47cece-2df5-48fe-85ed-0ec663494f6a,3,1,9,14656,90880,441,251,105977,105536,14656,981,84,1
db47cece-2df5-48fe-85ed-0ec663494f6a,3,1,10,1663,105856,192,35,107711,107519,1663,166,0,1
db47cece-2df5-48fe-85ed-0ec663494f6a,3,1,11,215,107520,161,0,107896,107735,215,0,0,1
db47cece-2df5-48fe-85ed-0ec663494f6a,3,1,12,947,107776,253,71,108976,108723,947,319,0,1
db47cece-2df5-48fe-85ed-0ec663494f6a,3,1,13,874,108928,519,411,110321,109802,874,1520,0,2
db47cece-2df5-48fe-85ed-0ec663494f6a,3,1,14,14801,110208,347,231,125356,125009,14801,770,0,2
db47cece-2df5-48fe-85ed-0ec663494f6a,3,1,15,14012,125312,383,234,139707,139324,14012,867,0,2
db47cece-2df5-48fe-85ed-0ec663494f6a,3,1,16,14632,139648,325,205,154605,154280,14632,746,0,2
db47cece-2df5-48fe-85ed-0ec663494f6a,3,1,17,12934,154496,646,522,168076,167430,12934,1938,0,2
db47cece-2df5-48fe-85ed-0ec663494f6a,3,1,18,11614,168064,596,462,180274,179678,11614,1714,0,2
db47cece-2df5-48fe-85ed-0ec663494f6a,3,1,19,2077,180224,496,334,182797,182301,2077,1276,0,2
db47cece-2df5-48fe-85ed-0ec663494f6a,3,1,20,325,182784,602,488,183711,183109,325,2007,0,2
db47cece-2df5-48fe-85ed-0ec663494f6a,3,1,21,297,183680,362,224,184339,183977,297,856,0,2
db47cece-2df5-48fe-85ed-0ec663494f6a,3,1,22,191,184320,227,77,184738,184511,191,262,0,2
db47cece-2df5-48fe-85ed-0ec663494f6a,3,1,23,353,184704,528,367,185585,185057,353,1471,0,2
db47cece-2df5-48fe-85ed-0ec663494f6a,3,1,24,928,185472,4004,1032,190404,186400,928,3759,71,1
db47cece-2df5-48fe-85ed-0ec663494f6a,3,1,25,250,190208,340,34,190798,190458,250,154,0,2
db47cece-2df5-48fe-85ed-0ec663494f6a,3,1,26,141,190720,2617,113,193478,190861,141,434,40,1
db47cece-2df5-48fe-85ed-0ec663494f6a,3,1,27,252,193280,81,0,193613,193532,252,0,0,1
db47cece-2df5-48fe-85ed-0ec663494f6a,3,1,28,244,193408,1561,93,195213,193652,244,432,0,2
db47cece-2df5-48fe-85ed-0ec663494f6a,3,1,29,202,195072,247,15,195521,195274,202,64,0,1
db47cece-2df5-48fe-85ed-0ec663494f6a,3,1,30,221,195328,844,0,196393,195549,221,0,3027,0
dc0b75f5-7e62-49c9-a810-8793a1c7648f,1,1,1,2736,7936,237,0,10909,10672,2736,0,124,2
dc0b75f5-7e62-49c9-a810-8793a1c7648f,1,1,2,2133,10880,368,165,13381,13013,2133,783,0,2
dc0b75f5-7e62-49c9-a810-8793a1c7648f,1,1,3,1879,13312,1053,792,16244,15191,1879,3215,0,2
dc0b75f5-7e62-49c9-a810-8793a1c7648f,1,1,4,2850,16128,7372,489,26350,18978,2850,2100,78,7
dc0b75f5-7e62-49c9-a810-8793a1c7648f,1,1,5,351,26240,308,80,26899,26591,351,304,116,2
dc0b75f5-7e62-49c9-a810-8793a1c7648f,1,1,6,3430,26880,549,334,30859,30310,3430,1447,0,2
dc0b75f5-7e62-49c9-a810-8793a1c7648f,1,1,7,1603,30848,485,162,32936,32451,1603,573,93,2
dc0b75f5-7e62-49c9-a810-8793a1c7648f,1,1,8,374,32896,387,97,33657,33270,374,399,0,2
dc0b75f5-7e62-49c9-a810-8793a1c7648f,1,1,9,205,33536,292,36,34033,33741,205,146,0,2
dc0b75f5-7e62-49c9-a810-8793a1c7648f,1,1,10,929,33920,401,145,35250,34849,929,607,0,2
dc0b75f5-7e62-49c9-a810-8793a1c7648f,1,1,11,988,35200,169,61,36357,36188,988,203,0,1
dc0b75f5-7e62-49c9-a810-8793a1c7648f,1,1,12,1403,36352,364,189,38119,37755,1403,677,0,1
dc0b75f5-7e62-49c9-a810-8793a1c7648f,1,1,13,757,38016,512,160,39285,38773,757,612,97,2
dc0b75f5-7e62-49c9-a810-8793a1c7648f,1,1,14,5907,39168,237,139,45312,45075,5907,598,0,1
dc0b75f5-7e62-49c9-a810-8793a1c7648f,1,1,15,2498,45312,679,327,48489,47810,2498,1474,0,2
dc0b75f5-7e62-49c9-a810-8793a1c7648f,1,1,16,268,48384,279,59,48931,48652,268,247,0,2
dc0b75f5-7e62-49c9-a810-8793a1c7648f,1,1,17,1819,48896,651,458,51366,50715,1819,1965,86,1
dc0b75f5-7e62-49c9-a810-8793a1c7648f,1,1,18,1673,51328,667,283,53668,53001,1673,1088,0,2
dc0b75f5-7e62-49c9-a810-8793a1c7648f,1,1,19,3118,53632,351,176,57101,56750,3118,816,0,2
dc0b75f5-7e62-49c9-a810-8793a1c7648f,1,1,20,4472,57088,367,201,61927,61560,4472,885,0,1
dc0b75f5-7e62-49c9-a810-8793a1c7648f,1,1,21,4094,61824,566,146,66484,65918,4094,614,0,2
dc0b75f5-7e62-49c9-a810-8793a1c7648f,1,1,22,1763,66432,442,266,68637,68195,1763,1219,0,2
dc0b75f5-7e62-49c9-a810-8793a1c7648f,1,1,23,2076,68608,400,241,71084,70684,2076,1147,0,1
dc0b75f5-7e62-49c9-a810-8793a1c7648f,1,1,24,5558,71040,792,490,77390,76598,5558,1946,103,2
dc0b75f5-7e62-49c9-a810-8793a1c7648f,1,1,25,3285,77312,622,334,81219,80597,3285,1357,0,2
dc0b75f5-7e62-49c9-a810-8793a1c7648f,1,1,26,1039,81152,507,340,82698,82191,1039,1485,0,1
dc0b75f5-7e62-49c9-a810-8793a1c7648f,1,1,27,3361,82688,771,247,86820,86049,3361,863,87,1
dc0b75f5-7e62-49c9-a810-8793a1c7648f,1,1,28,410,86784,491,156,87685,87194,410,636,0,2
dc0b75f5-7e62-49c9-a810-8793a1c7648f,1,1,29,633,87680,185,29,88498,88313,633,85,0,1
dc0b75f5-7e62-49c9-a810-8793a1c7648f,1,1,30,1436,88448,205,88,90089,89884,1436,397,0,1
dc0b75f5-7e62-49c9-a810-8793a1c7648f,1,1,31,7142,89984,283,90,97409,97126,7142,303,0,2
dc0b75f5-7e62-49c9-a810-8793a1c7648f,1,1,32,1625,97408,285,160,99318,99033,1625,626,0,1
dc0b75f5-7e62-49c9-a810-8793a1c7648f,1,1,33,406,99200,307,43,99913,99606,406,177,0,2
dc0b75f5-7e62-49c9-a810-8793a1c7648f,1,1,34,1989,99840,1025,871,102854,101829,1989,3515,0,1
dc0b75f5-7e62-49c9-a810-8793a1c7648f,1,1,35,3019,102784,190,97,105993,105803,3019,525,0,1
dc0b75f5-7e62-49c9-a810-8793a1c7648f,1,1,36,2509,105984,192,70,108685,108493,2509,325,0,1
dc0b75f5-7e62-49c9-a810-8793a1c7648f,1,1,37,332,108672,140,64,109144,109004,332,266,65,1
dc0b75f5-7e62-49c9-a810-8793a1c7648f,1,1,38,3830,109056,255,127,113141,112886,3830,589,0,1
dc0b75f5-7e62-49c9-a810-8793a1c7648f,1,1,39,1999,113024,12859,5290,127882,115023,1999,23200,75,1
dc0b75f5-7e62-49c9-a810-8793a1c7648f,1,1,40,194,127744,644,68,128582,127938,194,275,0,2
dc0b75f5-7e62-49c9-a810-8793a1c7648f,1,1,41,411,128512,411,215,129334,128923,411,807,83,1
dc0b75f5-7e62-49c9-a810-8793a1c7648f,1,1,42,213,129152,7484,505,136849,129365,213,1921,94,1
dc0b75f5-7e62-49c9-a810-8793a1c7648f,1,1,43,201,136704,187,28,137092,136905,201,110,0,1
dc0b75f5-7e62-49c9-a810-8793a1c7648f,1,1,44,165,136960,418,250,137543,137125,165,888,0,1
dc0b75f5-7e62-49c9-a810-8793a1c7648f,1,1,45,228,137344,392,256,137964,137572,228,896,0,1
dc0b75f5-7e62-49c9-a810-8793a1c7648f,1,1,46,245,137856,1039,898,139140,138101,245,3464,0,1
dc0b75f5-7e62-49c9-a810-8793a1c7648f,1,1,47,158,139136,7361,433,146655,139294,158,1514,55,1
dc0b75f5-7e62-49c9-a810-8793a1c7648f,1,1,48,3720,146560,772,610,151052,150280,3720,2353,97,1
dc0b75f5-7e62-49c9-a810-8793a1c7648f,1,1,49,171,151040,7691,451,158902,151211,171,1672,60,1
dc0b75f5-7e62-49c9-a810-8793a1c7648f,1,1,50,238,158720,215,74,159173,158958,238,366,0,1
dc0b75f5-7e62-49c9-a810-8793a1c7648f,1,1,51,229,159104,7554,581,166887,159333,229,1965,0,1
dc0b75f5-7e62-49c9-a810-8793a1c7648f,1,1,52,159,166784,140,0,167083,166943,159,0,0,1
dc0b75f5-7e62-49c9-a810-8793a1c7648f,1,1,53,197,166912,9033,2351,176142,167109,197,8978,28,1
dc0b75f5-7e62-49c9-a810-8793a1c7648f,1,1,54,198,176000,142,40,176340,176198,198,172,0,1
dc0b75f5-7e62-49c9-a810-8793a1c7648f,1,1,55,230,176128,3574,1954,179932,176358,230,7393,51,1
dc0b75f5-7e62-49c9-a810-8793a1c7648f,1,1,56,239,179712,2933,1863,182884,179951,239,6582,0,1
dc0b75f5-7e62-49c9-a810-8793a1c7648f,1,1,57,145,182784,194,53,183123,182929,145,218,0,1
dc0b75f5-7e62-49c9-a810-8793a1c7648f,1,1,58,261,183040,423,235,183724,183301,261,1002,0,1
dc0b75f5-7e62-49c9-a810-8793a1c7648f,1,1,59,1426,183680,608,495,185714,185106,1426,1772,0,1
dc0b75f5-7e62-49c9-a810-8793a1c7648f,1,1,60,432,185600,2875,1703,188907,186032,432,7581,0,1
dc0b75f5-7e62-49c9-a810-8793a1c7648f,1,1,61,261,188672,1586,720,190519,188933,261,2857,0,1
dc0b75f5-7e62-49c9-a810-8793a1c7648f,1,1,62,221,190336,685,205,191242,190557,221,752,0,1
dc0b75f5-7e62-49c9-a810-8793a1c7648f,1,1,63,176,191104,1100,571,192380,191280,176,2417,0,1
dc0b75f5-7e62-49c9-a810-8793a1c7648f,1,1,64,305,192256,899,542,193460,192561,305,2233,0,1
dc0b75f5-7e62-49c9-a810-8793a1c7648f,1,1,65,205,193280,152,75,193637,193485,205,315,77,1
dc0b75f5-7e62-49c9-a810-8793a1c7648f,1,1,66,6418,193536,2481,1672,202435,199954,6418,6541,92,1
dc0b75f5-7e62-49c9-a810-8793a1c7648f,1,1,67,221,202240,978,603,203439,202461,221,2495,0,1
dc0b75f5-7e62-49c9-a810-8793a1c7648f,1,1,68,214,203264,850,398,204328,203478,214,1433,0,1
dc0b75f5-7e62-49c9-a810-8793a1c7648f,1,1,69,244,204160,378,91,204782,204404,244,354,0,1
dc0b75f5-7e62-49c9-a810-8793a1c7648f,1,1,70,239,204672,227,66,205138,204911,239,238,0,1
dc0b75f5-7e62-49c9-a810-8793a1c7648f,1,1,71,154,205056,186,43,205396,205210,154,164,0,1
dc0b75f5-7e62-49c9-a810-8793a1c7648f,1,1,72,141,205312,224,0,205677,205453,141,0,0,1
dc0b75f5-7e62-49c9-a810-8793a1c7648f,1,1,73,135,205568,316,49,206019,205703,135,211,46,1
dc0b75f5-7e62-49c9-a810-8793a1c7648f,1,1,74,1096,205952,275,143,207323,207048,1096,563,125,1
dc0b75f5-7e62-49c9-a810-8793a1c7648f,1,1,75,617,207232,362,230,208211,207849,617,972,63,1
dc0b75f5-7e62-49c9-a810-8793a1c7648f,1,1,76,234,208000,1673,0,209907,208234,234,0,0,1
dc0b75f5-7e62-49c9-a810-8793a1c7648f,1,1,77,158,209792,267,48,210217,209950,158,213,0,1
dc0b75f5-7e62-49c9-a810-8793a1c7648f,1,1,78,197,210048,555,0,210800,210245,197,0,2525,0
defd571a-2f0d-47a2-8239-28e4b4bccd9e,2,1,1,2889,7936,188,0,11013,10825,2889,0,78,2
defd571a-2f0d-47a2-8239-28e4b4bccd9e,2,1,2,1636,11008,204,13,12848,12644,1636,68,0,2
defd571a-2f0d-47a2-8239-28e4b4bccd9e,2,1,3,1892,12800,424,38,15116,14692,1892,174,0,2
defd571a-2f0d-47a2-8239-28e4b4bccd9e,2,1,4,2739,15104,2876,312,20719,17843,2739,1380,184,2
defd571a-2f0d-47a2-8239-28e4b4bccd9e,2,1,5,185,20608,339,83,21132,20793,185,319,92,2
defd571a-2f0d-47a2-8239-28e4b4bccd9e,2,1,6,3885,21120,540,237,25545,25005,3885,998,0,2
defd571a-2f0d-47a2-8239-28e4b4bccd9e,2,1,7,170,25472,377,130,26019,25642,170,548,0,2
defd571a-2f0d-47a2-8239-28e4b4bccd9e,2,1,8,255,25984,748,524,26987,26239,255,2236,0,2
defd571a-2f0d-47a2-8239-28e4b4bccd9e,2,1,9,3903,26880,601,85,31384,30783,3903,333,131,2
defd571a-2f0d-47a2-8239-28e4b4bccd9e,2,1,10,187,31232,265,51,31684,31419,187,203,0,2
defd571a-2f0d-47a2-8239-28e4b4bccd9e,2,1,11,455,31616,483,170,32554,32071,455,605,0,2
defd571a-2f0d-47a2-8239-28e4b4bccd9e,2,1,12,138,32512,333,45,32983,32650,138,159,0,2
defd571a-2f0d-47a2-8239-28e4b4bccd9e,2,1,13,1118,32896,477,315,34491,34014,1118,1433,0,1
defd571a-2f0d-47a2-8239-28e4b4bccd9e,2,1,14,302,34432,479,126,35213,34734,302,477,0,2
defd571a-2f0d-47a2-8239-28e4b4bccd9e,2,1,15,2342,35200,977,573,38519,37542,2342,2424,0,2
defd571a-2f0d-47a2-8239-28e4b4bccd9e,2,1,16,705,38400,399,164,39504,39105,705,630,0,2
defd571a-2f0d-47a2-8239-28e4b4bccd9e,2,1,17,346,39424,454,148,40224,39770,346,633,0,2
defd571a-2f0d-47a2-8239-28e4b4bccd9e,2,1,18,1679,40192,377,93,42248,41871,1679,360,0,1
defd571a-2f0d-47a2-8239-28e4b4bccd9e,2,1,19,1384,42240,545,303,44169,43624,1384,1360,0,2
defd571a-2f0d-47a2-8239-28e4b4bccd9e,2,1,20,852,44160,656,161,45668,45012,852,576,85,2
defd571a-2f0d-47a2-8239-28e4b4bccd9e,2,1,21,182,45568,562,118,46312,45750,182,432,0,1
defd571a-2f0d-47a2-8239-28e4b4bccd9e,2,1,22,2520,46208,807,462,49535,48728,2520,1776,188,2
defd571a-2f0d-47a2-8239-28e4b4bccd9e,2,1,23,3475,49408,739,507,53622,52883,3475,1937,133,2
defd571a-2f0d-47a2-8239-28e4b4bccd9e,2,1,24,955,53504,1411,534,55870,54459,955,2149,211,2
defd571a-2f0d-47a2-8239-28e4b4bccd9e,2,1,25,555,55808,298,126,56661,56363,555,553,0,2
defd571a-2f0d-47a2-8239-28e4b4bccd9e,2,1,26,1780,56576,502,127,58858,58356,1780,451,75,2
defd571a-2f0d-47a2-8239-28e4b4bccd9e,2,1,27,1288,58752,774,417,60814,60040,1288,1428,98,2
defd571a-2f0d-47a2-8239-28e4b4bccd9e,2,1,28,811,60800,456,198,62067,61611,811,735,0,2
defd571a-2f0d-47a2-8239-28e4b4bccd9e,2,1,29,2432,61952,716,388,65100,64384,2432,1530,189,2
defd571a-2f0d-47a2-8239-28e4b4bccd9e,2,1,30,785,65024,276,91,66085,65809,785,360,0,2
defd571a-2f0d-47a2-8239-28e4b4bccd9e,2,1,31,1321,66048,206,53,67575,67369,1321,172,0,2
defd571a-2f0d-47a2-8239-28e4b4bccd9e,2,1,32,2118,67456,602,390,70176,69574,2118,1394,0,2
defd571a-2f0d-47a2-8239-28e4b4bccd9e,2,1,33,1678,70144,551,361,72373,71822,1678,1546,0,2
defd571a-2f0d-47a2-8239-28e4b4bccd9e,2,1,34,1068,72320,663,264,74051,73388,1068,1246,0,2
defd571a-2f0d-47a2-8239-28e4b4bccd9e,2,1,35,1080,73984,699,357,75763,75064,1080,1517,0,2
defd571a-2f0d-47a2-8239-28e4b4bccd9e,2,1,36,1334,75648,1052,542,78034,76982,1334,2057,0,2
defd571a-2f0d-47a2-8239-28e4b4bccd9e,2,1,37,1726,77952,705,213,80383,79678,1726,770,0,2
defd571a-2f0d-47a2-8239-28e4b4bccd9e,2,1,38,2548,80256,1040,802,83844,82804,2548,3377,109,2
defd571a-2f0d-47a2-8239-28e4b4bccd9e,2,1,39,579,83840,716,279,85135,84419,579,1160,95,2
defd571a-2f0d-47a2-8239-28e4b4bccd9e,2,1,40,592,85120,629,415,86341,85712,592,1651,0,2
defd571a-2f0d-47a2-8239-28e4b4bccd9e,2,1,41,1510,86272,393,224,88175,87782,1510,882,0,2
defd571a-2f0d-47a2-8239-28e4b4bccd9e,2,1,42,912,88064,146,55,89122,88976,912,227,0,1
defd571a-2f0d-47a2-8239-28e4b4bccd9e,2,1,43,1172,89088,269,84,90529,90260,1172,353,0,2
defd571a-2f0d-47a2-8239-28e4b4bccd9e,2,1,44,3285,90496,383,299,94164,93781,3285,913,70,1
defd571a-2f0d-47a2-8239-28e4b4bccd9e,2,1,45,238,93952,420,148,94610,94190,238,560,0,2
defd571a-2f0d-47a2-8239-28e4b4bccd9e,2,1,46,741,94592,399,187,95732,95333,741,740,0,2
defd571a-2f0d-47a2-8239-28e4b4bccd9e,2,1,47,1497,95616,474,288,97587,97113,1497,1053,0,2
defd571a-2f0d-47a2-8239-28e4b4bccd9e,2,1,48,759,97536,625,295,98920,98295,759,1067,0,2
defd571a-2f0d-47a2-8239-28e4b4bccd9e,2,1,49,302,98816,396,50,99514,99118,302,192,0,2
defd571a-2f0d-47a2-8239-28e4b4bccd9e,2,1,50,701,99456,449,151,100606,100157,701,573,0,2
defd571a-2f0d-47a2-8239-28e4b4bccd9e,2,1,51,231,100480,571,223,101282,100711,231,1017,0,2
defd571a-2f0d-47a2-8239-28e4b4bccd9e,2,1,52,881,101248,456,270,102585,102129,881,1031,0,2
defd571a-2f0d-47a2-8239-28e4b4bccd9e,2,1,53,583,102528,569,410,103680,103111,583,1776,0,1
defd571a-2f0d-47a2-8239-28e4b4bccd9e,2,1,54,283,103680,421,174,104384,103963,283,663,0,2
defd571a-2f0d-47a2-8239-28e4b4bccd9e,2,1,55,216,104320,834,707,105370,104536,216,2591,71,1
defd571a-2f0d-47a2-8239-28e4b4bccd9e,2,1,56,188,105216,221,38,105625,105404,188,158,0,1
defd571a-2f0d-47a2-8239-28e4b4bccd9e,2,1,57,566,105600,6380,1011,112546,106166,566,3265,63,1
defd571a-2f0d-47a2-8239-28e4b4bccd9e,2,1,58,216,112384,109,20,112709,112600,216,87,0,1
defd571a-2f0d-47a2-8239-28e4b4bccd9e,2,1,59,5996,112640,5055,446,123691,118636,5996,1708,106,1
defd571a-2f0d-47a2-8239-28e4b4bccd9e,2,1,60,225,123520,106,0,123851,123745,225,0,0,1
defd571a-2f0d-47a2-8239-28e4b4bccd9e,2,1,61,258,123648,985,216,124891,123906,258,825,56,2
defd571a-2f0d-47a2-8239-28e4b4bccd9e,2,1,62,167,124800,158,63,125125,124967,167,296,0,1
defd571a-2f0d-47a2-8239-28e4b4bccd9e,2,1,63,219,124928,480,278,125627,125147,219,1104,0,1
defd571a-2f0d-47a2-8239-28e4b4bccd9e,2,1,64,242,125440,1719,0,127401,125682,242,0,37,1
defd571a-2f0d-47a2-8239-28e4b4bccd9e,2,1,65,209,127232,53,31,127494,127441,209,129,0,1
defd571a-2f0d-47a2-8239-28e4b4bccd9e,2,1,66,342,127488,539,0,128369,127830,342,0,2230,0
dfc6a190-85d7-4f6a-a2d3-52df9a1a18eb,2,1,1,2776,7936,558,250,11270,10712,2776,991,107,2
dfc6a190-85d7-4f6a-a2d3-52df9a1a18eb,2,1,2,275,11264,207,37,11746,11539,275,175,86,2
dfc6a190-85d7-4f6a-a2d3-52df9a1a18eb,2,1,3,2313,11648,357,196,14318,13961,2313,807,0,2
dfc6a190-85d7-4f6a-a2d3-52df9a1a18eb,2,1,4,1159,14208,316,106,15683,15367,1159,398,78,3
dfc6a190-85d7-4f6a-a2d3-52df9a1a18eb,2,1,5,7054,15616,1432,1100,24102,22670,7054,4284,156,4
dfc6a190-85d7-4f6a-a2d3-52df9a1a18eb,2,1,6,25311,24064,3179,750,52554,49375,25311,3158,234,3
dfc6a190-85d7-4f6a-a2d3-52df9a1a18eb,2,1,7,185,52480,391,114,53056,52665,185,414,73,4
dfc6a190-85d7-4f6a-a2d3-52df9a1a18eb,2,1,8,11825,52992,619,287,65436,64817,11825,998,162,4
dfc6a190-85d7-4f6a-a2d3-52df9a1a18eb,2,1,9,4096,65408,781,539,70285,69504,4096,2254,169,2
dfc6a190-85d7-4f6a-a2d3-52df9a1a18eb,2,1,10,3880,70272,1048,773,75200,74152,3880,2796,131,1
dfc6a190-85d7-4f6a-a2d3-52df9a1a18eb,2,1,11,242,75008,534,296,75784,75250,242,953,0,1
dfc6a190-85d7-4f6a-a2d3-52df9a1a18eb,2,1,12,836,75776,271,130,76883,76612,836,481,0,1
dfc6a190-85d7-4f6a-a2d3-52df9a1a18eb,2,1,13,2293,76800,752,458,79845,79093,2293,1799,120,2
dfc6a190-85d7-4f6a-a2d3-52df9a1a18eb,2,1,14,12224,79744,645,319,92613,91968,12224,1171,0,2
dfc6a190-85d7-4f6a-a2d3-52df9a1a18eb,2,1,15,1550,92544,635,296,94729,94094,1550,1270,0,2
dfc6a190-85d7-4f6a-a2d3-52df9a1a18eb,2,1,16,2263,94720,259,71,97242,96983,2263,316,0,2
dfc6a190-85d7-4f6a-a2d3-52df9a1a18eb,2,1,17,7530,97152,360,186,105042,104682,7530,640,0,2
dfc6a190-85d7-4f6a-a2d3-52df9a1a18eb,2,1,18,5801,104960,469,216,111230,110761,5801,765,0,1
dfc6a190-85d7-4f6a-a2d3-52df9a1a18eb,2,1,19,554,111104,336,48,111994,111658,554,195,0,2
dfc6a190-85d7-4f6a-a2d3-52df9a1a18eb,2,1,20,16011,111872,782,556,128665,127883,16011,2083,0,2
dfc6a190-85d7-4f6a-a2d3-52df9a1a18eb,2,1,21,11819,128640,737,368,141196,140459,11819,1378,122,1
dfc6a190-85d7-4f6a-a2d3-52df9a1a18eb,2,1,22,5540,141184,577,234,147301,146724,5540,810,147,1
dfc6a190-85d7-4f6a-a2d3-52df9a1a18eb,2,1,23,315,147200,263,12,147778,147515,315,49,0,1
dfc6a190-85d7-4f6a-a2d3-52df9a1a18eb,2,1,24,8380,147712,375,234,156467,156092,8380,890,0,2
dfc6a190-85d7-4f6a-a2d3-52df9a1a18eb,2,1,25,329,156416,943,590,157688,156745,329,2137,109,1
dfc6a190-85d7-4f6a-a2d3-52df9a1a18eb,2,1,26,296,157568,198,32,158062,157864,296,116,0,1
dfc6a190-85d7-4f6a-a2d3-52df9a1a18eb,2,1,27,3500,157952,715,416,162167,161452,3500,1682,0,2
dfc6a190-85d7-4f6a-a2d3-52df9a1a18eb,2,1,28,8880,162048,755,532,171683,170928,8880,1932,119,1
dfc6a190-85d7-4f6a-a2d3-52df9a1a18eb,2,1,29,855,171648,655,340,173158,172503,855,1325,0,1
dfc6a190-85d7-4f6a-a2d3-52df9a1a18eb,2,1,30,2075,173056,380,172,175511,175131,2075,590,0,2
dfc6a190-85d7-4f6a-a2d3-52df9a1a18eb,2,1,31,1150,175488,568,259,177206,176638,1150,1017,0,1
dfc6a190-85d7-4f6a-a2d3-52df9a1a18eb,2,1,32,1126,177152,308,175,178586,178278,1126,751,0,1
dfc6a190-85d7-4f6a-a2d3-52df9a1a18eb,2,1,33,6158,178560,488,203,185206,184718,6158,752,0,1
dfc6a190-85d7-4f6a-a2d3-52df9a1a18eb,2,1,34,9159,185088,938,815,195185,194247,9159,3346,89,2
dfc6a190-85d7-4f6a-a2d3-52df9a1a18eb,2,1,35,267,195072,696,70,196035,195339,267,325,0,3
dfc6a190-85d7-4f6a-a2d3-52df9a1a18eb,2,1,36,1219,195968,771,418,197958,197187,1219,1871,173,1
dfc6a190-85d7-4f6a-a2d3-52df9a1a18eb,2,1,37,1332,197888,426,278,199646,199220,1332,1242,0,2
dfc6a190-85d7-4f6a-a2d3-52df9a1a18eb,2,1,38,232,199552,6786,3000,206570,199784,232,10166,125,1
dfc6a190-85d7-4f6a-a2d3-52df9a1a18eb,2,1,39,159,206464,173,29,206796,206623,159,115,117,2
dfc6a190-85d7-4f6a-a2d3-52df9a1a18eb,2,1,40,875,206720,146,68,207741,207595,875,282,73,1
dfc6a190-85d7-4f6a-a2d3-52df9a1a18eb,2,1,41,3251,207616,914,610,211781,210867,3251,2203,184,1
dfc6a190-85d7-4f6a-a2d3-52df9a1a18eb,2,1,42,1109,211712,722,567,213543,212821,1109,2210,242,2
dfc6a190-85d7-4f6a-a2d3-52df9a1a18eb,2,1,43,179,213504,1134,292,214817,213683,179,1121,114,1
dfc6a190-85d7-4f6a-a2d3-52df9a1a18eb,2,1,44,200,214656,769,197,215625,214856,200,607,0,1
dfc6a190-85d7-4f6a-a2d3-52df9a1a18eb,2,1,45,240,215424,1608,609,217272,215664,240,2089,0,1
dfc6a190-85d7-4f6a-a2d3-52df9a1a18eb,2,1,46,223,217088,203,83,217514,217311,223,341,0,2
dfc6a190-85d7-4f6a-a2d3-52df9a1a18eb,2,1,47,194,217472,479,402,218145,217666,194,1576,94,1
dfc6a190-85d7-4f6a-a2d3-52df9a1a18eb,2,1,48,4427,218112,252,141,222791,222539,4427,563,0,2
dfc6a190-85d7-4f6a-a2d3-52df9a1a18eb,2,1,49,371,222720,381,216,223472,223091,371,833,0,1
dfc6a190-85d7-4f6a-a2d3-52df9a1a18eb,2,1,50,2369,223360,1536,691,227265,225729,2369,2551,103,1
dfc6a190-85d7-4f6a-a2d3-52df9a1a18eb,2,1,51,3040,227200,308,164,230548,230240,3040,701,176,2
dfc6a190-85d7-4f6a-a2d3-52df9a1a18eb,2,1,52,285,230528,225,129,231038,230813,285,599,153,1
dfc6a190-85d7-4f6a-a2d3-52df9a1a18eb,2,1,53,168,230912,602,435,231682,231080,168,1705,81,1
dfc6a190-85d7-4f6a-a2d3-52df9a1a18eb,2,1,54,200,231552,6221,2217,237973,231752,200,7045,123,1
dfc6a190-85d7-4f6a-a2d3-52df9a1a18eb,2,1,55,202,237824,159,30,238185,238026,202,131,0,1
dfc6a190-85d7-4f6a-a2d3-52df9a1a18eb,2,1,56,260,237952,885,646,239097,238212,260,2491,131,1
dfc6a190-85d7-4f6a-a2d3-52df9a1a18eb,2,1,57,344,238976,2197,273,241517,239320,344,1207,110,2
dfc6a190-85d7-4f6a-a2d3-52df9a1a18eb,2,1,58,169,241408,292,67,241869,241577,169,335,0,1
dfc6a190-85d7-4f6a-a2d3-52df9a1a18eb,2,1,59,233,241664,4037,0,245934,241897,233,0,14119,0
e1f701aa-bb3e-40c8-82b5-4bbd71f77ab5,3,1,1,3188,7936,235,0,11359,11124,3188,0,92,2
e1f701aa-bb3e-40c8-82b5-4bbd71f77ab5,3,1,2,1723,11264,220,44,13207,12987,1723,219,0,2
e1f701aa-bb3e-40c8-82b5-4bbd71f77ab5,3,1,3,4147,13184,1545,473,18876,17331,4147,1958,108,2
e1f701aa-bb3e-40c8-82b5-4bbd71f77ab5,3,1,4,134,18816,929,552,19879,18950,134,2037,0,2
e1f701aa-bb3e-40c8-82b5-4bbd71f77ab5,3,1,5,2802,19840,1427,950,24069,22642,2802,3522,0,2
e1f701aa-bb3e-40c8-82b5-4bbd71f77ab5,3,1,6,1736,22656,457,75,24849,24392,1736,316,0,2
e1f701aa-bb3e-40c8-82b5-4bbd71f77ab5,3,1,7,2415,24832,662,394,27909,27247,2415,1446,0,2
e1f701aa-bb3e-40c8-82b5-4bbd71f77ab5,3,1,8,1832,27264,324,54,29420,29096,1832,222,0,2
e1f701aa-bb3e-40c8-82b5-4bbd71f77ab5,3,1,9,852,29312,718,367,30882,30164,852,1365,0,2
e1f701aa-bb3e-40c8-82b5-4bbd71f77ab5,3,1,10,193,30848,627,368,31668,31041,193,1538,0,2
e1f701aa-bb3e-40c8-82b5-4bbd71f77ab5,3,1,11,1325,31616,625,197,33566,32941,1325,873,103,2
e1f701aa-bb3e-40c8-82b5-4bbd71f77ab5,3,1,12,319,33536,1730,1283,35585,33855,319,4579,95,2
e1f701aa-bb3e-40c8-82b5-4bbd71f77ab5,3,1,13,469,35584,1864,1071,37917,36053,469,3935,0,2
e1f701aa-bb3e-40c8-82b5-4bbd71f77ab5,3,1,14,1153,37888,547,283,39588,39041,1153,1129,0,2
e1f701aa-bb3e-40c8-82b5-4bbd71f77ab5,3,1,15,5266,39552,587,246,45405,44818,5266,989,0,2
e1f701aa-bb3e-40c8-82b5-4bbd71f77ab5,3,1,16,4598,45312,450,199,50360,49910,4598,860,0,2
e1f701aa-bb3e-40c8-82b5-4bbd71f77ab5,3,1,17,7588,50304,899,529,58791,57892,7588,2182,0,2
e1f701aa-bb3e-40c8-82b5-4bbd71f77ab5,3,1,18,5589,58752,1191,701,65532,64341,5589,2583,0,2
e1f701aa-bb3e-40c8-82b5-4bbd71f77ab5,3,1,19,706,65408,519,122,66633,66114,706,455,0,2
e1f701aa-bb3e-40c8-82b5-4bbd71f77ab5,3,1,20,1385,66560,907,544,68852,67945,1385,2093,0,2
e1f701aa-bb3e-40c8-82b5-4bbd71f77ab5,3,1,21,312,68736,639,150,69687,69048,312,582,0,2
e1f701aa-bb3e-40c8-82b5-4bbd71f77ab5,3,1,22,813,69632,1095,676,71540,70445,813,2506,0,2
e1f701aa-bb3e-40c8-82b5-4bbd71f77ab5,3,1,23,295,71424,1422,1040,73141,71719,295,3972,0,2
e1f701aa-bb3e-40c8-82b5-4bbd71f77ab5,3,1,24,571,73088,585,316,74244,73659,571,1285,0,2
e1f701aa-bb3e-40c8-82b5-4bbd71f77ab5,3,1,25,1968,74240,1054,690,77262,76208,1968,2786,0,2
e1f701aa-bb3e-40c8-82b5-4bbd71f77ab5,3,1,26,8925,76800,1241,575,86966,85725,8925,2200,71,2
e1f701aa-bb3e-40c8-82b5-4bbd71f77ab5,3,1,27,298,86912,419,94,87629,87210,298,346,0,2
e1f701aa-bb3e-40c8-82b5-4bbd71f77ab5,3,1,28,2149,87552,549,174,90250,89701,2149,785,0,2
e1f701aa-bb3e-40c8-82b5-4bbd71f77ab5,3,1,29,1760,90240,549,232,92549,92000,1760,836,0,2
e1f701aa-bb3e-40c8-82b5-4bbd71f77ab5,3,1,30,2950,92544,2089,1540,97583,95494,2950,6142,70,2
e1f701aa-bb3e-40c8-82b5-4bbd71f77ab5,3,1,31,259,97536,610,290,98405,97795,259,1087,83,2
e1f701aa-bb3e-40c8-82b5-4bbd71f77ab5,3,1,32,1151,98304,276,63,99731,99455,1151,224,0,2
e1f701aa-bb3e-40c8-82b5-4bbd71f77ab5,3,1,33,2998,99712,1375,664,104085,102710,2998,2815,79,2
e1f701aa-bb3e-40c8-82b5-4bbd71f77ab5,3,1,34,508,104064,639,273,105211,104572,508,1010,0,2
e1f701aa-bb3e-40c8-82b5-4bbd71f77ab5,3,1,35,2170,105088,785,351,108043,107258,2170,1381,0,2
e1f701aa-bb3e-40c8-82b5-4bbd71f77ab5,3,1,36,372,108032,826,410,109230,108404,372,1472,0,2
e1f701aa-bb3e-40c8-82b5-4bbd71f77ab5,3,1,37,2598,109184,1145,693,112927,111782,2598,2695,0,2
e1f701aa-bb3e-40c8-82b5-4bbd71f77ab5,3,1,38,215,112896,1102,625,114213,113111,215,2378,0,2
e1f701aa-bb3e-40c8-82b5-4bbd71f77ab5,3,1,39,965,114176,4123,3695,119264,115141,965,15775,70,2
e1f701aa-bb3e-40c8-82b5-4bbd71f77ab5,3,1,40,5418,119168,5253,140,129839,124586,5418,503,33,1
e1f701aa-bb3e-40c8-82b5-4bbd71f77ab5,3,1,41,232,129664,368,20,130264,129896,232,85,0,2
e1f701aa-bb3e-40c8-82b5-4bbd71f77ab5,3,1,42,817,130176,4862,440,135855,130993,817,1747,185,1
e1f701aa-bb3e-40c8-82b5-4bbd71f77ab5,3,1,43,232,135680,164,10,136076,135912,232,49,0,1
e1f701aa-bb3e-40c8-82b5-4bbd71f77ab5,3,1,44,173,135936,4811,535,140920,136109,173,2128,95,1
e1f701aa-bb3e-40c8-82b5-4bbd71f77ab5,3,1,45,177,140800,402,317,141379,140977,177,1290,0,1
e1f701aa-bb3e-40c8-82b5-4bbd71f77ab5,3,1,46,216,141184,4562,463,145962,141400,216,1548,0,1
e1f701aa-bb3e-40c8-82b5-4bbd71f77ab5,3,1,47,227,145792,132,46,146151,146019,227,200,0,1
e1f701aa-bb3e-40c8-82b5-4bbd71f77ab5,3,1,48,252,145920,3955,657,150127,146172,252,2494,166,1
e1f701aa-bb3e-40c8-82b5-4bbd71f77ab5,3,1,49,168,150016,3358,0,153542,150184,168,0,44,1
e1f701aa-bb3e-40c8-82b5-4bbd71f77ab5,3,1,50,260,153344,174,0,153778,153604,260,0,0,1
e1f701aa-bb3e-40c8-82b5-4bbd71f77ab5,3,1,51,267,153728,329,71,154324,153995,267,300,0,1
e1f701aa-bb3e-40c8-82b5-4bbd71f77ab5,3,1,52,249,154112,549,73,154910,154361,249,290,83,2
e1f701aa-bb3e-40c8-82b5-4bbd71f77ab5,3,1,53,256,154752,948,0,155956,155008,256,0,0,1
e1f701aa-bb3e-40c8-82b5-4bbd71f77ab5,3,1,54,218,155776,266,0,156260,155994,218,0,0,1
e1f701aa-bb3e-40c8-82b5-4bbd71f77ab5,3,1,55,256,156032,773,0,157061,156288,256,0,3324,0
e289f909-7350-45de-8d96-c53ca34ad0e9,3,1,1,2583,7936,216,0,10735,10519,2583,0,81,2
e289f909-7350-45de-8d96-c53ca34ad0e9,3,1,2,625,10624,464,40,11713,11249,625,195,84,2
e289f909-7350-45de-8d96-c53ca34ad0e9,3,1,3,342,11648,897,175,12887,11990,342,750,93,2
e289f909-7350-45de-8d96-c53ca34ad0e9,3,1,4,175,12800,553,160,13528,12975,175,687,0,2
e289f909-7350-45de-8d96-c53ca34ad0e9,3,1,5,296,13440,1054,420,14790,13736,296,1537,99,2
e289f909-7350-45de-8d96-c53ca34ad0e9,3,1,6,625,14720,1353,613,16698,15345,625,2637,92,2
e289f909-7350-45de-8d96-c53ca34ad0e9,3,1,7,833,16640,887,529,18360,17473,833,2274,0,2
e289f909-7350-45de-8d96-c53ca34ad0e9,3,1,8,1670,18304,5911,963,25885,19974,1670,3828,155,6
e289f909-7350-45de-8d96-c53ca34ad0e9,3,1,9,4701,21632,714,364,27047,26333,4701,1456,108,2
e289f909-7350-45de-8d96-c53ca34ad0e9,3,1,10,7543,27008,1012,573,35563,34551,7543,2097,117,2
e289f909-7350-45de-8d96-c53ca34ad0e9,3,1,11,546,35456,841,480,36843,36002,546,1928,0,2
e289f909-7350-45de-8d96-c53ca34ad0e9,3,1,12,535,36736,915,379,38186,37271,535,1547,0,2
e289f909-7350-45de-8d96-c53ca34ad0e9,3,1,13,446,38144,942,498,39532,38590,446,2126,0,2
e289f909-7350-45de-8d96-c53ca34ad0e9,3,1,14,175,39424,812,674,40411,39599,175,2571,109,2
e289f909-7350-45de-8d96-c53ca34ad0e9,3,1,15,7255,40320,1139,816,48714,47575,7255,2966,128,2
e289f909-7350-45de-8d96-c53ca34ad0e9,3,1,16,1201,48640,1180,465,51021,49841,1201,1688,78,2
e289f909-7350-45de-8d96-c53ca34ad0e9,3,1,17,164,50944,343,190,51451,51108,164,724,0,1
e289f909-7350-45de-8d96-c53ca34ad0e9,3,1,18,635,51328,2052,1020,54015,51963,635,3076,96,2
e289f909-7350-45de-8d96-c53ca34ad0e9,3,1,19,734,53376,147,35,54257,54110,734,142,0,1
e289f909-7350-45de-8d96-c53ca34ad0e9,3,1,20,4955,54144,587,175,59686,59099,4955,666,110,2
e289f909-7350-45de-8d96-c53ca34ad0e9,3,1,21,1266,59648,348,152,61262,60914,1266,681,121,2
e289f909-7350-45de-8d96-c53ca34ad0e9,3,1,22,828,61184,724,576,62736,62012,828,1973,86,2
e289f909-7350-45de-8d96-c53ca34ad0e9,3,1,23,9299,62720,615,413,72634,72019,9299,1561,160,2
e289f909-7350-45de-8d96-c53ca34ad0e9,3,1,24,153,72576,444,274,73173,72729,153,1143,86,2
e289f909-7350-45de-8d96-c53ca34ad0e9,3,1,25,1591,73088,543,392,75222,74679,1591,1326,61,2
e289f909-7350-45de-8d96-c53ca34ad0e9,3,1,26,8515,75136,1031,588,84682,83651,8515,2118,110,3
e289f909-7350-45de-8d96-c53ca34ad0e9,3,1,27,3448,84608,1614,369,89670,88056,3448,1526,128,2
e289f909-7350-45de-8d96-c53ca34ad0e9,3,1,28,689,89600,997,736,91286,90289,689,2590,95,1
e289f909-7350-45de-8d96-c53ca34ad0e9,3,1,29,2322,91264,1521,976,95107,93586,2322,3562,80,2
e289f909-7350-45de-8d96-c53ca34ad0e9,3,1,30,223,94976,1068,681,96267,95199,223,2719,0,2
e289f909-7350-45de-8d96-c53ca34ad0e9,3,1,31,556,96256,361,168,97173,96812,556,650,0,1
e289f909-7350-45de-8d96-c53ca34ad0e9,3,1,32,282,97152,1562,698,98996,97434,282,2826,96,2
e289f909-7350-45de-8d96-c53ca34ad0e9,3,1,33,226,98944,1096,966,100266,99170,226,3553,92,1
e289f909-7350-45de-8d96-c53ca34ad0e9,3,1,34,315,100224,917,91,101456,100539,315,405,0,2
e289f909-7350-45de-8d96-c53ca34ad0e9,3,1,35,1085,101376,625,389,103086,102461,1085,1306,75,1
e289f909-7350-45de-8d96-c53ca34ad0e9,3,1,36,177,103040,427,239,103644,103217,177,762,80,1
e289f909-7350-45de-8d96-c53ca34ad0e9,3,1,37,3139,103552,1459,931,108150,106691,3139,3126,80,2
e289f909-7350-45de-8d96-c53ca34ad0e9,3,1,38,5671,108032,3080,2405,116783,113703,5671,8534,106,2
e289f909-7350-45de-8d96-c53ca34ad0e9,3,1,39,148,116736,641,321,117525,116884,148,1028,0,2
e289f909-7350-45de-8d96-c53ca34ad0e9,3,1,40,1688,117504,786,633,119978,119192,1688,2511,70,1
e289f909-7350-45de-8d96-c53ca34ad0e9,3,1,41,191,119808,403,251,120402,119999,191,1037,97,2
e289f909-7350-45de-8d96-c53ca34ad0e9,3,1,42,13481,120320,1060,751,134861,133801,13481,2879,97,1
e289f909-7350-45de-8d96-c53ca34ad0e9,3,1,43,1209,134784,1155,995,137148,135993,1209,3751,67,2
e289f909-7350-45de-8d96-c53ca34ad0e9,3,1,44,13216,137088,1735,1254,152039,150304,13216,4608,114,2
e289f909-7350-45de-8d96-c53ca34ad0e9,3,1,45,3221,150528,919,545,154668,153749,3221,2007,95,2
e289f909-7350-45de-8d96-c53ca34ad0e9,3,1,46,1588,154624,756,477,156968,156212,1588,1737,98,2
e289f909-7350-45de-8d96-c53ca34ad0e9,3,1,47,0,0,0,0,0,0,0,11814,55,0
e465e26f-14d4-4ebd-8832-5e216849629a,2,1,1,2833,7936,113,0,10882,10769,2833,0,87,1
e465e26f-14d4-4ebd-8832-5e216849629a,2,1,2,1556,10880,187,21,12623,12436,1556,101,0,2
e465e26f-14d4-4ebd-8832-5e216849629a,2,1,3,2185,12544,160,64,14889,14729,2185,263,0,1
e465e26f-14d4-4ebd-8832-5e216849629a,2,1,4,1324,14848,464,93,16636,16172,1324,387,0,2
e465e26f-14d4-4ebd-8832-5e216849629a,2,1,5,1886,16512,581,260,18979,18398,1886,949,0,2
e465e26f-14d4-4ebd-8832-5e216849629a,2,1,6,1581,18944,210,102,20735,20525,1581,377,0,1
e465e26f-14d4-4ebd-8832-5e216849629a,2,1,7,2085,20608,505,115,23198,22693,2085,468,0,2
e465e26f-14d4-4ebd-8832-5e216849629a,2,1,8,406,23168,1150,565,24724,23574,406,2618,101,1
e465e26f-14d4-4ebd-8832-5e216849629a,2,1,9,171,24576,286,0,25033,24747,171,0,0,2
e465e26f-14d4-4ebd-8832-5e216849629a,2,1,10,1471,24960,469,200,26900,26431,1471,782,0,2
e465e26f-14d4-4ebd-8832-5e216849629a,2,1,11,1568,26880,2344,1292,30792,28448,1568,4799,148,1
e465e26f-14d4-4ebd-8832-5e216849629a,2,1,12,224,30592,194,0,31010,30816,224,0,0,2
e465e26f-14d4-4ebd-8832-5e216849629a,2,1,13,898,30976,272,70,32146,31874,898,288,0,2
e465e26f-14d4-4ebd-8832-5e216849629a,2,1,14,2388,32128,135,21,34651,34516,2388,100,0,1
e465e26f-14d4-4ebd-8832-5e216849629a,2,1,15,597,34560,311,83,35468,35157,597,262,0,2
e465e26f-14d4-4ebd-8832-5e216849629a,2,1,16,4537,35456,559,264,40552,39993,4537,1074,0,2
e465e26f-14d4-4ebd-8832-5e216849629a,2,1,17,1676,40448,288,152,42412,42124,1676,635,0,2
e465e26f-14d4-4ebd-8832-5e216849629a,2,1,18,1992,42368,434,164,44794,44360,1992,622,0,2
e465e26f-14d4-4ebd-8832-5e216849629a,2,1,19,2879,44672,630,379,48181,47551,2879,1412,0,2
e465e26f-14d4-4ebd-8832-5e216849629a,2,1,20,247,48128,845,366,49220,48375,247,1422,0,2
e465e26f-14d4-4ebd-8832-5e216849629a,2,1,21,2481,49152,424,137,52057,51633,2481,578,0,2
e465e26f-14d4-4ebd-8832-5e216849629a,2,1,22,1302,51968,1317,1141,54587,53270,1302,4632,0,1
e465e26f-14d4-4ebd-8832-5e216849629a,2,1,23,954,54528,323,235,55805,55482,954,895,0,1
e465e26f-14d4-4ebd-8832-5e216849629a,2,1,24,478,55680,824,170,56982,56158,478,720,99,2
e465e26f-14d4-4ebd-8832-5e216849629a,2,1,25,1125,56960,759,279,58844,58085,1125,1241,0,2
e465e26f-14d4-4ebd-8832-5e216849629a,2,1,26,989,58752,181,0,59922,59741,989,0,0,2
e465e26f-14d4-4ebd-8832-5e216849629a,2,1,27,1921,59904,498,212,62323,61825,1921,816,0,2
e465e26f-14d4-4ebd-8832-5e216849629a,2,1,28,2070,62208,390,96,64668,64278,2070,342,0,2
e465e26f-14d4-4ebd-8832-5e216849629a,2,1,29,567,64640,655,124,65862,65207,567,477,0,2
e465e26f-14d4-4ebd-8832-5e216849629a,2,1,30,193,65792,286,40,66271,65985,193,160,0,1
e465e26f-14d4-4ebd-8832-5e216849629a,2,1,31,593,66176,318,133,67087,66769,593,609,0,2
e465e26f-14d4-4ebd-8832-5e216849629a,2,1,32,1586,67072,939,419,69597,68658,1586,1888,0,2
e465e26f-14d4-4ebd-8832-5e216849629a,2,1,33,451,69504,124,0,70079,69955,451,0,0,2
e465e26f-14d4-4ebd-8832-5e216849629a,2,1,34,212,70016,234,0,70462,70228,212,0,0,2
e465e26f-14d4-4ebd-8832-5e216849629a,2,1,35,19546,70400,553,381,90499,89946,19546,1607,78,1
e465e26f-14d4-4ebd-8832-5e216849629a,2,1,36,245,90496,886,580,91627,90741,245,2209,0,1
e465e26f-14d4-4ebd-8832-5e216849629a,2,1,37,272,91520,589,24,92381,91792,272,93,0,2
e465e26f-14d4-4ebd-8832-5e216849629a,2,1,38,182,92288,451,216,92921,92470,182,804,0,1
e465e26f-14d4-4ebd-8832-5e216849629a,2,1,39,1721,92800,430,149,94951,94521,1721,554,0,1
e465e26f-14d4-4ebd-8832-5e216849629a,2,1,40,1333,94848,813,308,96994,96181,1333,1055,0,2
e465e26f-14d4-4ebd-8832-5e216849629a,2,1,41,275,96896,189,0,97360,97171,275,0,0,1
e465e26f-14d4-4ebd-8832-5e216849629a,2,1,42,1577,97280,622,293,99479,98857,1577,1158,0,2
e465e26f-14d4-4ebd-8832-5e216849629a,2,1,43,811,99456,678,417,100945,100267,811,1565,0,2
e465e26f-14d4-4ebd-8832-5e216849629a,2,1,44,1866,100864,576,133,103306,102730,1866,557,0,2
e465e26f-14d4-4ebd-8832-5e216849629a,2,1,45,402,103296,234,0,103932,103698,402,0,0,2
e465e26f-14d4-4ebd-8832-5e216849629a,2,1,46,6505,103808,368,173,110681,110313,6505,762,0,2
e465e26f-14d4-4ebd-8832-5e216849629a,2,1,47,226,110592,515,232,111333,110818,226,958,0,2
e465e26f-14d4-4ebd-8832-5e216849629a,2,1,48,549,111232,962,607,112743,111781,549,2156,0,1
e465e26f-14d4-4ebd-8832-5e216849629a,2,1,49,136,112640,370,124,113146,112776,136,500,0,1
e465e26f-14d4-4ebd-8832-5e216849629a,2,1,50,139,113024,210,15,113373,113163,139,73,0,1
e465e26f-14d4-4ebd-8832-5e216849629a,2,1,51,441,113280,661,213,114382,113721,441,834,0,1
e465e26f-14d4-4ebd-8832-5e216849629a,2,1,52,1123,114304,878,270,116305,115427,1123,1065,0,2
e465e26f-14d4-4ebd-8832-5e216849629a,2,1,53,3078,116224,395,138,119697,119302,3078,631,0,2
e465e26f-14d4-4ebd-8832-5e216849629a,2,1,54,3007,119680,599,235,123286,122687,3007,1038,0,2
e465e26f-14d4-4ebd-8832-5e216849629a,2,1,55,2011,123264,621,253,125896,125275,2011,992,0,2
e465e26f-14d4-4ebd-8832-5e216849629a,2,1,56,367,125824,606,222,126797,126191,367,822,0,2
e465e26f-14d4-4ebd-8832-5e216849629a,2,1,57,265,126720,290,45,127275,126985,265,226,0,1
e465e26f-14d4-4ebd-8832-5e216849629a,2,1,58,520,127232,317,20,128069,127752,520,98,0,1
e465e26f-14d4-4ebd-8832-5e216849629a,2,1,59,371,128000,664,141,129035,128371,371,507,0,2
e465e26f-14d4-4ebd-8832-5e216849629a,2,1,60,211,128896,76,54,129183,129107,211,238,0,1
e465e26f-14d4-4ebd-8832-5e216849629a,2,1,61,2618,129152,286,210,132056,131770,2618,856,0,1
e465e26f-14d4-4ebd-8832-5e216849629a,2,1,62,2126,131968,1289,678,135383,134094,2126,2524,0,2
e465e26f-14d4-4ebd-8832-5e216849629a,2,1,63,497,135296,175,0,135968,135793,497,0,0,2
e465e26f-14d4-4ebd-8832-5e216849629a,2,1,64,3136,135936,642,366,139714,139072,3136,1621,0,2
e465e26f-14d4-4ebd-8832-5e216849629a,2,1,65,4034,139648,738,426,144420,143682,4034,1707,0,2
e465e26f-14d4-4ebd-8832-5e216849629a,2,1,66,1693,144384,647,295,146724,146077,1693,1097,0,2
e465e26f-14d4-4ebd-8832-5e216849629a,2,1,67,760,146688,477,135,147925,147448,760,650,0,2
e465e26f-14d4-4ebd-8832-5e216849629a,2,1,68,1184,147840,177,0,149201,149024,1184,0,0,1
e465e26f-14d4-4ebd-8832-5e216849629a,2,1,69,1324,149120,569,203,151013,150444,1324,733,0,2
e465e26f-14d4-4ebd-8832-5e216849629a,2,1,70,1905,150912,20959,5417,173776,152817,1905,22758,66,1
e465e26f-14d4-4ebd-8832-5e216849629a,2,1,71,135,173696,473,222,174304,173831,135,901,0,2
e465e26f-14d4-4ebd-8832-5e216849629a,2,1,72,1609,174208,464,156,176281,175817,1609,598,0,1
e465e26f-14d4-4ebd-8832-5e216849629a,2,1,73,450,175872,314,37,176636,176322,450,168,0,2
e465e26f-14d4-4ebd-8832-5e216849629a,2,1,74,634,176512,344,106,177490,177146,634,455,0,1
e465e26f-14d4-4ebd-8832-5e216849629a,2,1,75,183,177408,245,108,177836,177591,183,354,0,1
e465e26f-14d4-4ebd-8832-5e216849629a,2,1,76,213,177664,117,0,177994,177877,213,0,0,1
e465e26f-14d4-4ebd-8832-5e216849629a,2,1,77,240,177792,2502,805,180534,178032,240,3341,0,1
e465e26f-14d4-4ebd-8832-5e216849629a,2,1,78,223,180352,1445,126,182020,180575,223,568,5184,0
e49930ac-674f-41f7-8ead-2c84161d693d,1,1,1,2479,7936,911,427,11326,10415,2479,1715,99,4
e49930ac-674f-41f7-8ead-2c84161d693d,1,1,2,2086,11264,377,75,13727,13350,2086,331,68,4
e49930ac-674f-41f7-8ead-2c84161d693d,1,1,3,13701,13696,293,83,27690,27397,13701,408,66,3
e49930ac-674f-41f7-8ead-2c84161d693d,1,1,4,502,27648,95,30,28245,28150,502,119,61,1
e49930ac-674f-41f7-8ead-2c84161d693d,1,1,5,241,28160,152,103,28553,28401,241,446,0,1
e49930ac-674f-41f7-8ead-2c84161d693d,1,1,6,165,28544,232,91,28941,28709,165,316,87,2
e49930ac-674f-41f7-8ead-2c84161d693d,1,1,7,9097,28928,432,143,38457,38025,9097,536,85,4
e49930ac-674f-41f7-8ead-2c84161d693d,1,1,8,16407,38400,354,100,55161,54807,16407,408,83,4
e49930ac-674f-41f7-8ead-2c84161d693d,1,1,9,18314,55040,545,257,73899,73354,18314,995,52,4
e49930ac-674f-41f7-8ead-2c84161d693d,1,1,10,2957,73856,198,88,77011,76813,2957,322,69,1
e49930ac-674f-41f7-8ead-2c84161d693d,1,1,11,239,76928,167,21,77334,77167,239,73,0,2
e49930ac-674f-41f7-8ead-2c84161d693d,1,1,12,1485,77312,518,257,79315,78797,1485,952,38,4
e49930ac-674f-41f7-8ead-2c84161d693d,1,1,13,8212,79232,420,215,87864,87444,8212,830,0,3
e49930ac-674f-41f7-8ead-2c84161d693d,1,1,14,384,87808,797,578,88989,88192,384,2068,85,4
e49930ac-674f-41f7-8ead-2c84161d693d,1,1,15,486,88960,934,727,90380,89446,486,2495,0,3
e49930ac-674f-41f7-8ead-2c84161d693d,1,1,16,1027,90368,628,358,92023,91395,1027,1389,95,4
e49930ac-674f-41f7-8ead-2c84161d693d,1,1,17,2822,91904,274,144,95000,94726,2822,578,92,1
e49930ac-674f-41f7-8ead-2c84161d693d,1,1,18,387,94976,169,47,95532,95363,387,197,59,2
e49930ac-674f-41f7-8ead-2c84161d693d,1,1,19,552,95488,332,63,96372,96040,552,281,0,2
e49930ac-674f-41f7-8ead-2c84161d693d,1,1,20,20971,96256,1689,761,118916,117227,20971,3028,86,1
e49930ac-674f-41f7-8ead-2c84161d693d,1,1,21,833,118912,722,357,120467,119745,833,1576,0,1
e49930ac-674f-41f7-8ead-2c84161d693d,1,1,22,180,120320,411,125,120911,120500,180,518,0,1
e49930ac-674f-41f7-8ead-2c84161d693d,1,1,23,167,120832,722,456,121721,120999,167,1883,0,1
e49930ac-674f-41f7-8ead-2c84161d693d,1,1,24,377,121600,850,423,122827,121977,377,1831,0,1
e49930ac-674f-41f7-8ead-2c84161d693d,1,1,25,256,122752,1174,958,124182,123008,256,3927,0,4
e49930ac-674f-41f7-8ead-2c84161d693d,1,1,26,9310,124160,1406,1173,134876,133470,9310,4425,78,2
e49930ac-674f-41f7-8ead-2c84161d693d,1,1,27,13065,134784,580,380,148429,147849,13065,1403,90,3
e49930ac-674f-41f7-8ead-2c84161d693d,1,1,28,19826,148352,1456,1044,169634,168178,19826,3737,89,2
e49930ac-674f-41f7-8ead-2c84161d693d,1,1,29,8027,169600,604,346,178231,177627,8027,1293,53,2
e49930ac-674f-41f7-8ead-2c84161d693d,1,1,30,5833,178176,952,683,184961,184009,5833,2346,85,4
e49930ac-674f-41f7-8ead-2c84161d693d,1,1,31,1985,184960,8845,1810,195790,186945,1985,6438,58,1
e49930ac-674f-41f7-8ead-2c84161d693d,1,1,32,259,195584,195,67,196038,195843,259,235,0,1
e49930ac-674f-41f7-8ead-2c84161d693d,1,1,33,222,195840,1724,141,197786,196062,222,520,43,3
e49930ac-674f-41f7-8ead-2c84161d693d,1,1,34,180,197760,205,130,198145,197940,180,575,0,1
e49930ac-674f-41f7-8ead-2c84161d693d,1,1,35,1866,198144,1692,141,201702,200010,1866,563,0,3
e49930ac-674f-41f7-8ead-2c84161d693d,1,1,36,211,201600,88,8,201899,201811,211,29,0,1
e49930ac-674f-41f7-8ead-2c84161d693d,1,1,37,193,201728,1094,149,203015,201921,193,565,0,2
e49930ac-674f-41f7-8ead-2c84161d693d,1,1,38,209,202880,205,83,203294,203089,209,353,0,1
e49930ac-674f-41f7-8ead-2c84161d693d,1,1,39,209,203264,1188,85,204661,203473,209,406,81,2
e49930ac-674f-41f7-8ead-2c84161d693d,1,1,40,176,204544,608,43,205328,204720,176,194,1999,0
e5f8178b-4e43-4785-a609-d874a0b4c8ff,3,1,1,2836,7936,188,0,10960,10772,2836,0,68,2
e5f8178b-4e43-4785-a609-d874a0b4c8ff,3,1,2,4725,10880,459,232,16064,15605,4725,1070,0,2
e5f8178b-4e43-4785-a609-d874a0b4c8ff,3,1,3,1974,16000,383,199,18357,17974,1974,811,0,2
e5f8178b-4e43-4785-a609-d874a0b4c8ff,3,1,4,1204,18304,450,121,19958,19508,1204,511,0,2
e5f8178b-4e43-4785-a609-d874a0b4c8ff,3,1,5,369,19840,2232,122,22441,20209,369,527,0,3
e5f8178b-4e43-4785-a609-d874a0b4c8ff,3,1,6,1210,22400,1304,933,24914,23610,1210,3708,133,2
e5f8178b-4e43-4785-a609-d874a0b4c8ff,3,1,7,618,24832,332,29,25782,25450,618,126,0,2
e5f8178b-4e43-4785-a609-d874a0b4c8ff,3,1,8,783,25728,292,80,26803,26511,783,327,0,2
e5f8178b-4e43-4785-a609-d874a0b4c8ff,3,1,9,2198,26752,682,475,29632,28950,2198,1975,0,2
e5f8178b-4e43-4785-a609-d874a0b4c8ff,3,1,10,806,29568,737,291,31111,30374,806,1194,0,2
e5f8178b-4e43-4785-a609-d874a0b4c8ff,3,1,11,208,30976,748,141,31932,31184,208,606,0,2
e5f8178b-4e43-4785-a609-d874a0b4c8ff,3,1,12,151,31872,224,28,32247,32023,151,124,0,1
e5f8178b-4e43-4785-a609-d874a0b4c8ff,3,1,13,408,32128,564,35,33100,32536,408,158,0,2
e5f8178b-4e43-4785-a609-d874a0b4c8ff,3,1,14,1295,33024,971,667,35290,34319,1295,2454,0,2
e5f8178b-4e43-4785-a609-d874a0b4c8ff,3,1,15,1756,35200,825,370,37781,36956,1756,1362,0,2
e5f8178b-4e43-4785-a609-d874a0b4c8ff,3,1,16,4110,37760,598,246,42468,41870,4110,1017,0,2
e5f8178b-4e43-4785-a609-d874a0b4c8ff,3,1,17,4721,42368,475,201,47564,47089,4721,732,0,2
e5f8178b-4e43-4785-a609-d874a0b4c8ff,3,1,18,259,47360,132,37,47751,47619,259,155,0,2
e5f8178b-4e43-4785-a609-d874a0b4c8ff,3,1,19,646,47744,394,29,48784,48390,646,121,0,1
e5f8178b-4e43-4785-a609-d874a0b4c8ff,3,1,20,640,48768,817,281,50225,49408,640,1112,0,2
e5f8178b-4e43-4785-a609-d874a0b4c8ff,3,1,21,1131,50176,481,140,51788,51307,1131,555,0,2
e5f8178b-4e43-4785-a609-d874a0b4c8ff,3,1,22,4948,51712,273,102,56933,56660,4948,437,0,2
e5f8178b-4e43-4785-a609-d874a0b4c8ff,3,1,23,277,56832,424,67,57533,57109,277,259,0,2
e5f8178b-4e43-4785-a609-d874a0b4c8ff,3,1,24,151,57472,616,253,58239,57623,151,835,0,2
e5f8178b-4e43-4785-a609-d874a0b4c8ff,3,1,25,1417,58112,616,354,60145,59529,1417,1394,0,1
e5f8178b-4e43-4785-a609-d874a0b4c8ff,3,1,26,252,60032,782,205,61066,60284,252,860,0,2
e5f8178b-4e43-4785-a609-d874a0b4c8ff,3,1,27,1021,61056,566,180,62643,62077,1021,715,0,2
e5f8178b-4e43-4785-a609-d874a0b4c8ff,3,1,28,2280,62592,1219,492,66091,64872,2280,1997,0,2
e5f8178b-4e43-4785-a609-d874a0b4c8ff,3,1,29,1017,66048,747,97,67812,67065,1017,378,0,2
e5f8178b-4e43-4785-a609-d874a0b4c8ff,3,1,30,2236,67712,526,136,70474,69948,2236,629,0,2
e5f8178b-4e43-4785-a609-d874a0b4c8ff,3,1,31,230,70400,1077,529,71707,70630,230,2116,0,2
e5f8178b-4e43-4785-a609-d874a0b4c8ff,3,1,32,223,71680,955,433,72858,71903,223,1772,0,2
e5f8178b-4e43-4785-a609-d874a0b4c8ff,3,1,33,1442,72832,1499,1064,75773,74274,1442,4176,0,2
e5f8178b-4e43-4785-a609-d874a0b4c8ff,3,1,34,208,75648,944,329,76800,75856,208,1302,0,2
e5f8178b-4e43-4785-a609-d874a0b4c8ff,3,1,35,1124,76800,805,333,78729,77924,1124,1412,0,2
e5f8178b-4e43-4785-a609-d874a0b4c8ff,3,1,36,181,78592,666,290,79439,78773,181,1154,0,2
e5f8178b-4e43-4785-a609-d874a0b4c8ff,3,1,37,550,79360,694,532,80604,79910,550,1992,0,3
e5f8178b-4e43-4785-a609-d874a0b4c8ff,3,1,38,244,80512,580,148,81336,80756,244,630,0,1
e5f8178b-4e43-4785-a609-d874a0b4c8ff,3,1,39,1396,81280,493,225,83169,82676,1396,826,0,2
e5f8178b-4e43-4785-a609-d874a0b4c8ff,3,1,40,2387,83072,731,304,86190,85459,2387,1283,0,2
e5f8178b-4e43-4785-a609-d874a0b4c8ff,3,1,41,618,86144,530,340,87292,86762,618,1343,0,2
e5f8178b-4e43-4785-a609-d874a0b4c8ff,3,1,42,7546,87168,771,420,95485,94714,7546,1673,0,2
e5f8178b-4e43-4785-a609-d874a0b4c8ff,3,1,43,475,95360,694,311,96529,95835,475,1296,0,2
e5f8178b-4e43-4785-a609-d874a0b4c8ff,3,1,44,2427,96512,1414,1180,100353,98939,2427,4919,0,3
e5f8178b-4e43-4785-a609-d874a0b4c8ff,3,1,45,6641,100352,513,228,107506,106993,6641,1024,0,2
e5f8178b-4e43-4785-a609-d874a0b4c8ff,3,1,46,3506,107392,1654,1208,112552,110898,3506,4679,0,2
e5f8178b-4e43-4785-a609-d874a0b4c8ff,3,1,47,1327,112512,691,343,114530,113839,1327,1307,0,2
e5f8178b-4e43-4785-a609-d874a0b4c8ff,3,1,48,1131,114432,766,256,116329,115563,1131,1100,0,2
e5f8178b-4e43-4785-a609-d874a0b4c8ff,3,1,49,651,116224,523,286,117398,116875,651,1140,0,2
e5f8178b-4e43-4785-a609-d874a0b4c8ff,3,1,50,1295,117376,783,243,119454,118671,1295,922,0,2
e5f8178b-4e43-4785-a609-d874a0b4c8ff,3,1,51,3658,119424,4006,3373,127088,123082,3658,12232,80,2
e5f8178b-4e43-4785-a609-d874a0b4c8ff,3,1,52,325,126976,764,362,128065,127301,325,1342,0,1
e5f8178b-4e43-4785-a609-d874a0b4c8ff,3,1,53,155,128000,523,342,128678,128155,155,1448,0,1
e5f8178b-4e43-4785-a609-d874a0b4c8ff,3,1,54,348,128640,4890,160,133878,128988,348,652,0,1
e5f8178b-4e43-4785-a609-d874a0b4c8ff,3,1,55,175,133760,277,77,134212,133935,175,307,0,1
e5f8178b-4e43-4785-a609-d874a0b4c8ff,3,1,56,348,134144,3954,80,138446,134492,348,328,67,1
e5f8178b-4e43-4785-a609-d874a0b4c8ff,3,1,57,135,138368,139,53,138642,138503,135,206,0,1
e5f8178b-4e43-4785-a609-d874a0b4c8ff,3,1,58,168,138496,3943,127,142607,138664,168,496,0,1
e5f8178b-4e43-4785-a609-d874a0b4c8ff,3,1,59,200,142464,96,0,142760,142664,200,0,0,1
e5f8178b-4e43-4785-a609-d874a0b4c8ff,3,1,60,221,142592,555,398,143368,142813,221,1522,0,1
e5f8178b-4e43-4785-a609-d874a0b4c8ff,3,1,61,169,143232,3909,214,147310,143401,169,848,0,1
e5f8178b-4e43-4785-a609-d874a0b4c8ff,3,1,62,167,147200,96,0,147463,147367,167,0,0,1
e5f8178b-4e43-4785-a609-d874a0b4c8ff,3,1,63,261,147328,815,570,148404,147589,261,2339,0,1
e5f8178b-4e43-4785-a609-d874a0b4c8ff,3,1,64,223,148224,273,28,148720,148447,223,131,0,1
e5f8178b-4e43-4785-a609-d874a0b4c8ff,3,1,65,155,148608,379,0,149142,148763,155,0,40,1
e5f8178b-4e43-4785-a609-d874a0b4c8ff,3,1,66,193,148992,388,0,149573,149185,193,0,0,1
e5f8178b-4e43-4785-a609-d874a0b4c8ff,3,1,67,240,149376,195,78,149811,149616,240,358,0,1
e5f8178b-4e43-4785-a609-d874a0b4c8ff,3,1,68,3320,149760,172,60,153252,153080,3320,248,0,1
e5f8178b-4e43-4785-a609-d874a0b4c8ff,3,1,69,188,153088,973,0,154249,153276,188,0,0,1
e5f8178b-4e43-4785-a609-d874a0b4c8ff,3,1,70,177,154112,587,0,154876,154289,177,0,2170,0
e6d543ab-0b19-4bf2-b18f-38035131a688,3,1,1,2977,7936,162,0,11075,10913,2977,0,99,2
e6d543ab-0b19-4bf2-b18f-38035131a688,3,1,2,4701,11008,225,78,15934,15709,4701,293,0,2
e6d543ab-0b19-4bf2-b18f-38035131a688,3,1,3,2613,15872,629,105,19114,18485,2613,397,0,2
e6d543ab-0b19-4bf2-b18f-38035131a688,3,1,4,224,18944,413,146,19581,19168,224,495,0,2
e6d543ab-0b19-4bf2-b18f-38035131a688,3,1,5,290,19456,835,131,20581,19746,290,438,0,2
e6d543ab-0b19-4bf2-b18f-38035131a688,3,1,6,607,20480,513,131,21600,21087,607,499,0,1
e6d543ab-0b19-4bf2-b18f-38035131a688,3,1,7,412,21504,499,30,22415,21916,412,94,0,2
e6d543ab-0b19-4bf2-b18f-38035131a688,3,1,8,805,22400,1395,716,24600,23205,805,2734,0,2
e6d543ab-0b19-4bf2-b18f-38035131a688,3,1,9,196,24448,7645,3031,32289,24644,196,11259,127,3
e6d543ab-0b19-4bf2-b18f-38035131a688,3,1,10,4193,28160,1498,755,33851,32353,4193,2405,110,1
e6d543ab-0b19-4bf2-b18f-38035131a688,3,1,11,201,33664,470,60,34335,33865,201,250,0,1
e6d543ab-0b19-4bf2-b18f-38035131a688,3,1,12,690,34304,450,36,35444,34994,690,148,0,1
e6d543ab-0b19-4bf2-b18f-38035131a688,3,1,13,1557,35328,2478,1292,39363,36885,1557,4411,0,1
e6d543ab-0b19-4bf2-b18f-38035131a688,3,1,14,224,39168,473,41,39865,39392,224,188,0,2
e6d543ab-0b19-4bf2-b18f-38035131a688,3,1,15,5365,39808,803,213,45976,45173,5365,829,0,2
e6d543ab-0b19-4bf2-b18f-38035131a688,3,1,16,1926,45952,1372,1154,49250,47878,1926,3770,0,1
e6d543ab-0b19-4bf2-b18f-38035131a688,3,1,17,1380,49152,1416,735,51948,50532,1380,2809,0,2
e6d543ab-0b19-4bf2-b18f-38035131a688,3,1,18,1429,51840,1137,595,54406,53269,1429,2094,0,2
e6d543ab-0b19-4bf2-b18f-38035131a688,3,1,19,1307,54400,2913,1895,58620,55707,1307,6553,0,1
e6d543ab-0b19-4bf2-b18f-38035131a688,3,1,20,269,58496,547,225,59312,58765,269,628,0,2
e6d543ab-0b19-4bf2-b18f-38035131a688,3,1,21,7887,59264,346,230,67497,67151,7887,1033,0,1
e6d543ab-0b19-4bf2-b18f-38035131a688,3,1,22,1337,67456,1174,677,69967,68793,1337,2246,0,2
e6d543ab-0b19-4bf2-b18f-38035131a688,3,1,23,1303,69888,938,432,72129,71191,1303,1603,0,2
e6d543ab-0b19-4bf2-b18f-38035131a688,3,1,24,475,72064,1190,545,73729,72539,475,2039,0,2
e6d543ab-0b19-4bf2-b18f-38035131a688,3,1,25,986,73728,1836,1417,76550,74714,986,4611,0,2
e6d543ab-0b19-4bf2-b18f-38035131a688,3,1,26,2773,76544,2505,1312,81822,79317,2773,4635,0,2
e6d543ab-0b19-4bf2-b18f-38035131a688,3,1,27,199,81792,315,147,82306,81991,199,622,0,1
e6d543ab-0b19-4bf2-b18f-38035131a688,3,1,28,1362,82304,463,297,84129,83666,1362,1249,0,1
e6d543ab-0b19-4bf2-b18f-38035131a688,3,1,29,755,84096,375,129,85226,84851,755,418,0,2
e6d543ab-0b19-4bf2-b18f-38035131a688,3,1,30,2473,85120,218,53,87811,87593,2473,217,0,1
e6d543ab-0b19-4bf2-b18f-38035131a688,3,1,31,850,87808,815,388,89473,88658,850,1482,0,2
e6d543ab-0b19-4bf2-b18f-38035131a688,3,1,32,1700,89472,1502,1343,92674,91172,1700,5061,0,1
e6d543ab-0b19-4bf2-b18f-38035131a688,3,1,33,1786,92672,220,122,94678,94458,1786,501,0,1
e6d543ab-0b19-4bf2-b18f-38035131a688,3,1,34,3881,94592,1560,771,100033,98473,3881,2969,0,2
e6d543ab-0b19-4bf2-b18f-38035131a688,3,1,35,1014,99968,469,371,101451,100982,1014,1355,0,2
e6d543ab-0b19-4bf2-b18f-38035131a688,3,1,36,5950,101376,909,551,108235,107326,5950,2129,0,1
e6d543ab-0b19-4bf2-b18f-38035131a688,3,1,37,1385,107648,1151,423,110184,109033,1385,1677,0,2
e6d543ab-0b19-4bf2-b18f-38035131a688,3,1,38,1043,110080,1767,1176,112890,111123,1043,4367,0,2
e6d543ab-0b19-4bf2-b18f-38035131a688,3,1,39,1719,112768,932,623,115419,114487,1719,2230,0,2
e6d543ab-0b19-4bf2-b18f-38035131a688,3,1,40,8233,115328,1014,392,124575,123561,8233,1542,0,2
e6d543ab-0b19-4bf2-b18f-38035131a688,3,1,41,1834,124544,703,377,127081,126378,1834,1405,0,2
e6d543ab-0b19-4bf2-b18f-38035131a688,3,1,42,7390,126976,399,96,134765,134366,7390,333,0,2
e6d543ab-0b19-4bf2-b18f-38035131a688,3,1,43,4741,134656,861,343,140258,139397,4741,1333,0,2
e6d543ab-0b19-4bf2-b18f-38035131a688,3,1,44,1246,139776,1265,796,142287,141022,1246,3049,0,2
e6d543ab-0b19-4bf2-b18f-38035131a688,3,1,45,2732,142208,599,301,145539,144940,2732,1283,0,2
e6d543ab-0b19-4bf2-b18f-38035131a688,3,1,46,241,145536,468,65,146245,145777,241,269,0,2
e6d543ab-0b19-4bf2-b18f-38035131a688,3,1,47,3163,146176,270,101,149609,149339,3163,360,0,1
e6d543ab-0b19-4bf2-b18f-38035131a688,3,1,48,788,149504,596,263,150888,150292,788,1213,0,2
e6d543ab-0b19-4bf2-b18f-38035131a688,3,1,49,3098,150784,744,320,154626,153882,3098,1282,0,2
e6d543ab-0b19-4bf2-b18f-38035131a688,3,1,50,819,154624,510,142,155953,155443,819,557,0,2
e6d543ab-0b19-4bf2-b18f-38035131a688,3,1,51,978,155904,513,223,157395,156882,978,885,0,2
e6d543ab-0b19-4bf2-b18f-38035131a688,3,1,52,323,157312,439,202,158074,157635,323,771,0,2
e6d543ab-0b19-4bf2-b18f-38035131a688,3,1,53,860,157952,2648,2224,161460,158812,860,7481,0,2
e6d543ab-0b19-4bf2-b18f-38035131a688,3,1,54,3698,161408,745,266,165851,165106,3698,947,0,2
e6d543ab-0b19-4bf2-b18f-38035131a688,3,1,55,2353,165760,422,165,168535,168113,2353,639,0,1
e6d543ab-0b19-4bf2-b18f-38035131a688,3,1,56,1209,168448,343,154,170000,169657,1209,658,0,1
e6d543ab-0b19-4bf2-b18f-38035131a688,3,1,57,1167,169984,3036,2734,174187,171151,1167,12732,0,2
e6d543ab-0b19-4bf2-b18f-38035131a688,3,1,58,608,174080,15102,675,189790,174688,608,2592,58,1
e6d543ab-0b19-4bf2-b18f-38035131a688,3,1,59,154,189696,432,188,190282,189850,154,730,0,1
e6d543ab-0b19-4bf2-b18f-38035131a688,3,1,60,205,190208,1642,1541,192055,190413,205,5878,0,1
e6d543ab-0b19-4bf2-b18f-38035131a688,3,1,61,210,191872,1679,8,193761,192082,210,35,0,1
e6d543ab-0b19-4bf2-b18f-38035131a688,3,1,62,134,193664,276,16,194074,193798,134,72,0,1
e6d543ab-0b19-4bf2-b18f-38035131a688,3,1,63,182,193920,599,0,194701,194102,182,0,2474,0
e7ffd16b-4bd4-497b-8ecb-6dbf531dcd45,3,1,1,3150,7936,160,0,11246,11086,3150,0,85,2
e7ffd16b-4bd4-497b-8ecb-6dbf531dcd45,3,1,2,1470,11136,175,39,12781,12606,1470,166,70,2
e7ffd16b-4bd4-497b-8ecb-6dbf531dcd45,3,1,3,868,12672,343,24,13883,13540,868,122,0,2
e7ffd16b-4bd4-497b-8ecb-6dbf531dcd45,3,1,4,13875,13824,565,188,28264,27699,13875,875,81,2
e7ffd16b-4bd4-497b-8ecb-6dbf531dcd45,3,1,5,6968,28160,488,45,35616,35128,6968,208,0,2
e7ffd16b-4bd4-497b-8ecb-6dbf531dcd45,3,1,6,6396,35584,915,184,42895,41980,6396,880,102,2
e7ffd16b-4bd4-497b-8ecb-6dbf531dcd45,3,1,7,155,42880,324,44,43359,43035,155,223,0,1
e7ffd16b-4bd4-497b-8ecb-6dbf531dcd45,3,1,8,259,43136,355,42,43750,43395,259,204,0,2
e7ffd16b-4bd4-497b-8ecb-6dbf531dcd45,3,1,9,801,43648,220,62,44669,44449,801,300,0,1
e7ffd16b-4bd4-497b-8ecb-6dbf531dcd45,3,1,10,1981,44544,532,36,47057,46525,1981,161,59,1
e7ffd16b-4bd4-497b-8ecb-6dbf531dcd45,3,1,11,1491,46976,1057,129,49524,48467,1491,572,78,2
e7ffd16b-4bd4-497b-8ecb-6dbf531dcd45,3,1,12,2346,49408,134,12,51888,51754,2346,50,0,1
e7ffd16b-4bd4-497b-8ecb-6dbf531dcd45,3,1,13,4785,51840,408,123,57033,56625,4785,597,0,2
e7ffd16b-4bd4-497b-8ecb-6dbf531dcd45,3,1,14,5576,56960,824,227,63360,62536,5576,1026,0,2
e7ffd16b-4bd4-497b-8ecb-6dbf531dcd45,3,1,15,363,63360,323,19,64046,63723,363,88,0,2
e7ffd16b-4bd4-497b-8ecb-6dbf531dcd45,3,1,16,2783,64000,467,108,67250,66783,2783,543,0,2
e7ffd16b-4bd4-497b-8ecb-6dbf531dcd45,3,1,17,2348,67200,354,73,69902,69548,2348,345,0,2
e7ffd16b-4bd4-497b-8ecb-6dbf531dcd45,3,1,18,1145,69888,374,59,71407,71033,1145,300,0,2
e7ffd16b-4bd4-497b-8ecb-6dbf531dcd45,3,1,19,2128,71296,511,151,73935,73424,2128,727,0,2
e7ffd16b-4bd4-497b-8ecb-6dbf531dcd45,3,1,20,2102,73856,614,120,76572,75958,2102,634,0,2
e7ffd16b-4bd4-497b-8ecb-6dbf531dcd45,3,1,21,528,76544,130,43,77202,77072,528,203,0,1
e7ffd16b-4bd4-497b-8ecb-6dbf531dcd45,3,1,22,154,77184,537,25,77875,77338,154,112,0,1
e7ffd16b-4bd4-497b-8ecb-6dbf531dcd45,3,1,23,2306,77824,794,327,80924,80130,2306,1731,0,2
e7ffd16b-4bd4-497b-8ecb-6dbf531dcd45,3,1,24,370,80896,421,123,81687,81266,370,594,0,1
e7ffd16b-4bd4-497b-8ecb-6dbf531dcd45,3,1,25,195,81536,331,69,82062,81731,195,330,0,2
e7ffd16b-4bd4-497b-8ecb-6dbf531dcd45,3,1,26,538,82048,218,52,82804,82586,538,254,0,1
e7ffd16b-4bd4-497b-8ecb-6dbf531dcd45,3,1,27,1070,82688,7371,205,91129,83758,1070,918,48,1
e7ffd16b-4bd4-497b-8ecb-6dbf531dcd45,3,1,28,174,91008,181,38,91363,91182,174,166,66,1
e7ffd16b-4bd4-497b-8ecb-6dbf531dcd45,3,1,29,1271,91264,375,57,92910,92535,1271,272,91,2
e7ffd16b-4bd4-497b-8ecb-6dbf531dcd45,3,1,30,756,92800,410,121,93966,93556,756,614,88,2
e7ffd16b-4bd4-497b-8ecb-6dbf531dcd45,3,1,31,1137,93952,375,123,95464,95089,1137,583,0,2
e7ffd16b-4bd4-497b-8ecb-6dbf531dcd45,3,1,32,1615,95360,1092,213,98067,96975,1615,1081,55,1
e7ffd16b-4bd4-497b-8ecb-6dbf531dcd45,3,1,33,186,97920,627,114,98733,98106,186,501,0,1
e7ffd16b-4bd4-497b-8ecb-6dbf531dcd45,3,1,34,212,98560,586,66,99358,98772,212,281,0,1
e7ffd16b-4bd4-497b-8ecb-6dbf531dcd45,3,1,35,197,99200,192,0,99589,99397,197,0,0,1
e7ffd16b-4bd4-497b-8ecb-6dbf531dcd45,3,1,36,172,99456,766,0,100394,99628,172,0,0,1
e7ffd16b-4bd4-497b-8ecb-6dbf531dcd45,3,1,37,209,100224,552,43,100985,100433,209,204,0,1
e7ffd16b-4bd4-497b-8ecb-6dbf531dcd45,3,1,38,160,100864,122,0,101146,101024,160,0,0,1
e7ffd16b-4bd4-497b-8ecb-6dbf531dcd45,3,1,39,510,101120,367,64,101997,101630,510,291,0,1
e7ffd16b-4bd4-497b-8ecb-6dbf531dcd45,3,1,40,148,101888,170,0,102206,102036,148,0,0,1
e7ffd16b-4bd4-497b-8ecb-6dbf531dcd45,3,1,41,233,102016,136,21,102385,102249,233,115,0,1
e7ffd16b-4bd4-497b-8ecb-6dbf531dcd45,3,1,42,1525,102272,149,43,103946,103797,1525,192,0,1
e7ffd16b-4bd4-497b-8ecb-6dbf531dcd45,3,1,43,594,103936,117,30,104647,104530,594,127,0,1
e7ffd16b-4bd4-497b-8ecb-6dbf531dcd45,3,1,44,1506,104576,1678,43,107760,106082,1506,217,64,1
e7ffd16b-4bd4-497b-8ecb-6dbf531dcd45,3,1,45,149,107648,99,0,107896,107797,149,0,0,1
e7ffd16b-4bd4-497b-8ecb-6dbf531dcd45,3,1,46,141,107776,463,0,108380,107917,141,0,1775,0
e88833f3-45c6-4e44-bab5-b0ee7c154093,3,1,1,2951,7936,194,0,11081,10887,2951,0,90,2
e88833f3-45c6-4e44-bab5-b0ee7c154093,3,1,2,2335,11008,254,65,13597,13343,2335,313,95,2
e88833f3-45c6-4e44-bab5-b0ee7c154093,3,1,3,439,13568,2149,39,16156,14007,439,194,80,3
e88833f3-45c6-4e44-bab5-b0ee7c154093,3,1,4,210,16000,380,61,16590,16210,210,269,90,3
e88833f3-45c6-4e44-bab5-b0ee7c154093,3,1,5,6991,16512,465,168,23968,23503,6991,759,73,3
e88833f3-45c6-4e44-bab5-b0ee7c154093,3,1,6,845,23936,361,64,25142,24781,845,268,0,3
e88833f3-45c6-4e44-bab5-b0ee7c154093,3,1,7,3112,25088,298,47,28498,28200,3112,195,95,2
e88833f3-45c6-4e44-bab5-b0ee7c154093,3,1,8,1595,28416,305,68,30316,30011,1595,284,63,2
e88833f3-45c6-4e44-bab5-b0ee7c154093,3,1,9,1442,30208,425,62,32075,31650,1442,251,108,2
e88833f3-45c6-4e44-bab5-b0ee7c154093,3,1,10,5547,32000,553,99,38100,37547,5547,469,65,3
e88833f3-45c6-4e44-bab5-b0ee7c154093,3,1,11,1979,38016,525,200,40520,39995,1979,968,80,2
e88833f3-45c6-4e44-bab5-b0ee7c154093,3,1,12,386,40448,183,17,41017,40834,386,71,0,1
e88833f3-45c6-4e44-bab5-b0ee7c154093,3,1,13,1310,40960,372,160,42642,42270,1310,733,0,2
e88833f3-45c6-4e44-bab5-b0ee7c154093,3,1,14,758,42624,557,117,43939,43382,758,621,143,2
e88833f3-45c6-4e44-bab5-b0ee7c154093,3,1,15,2484,43904,530,106,46918,46388,2484,512,70,3
e88833f3-45c6-4e44-bab5-b0ee7c154093,3,1,16,760,46848,601,65,48209,47608,760,295,56,3
e88833f3-45c6-4e44-bab5-b0ee7c154093,3,1,17,217,48128,641,95,48986,48345,217,464,0,2
e88833f3-45c6-4e44-bab5-b0ee7c154093,3,1,18,953,48896,517,47,50366,49849,953,236,0,2
e88833f3-45c6-4e44-bab5-b0ee7c154093,3,1,19,174,50304,567,32,51045,50478,174,170,0,2
e88833f3-45c6-4e44-bab5-b0ee7c154093,3,1,20,1064,50944,540,124,52548,52008,1064,593,85,2
e88833f3-45c6-4e44-bab5-b0ee7c154093,3,1,21,1812,52096,435,102,54343,53908,1812,536,0,2
e88833f3-45c6-4e44-bab5-b0ee7c154093,3,1,22,2555,54272,761,133,57588,56827,2555,706,64,3
e88833f3-45c6-4e44-bab5-b0ee7c154093,3,1,23,2717,57472,470,119,60659,60189,2717,550,76,2
e88833f3-45c6-4e44-bab5-b0ee7c154093,3,1,24,463,60544,236,16,61243,61007,463,69,0,1
e88833f3-45c6-4e44-bab5-b0ee7c154093,3,1,25,222,61056,155,43,61433,61278,222,200,0,1
e88833f3-45c6-4e44-bab5-b0ee7c154093,3,1,26,163,61312,219,42,61694,61475,163,158,0,1
e88833f3-45c6-4e44-bab5-b0ee7c154093,3,1,27,717,61568,278,29,62563,62285,717,140,79,1
e88833f3-45c6-4e44-bab5-b0ee7c154093,3,1,28,2594,62464,287,105,65345,65058,2594,511,64,1
e88833f3-45c6-4e44-bab5-b0ee7c154093,3,1,29,234,65152,263,62,65649,65386,234,287,0,1
e88833f3-45c6-4e44-bab5-b0ee7c154093,3,1,30,765,65536,356,54,66657,66301,765,248,70,2
e88833f3-45c6-4e44-bab5-b0ee7c154093,3,1,31,41097,66560,440,129,108097,107657,41097,585,68,2
e88833f3-45c6-4e44-bab5-b0ee7c154093,3,1,32,3521,108032,512,134,112065,111553,3521,648,0,2
e88833f3-45c6-4e44-bab5-b0ee7c154093,3,1,33,175,112000,632,109,112807,112175,175,543,0,2
e88833f3-45c6-4e44-bab5-b0ee7c154093,3,1,34,239,112768,406,71,113413,113007,239,367,0,1
e88833f3-45c6-4e44-bab5-b0ee7c154093,3,1,35,210,113280,280,33,113770,113490,210,151,0,2
e88833f3-45c6-4e44-bab5-b0ee7c154093,3,1,36,671,113664,617,170,114952,114335,671,901,0,2
e88833f3-45c6-4e44-bab5-b0ee7c154093,3,1,37,189,114944,511,166,115644,115133,189,796,0,2
e88833f3-45c6-4e44-bab5-b0ee7c154093,3,1,38,49552,115584,599,84,165735,165136,49552,403,70,2
e88833f3-45c6-4e44-bab5-b0ee7c154093,3,1,39,14113,165632,448,115,180193,179745,14113,594,73,2
e88833f3-45c6-4e44-bab5-b0ee7c154093,3,1,40,3181,180096,828,173,184105,183277,3181,936,73,2
e88833f3-45c6-4e44-bab5-b0ee7c154093,3,1,41,656,184064,508,74,185228,184720,656,347,0,2
e88833f3-45c6-4e44-bab5-b0ee7c154093,3,1,42,224,185088,527,114,185839,185312,224,580,68,2
e88833f3-45c6-4e44-bab5-b0ee7c154093,3,1,43,2426,185728,339,143,188493,188154,2426,674,0,2
e88833f3-45c6-4e44-bab5-b0ee7c154093,3,1,44,1792,188416,413,53,190621,190208,1792,268,0,2
e88833f3-45c6-4e44-bab5-b0ee7c154093,3,1,45,2507,190592,529,67,193628,193099,2507,351,0,2
e88833f3-45c6-4e44-bab5-b0ee7c154093,3,1,46,197,193536,4873,960,198606,193733,197,3893,74,1
e88833f3-45c6-4e44-bab5-b0ee7c154093,3,1,47,765,198528,511,50,199804,199293,765,223,134,2
e88833f3-45c6-4e44-bab5-b0ee7c154093,3,1,48,1367,199680,447,180,201494,201047,1367,863,101,2
e88833f3-45c6-4e44-bab5-b0ee7c154093,3,1,49,6253,201472,782,260,208507,207725,6253,1294,132,2
e88833f3-45c6-4e44-bab5-b0ee7c154093,3,1,50,1033,208384,650,131,210067,209417,1033,727,0,2
e88833f3-45c6-4e44-bab5-b0ee7c154093,3,1,51,193,209920,4755,198,214868,210113,193,998,78,1
e88833f3-45c6-4e44-bab5-b0ee7c154093,3,1,52,144,214784,191,85,215119,214928,144,391,0,1
e88833f3-45c6-4e44-bab5-b0ee7c154093,3,1,53,146,215040,3579,143,218765,215186,146,789,141,1
e88833f3-45c6-4e44-bab5-b0ee7c154093,3,1,54,201,218624,89,0,218914,218825,201,0,0,1
e88833f3-45c6-4e44-bab5-b0ee7c154093,3,1,55,191,218752,3195,68,222138,218943,191,322,48,1
e88833f3-45c6-4e44-bab5-b0ee7c154093,3,1,56,246,221952,88,0,222286,222198,246,0,0,1
e88833f3-45c6-4e44-bab5-b0ee7c154093,3,1,57,235,222080,2384,62,224699,222315,235,271,0,1
e88833f3-45c6-4e44-bab5-b0ee7c154093,3,1,58,233,224512,2200,0,226945,224745,233,0,0,1
e88833f3-45c6-4e44-bab5-b0ee7c154093,3,1,59,175,226816,88,0,227079,226991,175,0,0,1
e88833f3-45c6-4e44-bab5-b0ee7c154093,3,1,60,164,226944,181,83,227289,227108,164,408,0,1
e88833f3-45c6-4e44-bab5-b0ee7c154093,3,1,61,1303,227200,2130,72,230633,228503,1303,365,0,1
e88833f3-45c6-4e44-bab5-b0ee7c154093,3,1,62,151,230528,139,41,230818,230679,151,185,0,1
e88833f3-45c6-4e44-bab5-b0ee7c154093,3,1,63,1639,230784,2055,50,234478,232423,1639,253,0,1
e88833f3-45c6-4e44-bab5-b0ee7c154093,3,1,64,156,234368,87,0,234611,234524,156,0,0,1
e88833f3-45c6-4e44-bab5-b0ee7c154093,3,1,65,144,234496,3191,130,237831,234640,144,538,0,1
e88833f3-45c6-4e44-bab5-b0ee7c154093,3,1,66,195,237696,88,0,237979,237891,195,0,0,1
e88833f3-45c6-4e44-bab5-b0ee7c154093,3,1,67,184,237824,3083,55,241091,238008,184,249,0,1
e88833f3-45c6-4e44-bab5-b0ee7c154093,3,1,68,255,240896,239,94,241390,241151,255,496,0,1
e88833f3-45c6-4e44-bab5-b0ee7c154093,3,1,69,308,241280,147,37,241735,241588,308,158,0,1
e88833f3-45c6-4e44-bab5-b0ee7c154093,3,1,70,226,241536,1780,0,243542,241762,226,0,0,1
e88833f3-45c6-4e44-bab5-b0ee7c154093,3,1,71,257,243328,630,0,244215,243585,257,0,2462,0
e8b3050c-765a-4f10-9bae-9fcc012336ae,2,1,1,2905,7936,212,0,11053,10841,2905,0,86,2
e8b3050c-765a-4f10-9bae-9fcc012336ae,2,1,2,2424,11008,1025,591,14457,13432,2424,2487,100,4
e8b3050c-765a-4f10-9bae-9fcc012336ae,2,1,3,13069,14336,835,348,28240,27405,13069,1332,52,4
e8b3050c-765a-4f10-9bae-9fcc012336ae,2,1,4,7930,28160,4426,1634,40516,36090,7930,6395,102,4
e8b3050c-765a-4f10-9bae-9fcc012336ae,2,1,5,695,40448,749,490,41892,41143,695,1769,91,4
e8b3050c-765a-4f10-9bae-9fcc012336ae,2,1,6,3760,41856,827,468,46443,45616,3760,1778,0,2
e8b3050c-765a-4f10-9bae-9fcc012336ae,2,1,7,2325,46336,536,225,49197,48661,2325,893,0,3
e8b3050c-765a-4f10-9bae-9fcc012336ae,2,1,8,2930,49152,1278,727,53360,52082,2930,2914,0,4
e8b3050c-765a-4f10-9bae-9fcc012336ae,2,1,9,11358,53248,1327,612,65933,64606,11358,2309,95,4
e8b3050c-765a-4f10-9bae-9fcc012336ae,2,1,10,5440,65920,822,346,72182,71360,5440,1387,73,4
e8b3050c-765a-4f10-9bae-9fcc012336ae,2,1,11,9681,72064,1041,420,82786,81745,9681,1511,91,4
e8b3050c-765a-4f10-9bae-9fcc012336ae,2,1,12,50188,82688,1338,721,134214,132876,50188,2813,0,4
e8b3050c-765a-4f10-9bae-9fcc012336ae,2,1,13,12899,134144,994,334,148037,147043,12899,1325,76,3
e8b3050c-765a-4f10-9bae-9fcc012336ae,2,1,14,1052,147968,960,518,149980,149020,1052,1836,0,4
e8b3050c-765a-4f10-9bae-9fcc012336ae,2,1,15,10736,149888,150,109,160774,160624,10736,349,0,1
e8b3050c-765a-4f10-9bae-9fcc012336ae,2,1,16,316,160768,759,425,161843,161084,316,1771,0,3
e8b3050c-765a-4f10-9bae-9fcc012336ae,2,1,17,5871,161792,1004,694,168667,167663,5871,2477,0,3
e8b3050c-765a-4f10-9bae-9fcc012336ae,2,1,18,11749,168576,704,322,181029,180325,11749,1125,0,2
e8b3050c-765a-4f10-9bae-9fcc012336ae,2,1,19,5267,180992,344,118,186603,186259,5267,436,64,2
e8b3050c-765a-4f10-9bae-9fcc012336ae,2,1,20,3198,186496,659,392,190353,189694,3198,1362,0,3
e8b3050c-765a-4f10-9bae-9fcc012336ae,2,1,21,2698,190336,1002,683,194036,193034,2698,2610,0,3
e8b3050c-765a-4f10-9bae-9fcc012336ae,2,1,22,6922,193920,1114,755,201956,200842,6922,3210,0,1
e8b3050c-765a-4f10-9bae-9fcc012336ae,2,1,23,487,201856,567,436,202910,202343,487,1831,0,1
e8b3050c-765a-4f10-9bae-9fcc012336ae,2,1,24,4192,202880,585,343,207657,207072,4192,1421,0,2
e8b3050c-765a-4f10-9bae-9fcc012336ae,2,1,25,2488,207616,347,225,210451,210104,2488,838,0,1
e8b3050c-765a-4f10-9bae-9fcc012336ae,2,1,26,1652,210432,204,99,212288,212084,1652,355,0,2
e8b3050c-765a-4f10-9bae-9fcc012336ae,2,1,27,619,212224,412,228,213255,212843,619,884,79,4
e8b3050c-765a-4f10-9bae-9fcc012336ae,2,1,28,9954,213248,803,296,224005,223202,9954,1218,0,2
e8b3050c-765a-4f10-9bae-9fcc012336ae,2,1,29,699,224000,720,258,225419,224699,699,1052,0,2
e8b3050c-765a-4f10-9bae-9fcc012336ae,2,1,30,620,225408,231,208,226259,226028,620,831,0,1
e8b3050c-765a-4f10-9bae-9fcc012336ae,2,1,31,198,226176,458,142,226832,226374,198,577,0,1
e8b3050c-765a-4f10-9bae-9fcc012336ae,2,1,32,370,226816,7428,2462,234614,227186,370,9851,109,1
e8b3050c-765a-4f10-9bae-9fcc012336ae,2,1,33,172,234496,386,118,235054,234668,172,460,0,2
e8b3050c-765a-4f10-9bae-9fcc012336ae,2,1,34,290,235008,394,127,235692,235298,290,507,0,1
e8b3050c-765a-4f10-9bae-9fcc012336ae,2,1,35,195,235520,296,94,236011,235715,195,370,0,1
e8b3050c-765a-4f10-9bae-9fcc012336ae,2,1,36,613,235904,318,118,236835,236517,613,406,0,1
e8b3050c-765a-4f10-9bae-9fcc012336ae,2,1,37,137,236800,295,98,237232,236937,137,378,0,1
e8b3050c-765a-4f10-9bae-9fcc012336ae,2,1,38,314,237184,246,77,237744,237498,314,307,0,1
e8b3050c-765a-4f10-9bae-9fcc012336ae,2,1,39,138,237696,352,89,238186,237834,138,378,0,1
e8b3050c-765a-4f10-9bae-9fcc012336ae,2,1,40,662,238080,975,121,239717,238742,662,485,98,3
e8b3050c-765a-4f10-9bae-9fcc012336ae,2,1,41,213,239616,198,76,240027,239829,213,309,0,2
e8b3050c-765a-4f10-9bae-9fcc012336ae,2,1,42,610,240000,4448,207,245058,240610,610,829,68,1
e8b3050c-765a-4f10-9bae-9fcc012336ae,2,1,43,248,244864,150,37,245262,245112,248,134,0,2
e8b3050c-765a-4f10-9bae-9fcc012336ae,2,1,44,297,245248,1349,164,246894,245545,297,611,0,3
e8b3050c-765a-4f10-9bae-9fcc012336ae,2,1,45,222,246784,258,133,247264,247006,222,617,0,1
e8b3050c-765a-4f10-9bae-9fcc012336ae,2,1,46,684,247168,739,463,248591,247852,684,2112,77,1
e8b3050c-765a-4f10-9bae-9fcc012336ae,2,1,47,161,248576,1067,345,249804,248737,161,1552,93,2
e8b3050c-765a-4f10-9bae-9fcc012336ae,2,1,48,152,249728,300,277,250180,249880,152,1336,0,1
e8b3050c-765a-4f10-9bae-9fcc012336ae,2,1,49,183,250112,134,58,250429,250295,183,278,0,1
e8b3050c-765a-4f10-9bae-9fcc012336ae,2,1,50,3128,250368,399,203,253895,253496,3128,895,156,3
e8b3050c-765a-4f10-9bae-9fcc012336ae,2,1,51,256,253824,152,71,254232,254080,256,305,0,1
e8b3050c-765a-4f10-9bae-9fcc012336ae,2,1,52,227,254080,1072,49,255379,254307,227,232,0,1
e8b3050c-765a-4f10-9bae-9fcc012336ae,2,1,53,187,255232,829,25,256248,255419,187,111,3281,0
ea5b5eba-bb5c-4abc-a533-fa3166962e11,3,1,1,3429,7936,187,0,11552,11365,3429,0,60,2
ea5b5eba-bb5c-4abc-a533-fa3166962e11,3,1,2,2051,11520,226,40,13797,13571,2051,202,0,2
ea5b5eba-bb5c-4abc-a533-fa3166962e11,3,1,3,4635,13696,722,411,19053,18331,4635,1690,0,2
ea5b5eba-bb5c-4abc-a533-fa3166962e11,3,1,4,1144,18944,3697,15,23785,20088,1144,66,0,4
ea5b5eba-bb5c-4abc-a533-fa3166962e11,3,1,5,1590,23680,763,382,26033,25270,1590,1455,128,1
ea5b5eba-bb5c-4abc-a533-fa3166962e11,3,1,6,191,25856,270,0,26317,26047,191,0,0,2
ea5b5eba-bb5c-4abc-a533-fa3166962e11,3,1,7,2861,26240,446,160,29547,29101,2861,725,0,2
ea5b5eba-bb5c-4abc-a533-fa3166962e11,3,1,8,2916,29440,587,489,32943,32356,2916,1816,0,1
ea5b5eba-bb5c-4abc-a533-fa3166962e11,3,1,9,1750,32896,130,27,34776,34646,1750,100,0,1
ea5b5eba-bb5c-4abc-a533-fa3166962e11,3,1,10,230,34560,122,0,34912,34790,230,0,0,1
ea5b5eba-bb5c-4abc-a533-fa3166962e11,3,1,11,1826,34816,243,51,36885,36642,1826,212,0,2
ea5b5eba-bb5c-4abc-a533-fa3166962e11,3,1,12,1368,36864,903,366,39135,38232,1368,1524,0,2
ea5b5eba-bb5c-4abc-a533-fa3166962e11,3,1,13,257,38912,130,48,39299,39169,257,191,0,1
ea5b5eba-bb5c-4abc-a533-fa3166962e11,3,1,14,454,39296,418,230,40168,39750,454,931,0,1
ea5b5eba-bb5c-4abc-a533-fa3166962e11,3,1,15,550,40064,803,351,41417,40614,550,1275,0,2
ea5b5eba-bb5c-4abc-a533-fa3166962e11,3,1,16,310,41344,803,539,42457,41654,310,2159,0,1
ea5b5eba-bb5c-4abc-a533-fa3166962e11,3,1,17,247,42368,345,58,42960,42615,247,224,0,1
ea5b5eba-bb5c-4abc-a533-fa3166962e11,3,1,18,255,42752,420,236,43427,43007,255,918,0,1
ea5b5eba-bb5c-4abc-a533-fa3166962e11,3,1,19,225,43392,229,41,43846,43617,225,137,0,1
ea5b5eba-bb5c-4abc-a533-fa3166962e11,3,1,20,216,43648,647,268,44511,43864,216,1104,0,1
ea5b5eba-bb5c-4abc-a533-fa3166962e11,3,1,21,915,44416,269,47,45600,45331,915,193,0,1
ea5b5eba-bb5c-4abc-a533-fa3166962e11,3,1,22,352,45312,729,585,46393,45664,352,2285,0,1
ea5b5eba-bb5c-4abc-a533-fa3166962e11,3,1,23,189,46336,407,69,46932,46525,189,236,0,1
ea5b5eba-bb5c-4abc-a533-fa3166962e11,3,1,24,287,46848,821,471,47956,47135,287,2008,0,1
ea5b5eba-bb5c-4abc-a533-fa3166962e11,3,1,25,869,47104,805,374,48778,47973,869,1262,0,2
ea5b5eba-bb5c-4abc-a533-fa3166962e11,3,1,26,227,48768,519,213,49514,48995,227,895,0,1
ea5b5eba-bb5c-4abc-a533-fa3166962e11,3,1,27,725,49408,629,91,50762,50133,725,380,0,1
ea5b5eba-bb5c-4abc-a533-fa3166962e11,3,1,28,547,50688,740,445,51975,51235,547,1721,65,2
ea5b5eba-bb5c-4abc-a533-fa3166962e11,3,1,29,1100,51968,258,141,53326,53068,1100,599,0,2
ea5b5eba-bb5c-4abc-a533-fa3166962e11,3,1,30,343,53248,608,312,54199,53591,343,1268,0,2
ea5b5eba-bb5c-4abc-a533-fa3166962e11,3,1,31,1010,54144,418,147,55572,55154,1010,573,0,2
ea5b5eba-bb5c-4abc-a533-fa3166962e11,3,1,32,931,55552,939,641,57422,56483,931,2334,0,2
ea5b5eba-bb5c-4abc-a533-fa3166962e11,3,1,33,1231,57344,935,217,59510,58575,1231,815,0,1
ea5b5eba-bb5c-4abc-a533-fa3166962e11,3,1,34,556,59392,669,250,60617,59948,556,862,0,2
ea5b5eba-bb5c-4abc-a533-fa3166962e11,3,1,35,578,60544,114,0,61236,61122,578,0,0,2
ea5b5eba-bb5c-4abc-a533-fa3166962e11,3,1,36,3669,61184,341,227,65194,64853,3669,756,0,2
ea5b5eba-bb5c-4abc-a533-fa3166962e11,3,1,37,3339,65152,430,232,68921,68491,3339,854,0,2
ea5b5eba-bb5c-4abc-a533-fa3166962e11,3,1,38,1295,68864,580,232,70739,70159,1295,864,0,2
ea5b5eba-bb5c-4abc-a533-fa3166962e11,3,1,39,712,70656,321,135,71689,71368,712,444,0,2
ea5b5eba-bb5c-4abc-a533-fa3166962e11,3,1,40,1529,71680,646,339,73855,73209,1529,1280,0,2
ea5b5eba-bb5c-4abc-a533-fa3166962e11,3,1,41,1127,73728,302,80,75157,74855,1127,284,0,2
ea5b5eba-bb5c-4abc-a533-fa3166962e11,3,1,42,2536,75136,1114,836,78786,77672,2536,3085,0,2
ea5b5eba-bb5c-4abc-a533-fa3166962e11,3,1,43,855,78720,566,259,80141,79575,855,1065,0,2
ea5b5eba-bb5c-4abc-a533-fa3166962e11,3,1,44,518,80128,384,239,81030,80646,518,837,0,1
ea5b5eba-bb5c-4abc-a533-fa3166962e11,3,1,45,178,80896,185,46,81259,81074,178,192,0,1
ea5b5eba-bb5c-4abc-a533-fa3166962e11,3,1,46,222,81152,384,191,81758,81374,222,779,0,1
ea5b5eba-bb5c-4abc-a533-fa3166962e11,3,1,47,236,81536,430,153,82202,81772,236,625,0,2
ea5b5eba-bb5c-4abc-a533-fa3166962e11,3,1,48,1076,82176,689,456,83941,83252,1076,1742,0,2
ea5b5eba-bb5c-4abc-a533-fa3166962e11,3,1,49,1353,83840,673,284,85866,85193,1353,1004,0,2
ea5b5eba-bb5c-4abc-a533-fa3166962e11,3,1,50,733,85760,1448,1026,87941,86493,733,3846,0,2
ea5b5eba-bb5c-4abc-a533-fa3166962e11,3,1,51,7328,87936,1182,503,96446,95264,7328,1779,0,2
ea5b5eba-bb5c-4abc-a533-fa3166962e11,3,1,52,733,96384,583,433,97700,97117,733,1678,0,1
ea5b5eba-bb5c-4abc-a533-fa3166962e11,3,1,53,235,97536,602,252,98373,97771,235,845,0,1
ea5b5eba-bb5c-4abc-a533-fa3166962e11,3,1,54,358,98304,713,259,99375,98662,358,959,0,2
ea5b5eba-bb5c-4abc-a533-fa3166962e11,3,1,55,245,99200,296,45,99741,99445,245,179,0,2
ea5b5eba-bb5c-4abc-a533-fa3166962e11,3,1,56,848,99712,434,173,100994,100560,848,730,0,1
ea5b5eba-bb5c-4abc-a533-fa3166962e11,3,1,57,1012,100992,897,364,102901,102004,1012,1306,0,2
ea5b5eba-bb5c-4abc-a533-fa3166962e11,3,1,58,1037,102784,515,314,104336,103821,1037,1227,0,2
ea5b5eba-bb5c-4abc-a533-fa3166962e11,3,1,59,1522,104320,261,138,106103,105842,1522,589,0,1
ea5b5eba-bb5c-4abc-a533-fa3166962e11,3,1,60,765,105984,159,98,106908,106749,765,406,0,1
ea5b5eba-bb5c-4abc-a533-fa3166962e11,3,1,61,4920,106880,884,733,112684,111800,4920,2616,0,1
ea5b5eba-bb5c-4abc-a533-fa3166962e11,3,1,62,410,112640,2565,1882,115615,113050,410,5680,0,2
ea5b5eba-bb5c-4abc-a533-fa3166962e11,3,1,63,838,115584,530,339,116952,116422,838,1168,0,2
ea5b5eba-bb5c-4abc-a533-fa3166962e11,3,1,64,5743,116864,1736,1218,124343,122607,5743,3962,0,2
ea5b5eba-bb5c-4abc-a533-fa3166962e11,3,1,65,778,124288,555,234,125621,125066,778,893,0,1
ea5b5eba-bb5c-4abc-a533-fa3166962e11,3,1,66,199,125440,769,505,126408,125639,199,1733,0,1
ea5b5eba-bb5c-4abc-a533-fa3166962e11,3,1,67,405,126336,3360,3103,130101,126741,405,11770,0,1
ea5b5eba-bb5c-4abc-a533-fa3166962e11,3,1,68,135,130048,5912,670,136095,130183,135,2424,28,1
ea5b5eba-bb5c-4abc-a533-fa3166962e11,3,1,69,215,135936,377,153,136528,136151,215,492,0,1
ea5b5eba-bb5c-4abc-a533-fa3166962e11,3,1,70,975,136448,4743,401,142166,137423,975,1419,67,1
ea5b5eba-bb5c-4abc-a533-fa3166962e11,3,1,71,142,142080,189,0,142411,142222,142,0,0,1
ea5b5eba-bb5c-4abc-a533-fa3166962e11,3,1,72,237,142208,4532,457,146977,142445,237,1678,0,1
ea5b5eba-bb5c-4abc-a533-fa3166962e11,3,1,73,217,146816,242,0,147275,147033,217,0,0,1
ea5b5eba-bb5c-4abc-a533-fa3166962e11,3,1,74,932,147200,4590,593,152722,148132,932,2221,0,1
ea5b5eba-bb5c-4abc-a533-fa3166962e11,3,1,75,202,152576,118,0,152896,152778,202,0,0,1
ea5b5eba-bb5c-4abc-a533-fa3166962e11,3,1,76,267,152832,941,330,154040,153099,267,1041,26,1
ea5b5eba-bb5c-4abc-a533-fa3166962e11,3,1,77,226,153856,651,0,154733,154082,226,0,0,1
ea5b5eba-bb5c-4abc-a533-fa3166962e11,3,1,78,151,154624,688,0,155463,154775,151,0,0,1
ea5b5eba-bb5c-4abc-a533-fa3166962e11,3,1,79,241,155264,998,81,156503,155505,241,308,0,1
ea5b5eba-bb5c-4abc-a533-fa3166962e11,3,1,80,257,156288,761,0,157306,156545,257,0,0,1
ea5b5eba-bb5c-4abc-a533-fa3166962e11,3,1,81,164,157184,112,0,157460,157348,164,0,0,1
ea5b5eba-bb5c-4abc-a533-fa3166962e11,3,1,82,160,157440,252,153,157852,157600,160,618,0,1
ea5b5eba-bb5c-4abc-a533-fa3166962e11,3,1,83,172,157696,1457,238,159325,157868,172,963,0,2
ea5b5eba-bb5c-4abc-a533-fa3166962e11,3,1,84,152,159232,247,0,159631,159384,152,0,0,1
ea5b5eba-bb5c-4abc-a533-fa3166962e11,3,1,85,171,159488,725,0,160384,159659,171,0,2656,0
eb8d439f-0c62-46e9-b56b-166d47739816,3,1,1,3027,7936,273,0,11236,10963,3027,0,152,2
eb8d439f-0c62-46e9-b56b-166d47739816,3,1,2,2904,11136,988,338,15028,14040,2904,1130,124,3
eb8d439f-0c62-46e9-b56b-166d47739816,3,1,3,535,14976,569,166,16080,15511,535,546,78,2
eb8d439f-0c62-46e9-b56b-166d47739816,3,1,4,749,16000,399,95,17148,16749,749,322,114,2
eb8d439f-0c62-46e9-b56b-166d47739816,3,1,5,1114,17024,381,92,18519,18138,1114,352,117,2
eb8d439f-0c62-46e9-b56b-166d47739816,3,1,6,2530,18432,812,361,21774,20962,2530,1314,92,2
eb8d439f-0c62-46e9-b56b-166d47739816,3,1,7,2655,21760,683,154,25098,24415,2655,523,72,2
eb8d439f-0c62-46e9-b56b-166d47739816,3,1,8,196,25088,774,231,26058,25284,196,895,74,2
eb8d439f-0c62-46e9-b56b-166d47739816,3,1,9,665,25984,676,357,27325,26649,665,1350,134,2
eb8d439f-0c62-46e9-b56b-166d47739816,3,1,10,1287,27264,533,113,29084,28551,1287,460,52,2
eb8d439f-0c62-46e9-b56b-166d47739816,3,1,11,2662,29056,963,644,32681,31718,2662,2490,85,2
eb8d439f-0c62-46e9-b56b-166d47739816,3,1,12,8177,32640,1199,562,42016,40817,8177,2183,105,2
eb8d439f-0c62-46e9-b56b-166d47739816,3,1,13,1156,41984,349,210,43489,43140,1156,853,100,2
eb8d439f-0c62-46e9-b56b-166d47739816,3,1,14,608,43392,807,472,44807,44000,608,1820,64,2
eb8d439f-0c62-46e9-b56b-166d47739816,3,1,15,853,44800,719,593,46372,45653,853,1953,92,2
eb8d439f-0c62-46e9-b56b-166d47739816,3,1,16,1083,46336,784,651,48203,47419,1083,2211,56,2
eb8d439f-0c62-46e9-b56b-166d47739816,3,1,17,1302,48128,2923,463,52353,49430,1302,1991,93,2
eb8d439f-0c62-46e9-b56b-166d47739816,3,1,18,173,52224,556,199,52953,52397,173,835,143,2
eb8d439f-0c62-46e9-b56b-166d47739816,3,1,19,1179,52864,906,328,54949,54043,1179,1366,0,2
eb8d439f-0c62-46e9-b56b-166d47739816,3,1,20,3968,54912,1036,527,59916,58880,3968,2019,126,2
eb8d439f-0c62-46e9-b56b-166d47739816,3,1,21,849,59904,831,283,61584,60753,849,1090,119,2
eb8d439f-0c62-46e9-b56b-166d47739816,3,1,22,386,61568,565,184,62519,61954,386,717,64,2
eb8d439f-0c62-46e9-b56b-166d47739816,3,1,23,3675,62464,615,234,66754,66139,3675,865,106,2
eb8d439f-0c62-46e9-b56b-166d47739816,3,1,24,3023,66688,803,362,70514,69711,3023,1337,107,1
eb8d439f-0c62-46e9-b56b-166d47739816,3,1,25,325,70400,785,395,71510,70725,325,1470,0,1
eb8d439f-0c62-46e9-b56b-166d47739816,3,1,26,436,71424,1274,688,73134,71860,436,2669,87,2
eb8d439f-0c62-46e9-b56b-166d47739816,3,1,27,255,73088,774,349,74117,73343,255,1296,99,1
eb8d439f-0c62-46e9-b56b-166d47739816,3,1,28,567,74112,881,430,75560,74679,567,1623,0,2
eb8d439f-0c62-46e9-b56b-166d47739816,3,1,29,8265,75520,733,596,84518,83785,8265,2239,87,2
eb8d439f-0c62-46e9-b56b-166d47739816,3,1,30,1330,84480,738,612,86548,85810,1330,2615,0,2
eb8d439f-0c62-46e9-b56b-166d47739816,3,1,31,1945,86528,304,200,88777,88473,1945,782,0,2
eb8d439f-0c62-46e9-b56b-166d47739816,3,1,32,1314,88704,423,168,90441,90018,1314,715,80,2
eb8d439f-0c62-46e9-b56b-166d47739816,3,1,33,3942,90368,752,427,95062,94310,3942,1733,118,2
eb8d439f-0c62-46e9-b56b-166d47739816,3,1,34,2835,94976,1431,906,99242,97811,2835,3522,88,2
eb8d439f-0c62-46e9-b56b-166d47739816,3,1,35,239,99072,476,196,99787,99311,239,713,0,2
eb8d439f-0c62-46e9-b56b-166d47739816,3,1,36,1818,99712,475,178,102005,101530,1818,651,73,2
eb8d439f-0c62-46e9-b56b-166d47739816,3,1,37,193,101888,1314,778,103395,102081,193,3111,0,2
eb8d439f-0c62-46e9-b56b-166d47739816,3,1,38,588,103296,1303,813,105187,103884,588,2866,0,2
eb8d439f-0c62-46e9-b56b-166d47739816,3,1,39,2621,105088,1051,236,108760,107709,2621,1042,53,2
eb8d439f-0c62-46e9-b56b-166d47739816,3,1,40,261,108672,434,178,109367,108933,261,756,106,1
eb8d439f-0c62-46e9-b56b-166d47739816,3,1,41,1275,109312,310,104,110897,110587,1275,406,0,1
eb8d439f-0c62-46e9-b56b-166d47739816,3,1,42,1051,110848,10701,1041,122600,111899,1051,3423,61,1
eb8d439f-0c62-46e9-b56b-166d47739816,3,1,43,163,122496,260,58,122919,122659,163,240,54,1
eb8d439f-0c62-46e9-b56b-166d47739816,3,1,44,339,122880,228,92,123447,123219,339,352,0,1
eb8d439f-0c62-46e9-b56b-166d47739816,3,1,45,257,123392,203,0,123852,123649,257,0,76,1
eb8d439f-0c62-46e9-b56b-166d47739816,3,1,46,260,123648,2072,0,125980,123908,260,0,0,1
eb8d439f-0c62-46e9-b56b-166d47739816,3,1,47,2119,123904,306,66,126329,126023,2119,309,0,1
eb8d439f-0c62-46e9-b56b-166d47739816,3,1,48,149,126208,932,0,127289,126357,149,0,3671,0
ed3f5438-bc1e-4e73-a3eb-c39a1a6720c4,2,1,1,2694,7936,179,0,10809,10630,2694,0,72,2
ed3f5438-bc1e-4e73-a3eb-c39a1a6720c4,2,1,2,2853,10752,554,205,14159,13605,2853,849,0,2
ed3f5438-bc1e-4e73-a3eb-c39a1a6720c4,2,1,3,1444,14080,265,61,15789,15524,1444,294,0,2
ed3f5438-bc1e-4e73-a3eb-c39a1a6720c4,2,1,4,1610,15744,464,88,17818,17354,1610,419,0,2
ed3f5438-bc1e-4e73-a3eb-c39a1a6720c4,2,1,5,2474,17792,443,257,20709,20266,2474,1050,0,2
ed3f5438-bc1e-4e73-a3eb-c39a1a6720c4,2,1,6,1968,20608,381,102,22957,22576,1968,331,0,2
ed3f5438-bc1e-4e73-a3eb-c39a1a6720c4,2,1,7,445,22912,632,198,23989,23357,445,813,0,3
ed3f5438-bc1e-4e73-a3eb-c39a1a6720c4,2,1,8,899,23936,336,31,25171,24835,899,117,0,3
ed3f5438-bc1e-4e73-a3eb-c39a1a6720c4,2,1,9,228,25088,171,70,25487,25316,228,271,0,1
ed3f5438-bc1e-4e73-a3eb-c39a1a6720c4,2,1,10,2443,25472,726,158,28641,27915,2443,610,0,2
ed3f5438-bc1e-4e73-a3eb-c39a1a6720c4,2,1,11,790,28544,816,248,30150,29334,790,1081,0,1
ed3f5438-bc1e-4e73-a3eb-c39a1a6720c4,2,1,12,232,29952,211,113,30395,30184,232,475,0,1
ed3f5438-bc1e-4e73-a3eb-c39a1a6720c4,2,1,13,488,30336,388,47,31212,30824,488,219,0,1
ed3f5438-bc1e-4e73-a3eb-c39a1a6720c4,2,1,14,250,30976,293,0,31519,31226,250,0,0,2
ed3f5438-bc1e-4e73-a3eb-c39a1a6720c4,2,1,15,7235,31488,757,432,39480,38723,7235,1837,0,2
ed3f5438-bc1e-4e73-a3eb-c39a1a6720c4,2,1,16,912,39424,387,109,40723,40336,912,450,0,2
ed3f5438-bc1e-4e73-a3eb-c39a1a6720c4,2,1,17,241,40576,109,48,40926,40817,241,214,0,1
ed3f5438-bc1e-4e73-a3eb-c39a1a6720c4,2,1,18,673,40832,1040,641,42545,41505,673,2344,0,1
ed3f5438-bc1e-4e73-a3eb-c39a1a6720c4,2,1,19,308,42496,642,174,43446,42804,308,749,0,1
ed3f5438-bc1e-4e73-a3eb-c39a1a6720c4,2,1,20,196,43264,392,0,43852,43460,196,0,0,2
ed3f5438-bc1e-4e73-a3eb-c39a1a6720c4,2,1,21,1321,43776,769,218,45866,45097,1321,892,0,2
ed3f5438-bc1e-4e73-a3eb-c39a1a6720c4,2,1,22,826,45824,746,334,47396,46650,826,1298,0,2
ed3f5438-bc1e-4e73-a3eb-c39a1a6720c4,2,1,23,871,47360,550,166,48781,48231,871,695,0,2
ed3f5438-bc1e-4e73-a3eb-c39a1a6720c4,2,1,24,198,48768,220,60,49186,48966,198,153,0,1
ed3f5438-bc1e-4e73-a3eb-c39a1a6720c4,2,1,25,881,49152,506,219,50539,50033,881,997,0,2
ed3f5438-bc1e-4e73-a3eb-c39a1a6720c4,2,1,26,1148,50432,333,58,51913,51580,1148,213,0,1
ed3f5438-bc1e-4e73-a3eb-c39a1a6720c4,2,1,27,140,51840,207,0,52187,51980,140,0,0,1
ed3f5438-bc1e-4e73-a3eb-c39a1a6720c4,2,1,28,235,51968,178,16,52381,52203,235,68,0,1
ed3f5438-bc1e-4e73-a3eb-c39a1a6720c4,2,1,29,334,52352,220,78,52906,52686,334,320,0,1
ed3f5438-bc1e-4e73-a3eb-c39a1a6720c4,2,1,30,374,52864,631,528,53869,53238,374,2087,0,1
ed3f5438-bc1e-4e73-a3eb-c39a1a6720c4,2,1,31,1223,53760,658,198,55641,54983,1223,686,0,1
ed3f5438-bc1e-4e73-a3eb-c39a1a6720c4,2,1,32,215,55552,399,61,56166,55767,215,235,0,1
ed3f5438-bc1e-4e73-a3eb-c39a1a6720c4,2,1,33,136,56064,676,357,56876,56200,136,1219,0,2
ed3f5438-bc1e-4e73-a3eb-c39a1a6720c4,2,1,34,918,56832,371,110,58121,57750,918,368,0,2
ed3f5438-bc1e-4e73-a3eb-c39a1a6720c4,2,1,35,194,57984,395,107,58573,58178,194,347,0,2
ed3f5438-bc1e-4e73-a3eb-c39a1a6720c4,2,1,36,484,58496,470,23,59450,58980,484,81,0,2
ed3f5438-bc1e-4e73-a3eb-c39a1a6720c4,2,1,37,1464,59392,349,167,61205,60856,1464,485,0,1
ed3f5438-bc1e-4e73-a3eb-c39a1a6720c4,2,1,38,3892,61184,596,226,65672,65076,3892,604,0,2
ed3f5438-bc1e-4e73-a3eb-c39a1a6720c4,2,1,39,893,65664,502,168,67059,66557,893,648,0,2
ed3f5438-bc1e-4e73-a3eb-c39a1a6720c4,2,1,40,2610,66944,325,75,69879,69554,2610,265,0,1
ed3f5438-bc1e-4e73-a3eb-c39a1a6720c4,2,1,41,19342,69760,787,389,89889,89102,19342,1320,0,1
ed3f5438-bc1e-4e73-a3eb-c39a1a6720c4,2,1,42,2041,89856,626,335,92523,91897,2041,1251,0,2
ed3f5438-bc1e-4e73-a3eb-c39a1a6720c4,2,1,43,557,92416,490,235,93463,92973,557,815,0,1
ed3f5438-bc1e-4e73-a3eb-c39a1a6720c4,2,1,44,248,93312,305,30,93865,93560,248,110,0,1
ed3f5438-bc1e-4e73-a3eb-c39a1a6720c4,2,1,45,482,93824,429,71,94735,94306,482,214,0,2
ed3f5438-bc1e-4e73-a3eb-c39a1a6720c4,2,1,46,1135,94720,686,222,96541,95855,1135,870,0,2
ed3f5438-bc1e-4e73-a3eb-c39a1a6720c4,2,1,47,216,96512,284,0,97012,96728,216,0,0,1
ed3f5438-bc1e-4e73-a3eb-c39a1a6720c4,2,1,48,556,96896,1104,633,98556,97452,556,2248,0,2
ed3f5438-bc1e-4e73-a3eb-c39a1a6720c4,2,1,49,590,98432,872,275,99894,99022,590,1097,0,2
ed3f5438-bc1e-4e73-a3eb-c39a1a6720c4,2,1,50,978,99840,712,428,101530,100818,978,1554,0,2
ed3f5438-bc1e-4e73-a3eb-c39a1a6720c4,2,1,51,241,101504,598,116,102343,101745,241,437,0,2
ed3f5438-bc1e-4e73-a3eb-c39a1a6720c4,2,1,52,313,102272,490,176,103075,102585,313,651,0,2
ed3f5438-bc1e-4e73-a3eb-c39a1a6720c4,2,1,53,486,103040,800,464,104326,103526,486,1772,0,2
ed3f5438-bc1e-4e73-a3eb-c39a1a6720c4,2,1,54,1729,104320,1310,688,107359,106049,1729,2651,0,2
ed3f5438-bc1e-4e73-a3eb-c39a1a6720c4,2,1,55,423,107264,434,158,108121,107687,423,600,0,2
ed3f5438-bc1e-4e73-a3eb-c39a1a6720c4,2,1,56,386,108032,941,488,109359,108418,386,2049,0,2
ed3f5438-bc1e-4e73-a3eb-c39a1a6720c4,2,1,57,339,109312,402,0,110053,109651,339,0,0,2
ed3f5438-bc1e-4e73-a3eb-c39a1a6720c4,2,1,58,10756,109952,863,583,121571,120708,10756,2363,0,1
ed3f5438-bc1e-4e73-a3eb-c39a1a6720c4,2,1,59,134,121472,372,0,121978,121606,134,0,0,2
ed3f5438-bc1e-4e73-a3eb-c39a1a6720c4,2,1,60,678,121856,412,81,122946,122534,678,266,0,2
ed3f5438-bc1e-4e73-a3eb-c39a1a6720c4,2,1,61,756,122880,549,298,124185,123636,756,1145,0,1
ed3f5438-bc1e-4e73-a3eb-c39a1a6720c4,2,1,62,1642,124160,274,37,126076,125802,1642,172,0,1
ed3f5438-bc1e-4e73-a3eb-c39a1a6720c4,2,1,63,1841,125952,549,112,128342,127793,1841,372,0,2
ed3f5438-bc1e-4e73-a3eb-c39a1a6720c4,2,1,64,296,128256,457,101,129009,128552,296,380,0,2
ed3f5438-bc1e-4e73-a3eb-c39a1a6720c4,2,1,65,166,128896,351,102,129413,129062,166,373,0,2
ed3f5438-bc1e-4e73-a3eb-c39a1a6720c4,2,1,66,681,129408,671,557,130760,130089,681,2145,0,2
ed3f5438-bc1e-4e73-a3eb-c39a1a6720c4,2,1,67,6646,130688,910,451,138244,137334,6646,1581,0,2
ed3f5438-bc1e-4e73-a3eb-c39a1a6720c4,2,1,68,301,138240,1210,462,139751,138541,301,1704,0,2
ed3f5438-bc1e-4e73-a3eb-c39a1a6720c4,2,1,69,537,139648,1702,1108,141887,140185,537,4011,0,2
ed3f5438-bc1e-4e73-a3eb-c39a1a6720c4,2,1,70,592,141824,1506,1211,143922,142416,592,4396,0,3
ed3f5438-bc1e-4e73-a3eb-c39a1a6720c4,2,1,71,182,143872,788,381,144842,144054,182,1420,0,2
ed3f5438-bc1e-4e73-a3eb-c39a1a6720c4,2,1,72,295,144768,474,72,145537,145063,295,255,0,2
ed3f5438-bc1e-4e73-a3eb-c39a1a6720c4,2,1,73,719,145536,392,294,146647,146255,719,1161,0,1
ed3f5438-bc1e-4e73-a3eb-c39a1a6720c4,2,1,74,1445,146560,768,399,148773,148005,1445,1652,0,2
ed3f5438-bc1e-4e73-a3eb-c39a1a6720c4,2,1,75,1638,148736,485,153,150859,150374,1638,564,0,2
ed3f5438-bc1e-4e73-a3eb-c39a1a6720c4,2,1,76,4027,150784,218,52,155029,154811,4027,192,0,1
ed3f5438-bc1e-4e73-a3eb-c39a1a6720c4,2,1,77,251,155008,786,338,156045,155259,251,1274,0,2
ed3f5438-bc1e-4e73-a3eb-c39a1a6720c4,2,1,78,169,156032,741,328,156942,156201,169,1213,0,2
ed3f5438-bc1e-4e73-a3eb-c39a1a6720c4,2,1,79,3302,156928,522,156,160752,160230,3302,487,0,2
ed3f5438-bc1e-4e73-a3eb-c39a1a6720c4,2,1,80,600,160640,941,309,162181,161240,600,1211,0,2
ed3f5438-bc1e-4e73-a3eb-c39a1a6720c4,2,1,81,385,162176,1727,1252,164288,162561,385,4851,0,1
ed3f5438-bc1e-4e73-a3eb-c39a1a6720c4,2,1,82,206,164096,323,0,164625,164302,206,0,0,2
ed3f5438-bc1e-4e73-a3eb-c39a1a6720c4,2,1,83,208,164608,369,84,165185,164816,208,283,0,1
ed3f5438-bc1e-4e73-a3eb-c39a1a6720c4,2,1,84,238,165120,188,52,165546,165358,238,178,0,1
ed3f5438-bc1e-4e73-a3eb-c39a1a6720c4,2,1,85,662,165504,642,255,166808,166166,662,937,0,2
ed3f5438-bc1e-4e73-a3eb-c39a1a6720c4,2,1,86,301,166784,715,274,167800,167085,301,1009,0,2
ed3f5438-bc1e-4e73-a3eb-c39a1a6720c4,2,1,87,468,167680,1164,639,169312,168148,468,2541,0,2
ed3f5438-bc1e-4e73-a3eb-c39a1a6720c4,2,1,88,468,169216,852,354,170536,169684,468,1335,0,2
ed3f5438-bc1e-4e73-a3eb-c39a1a6720c4,2,1,89,1113,170496,814,406,172423,171609,1113,1530,0,2
ed3f5438-bc1e-4e73-a3eb-c39a1a6720c4,2,1,90,264,172416,213,53,172893,172680,264,170,0,1
ed3f5438-bc1e-4e73-a3eb-c39a1a6720c4,2,1,91,1111,172800,783,408,174694,173911,1111,1625,0,2
ed3f5438-bc1e-4e73-a3eb-c39a1a6720c4,2,1,92,572,174592,267,52,175431,175164,572,213,0,1
ed3f5438-bc1e-4e73-a3eb-c39a1a6720c4,2,1,93,220,175360,390,109,175970,175580,220,471,0,1
ed3f5438-bc1e-4e73-a3eb-c39a1a6720c4,2,1,94,289,175872,676,279,176837,176161,289,1178,0,1
ed3f5438-bc1e-4e73-a3eb-c39a1a6720c4,2,1,95,246,176640,527,60,177413,176886,246,229,0,1
ed3f5438-bc1e-4e73-a3eb-c39a1a6720c4,2,1,96,191,177280,512,77,177983,177471,191,278,0,1
ed3f5438-bc1e-4e73-a3eb-c39a1a6720c4,2,1,97,158,177920,1304,933,179382,178078,158,3724,0,1
ed3f5438-bc1e-4e73-a3eb-c39a1a6720c4,2,1,98,657,179328,469,64,180454,179985,657,306,0,1
ed3f5438-bc1e-4e73-a3eb-c39a1a6720c4,2,1,99,1037,180352,868,472,182257,181389,1037,1962,0,2
ed3f5438-bc1e-4e73-a3eb-c39a1a6720c4,2,1,100,1510,182144,1476,912,185130,183654,1510,3779,0,2
ed3f5438-bc1e-4e73-a3eb-c39a1a6720c4,2,1,101,247,185088,699,312,186034,185335,247,1113,0,2
ed3f5438-bc1e-4e73-a3eb-c39a1a6720c4,2,1,102,2287,185984,187,50,188458,188271,2287,183,0,1
ed3f5438-bc1e-4e73-a3eb-c39a1a6720c4,2,1,103,800,188416,552,321,189768,189216,800,1248,0,1
ed3f5438-bc1e-4e73-a3eb-c39a1a6720c4,2,1,104,165,189696,252,0,190113,189861,165,0,0,1
ed3f5438-bc1e-4e73-a3eb-c39a1a6720c4,2,1,105,157,190080,152,48,190389,190237,157,166,0,1
ed3f5438-bc1e-4e73-a3eb-c39a1a6720c4,2,1,106,421,190336,810,275,191567,190757,421,1096,0,2
ed3f5438-bc1e-4e73-a3eb-c39a1a6720c4,2,1,107,325,191488,1001,388,192814,191813,325,1565,0,2
ed3f5438-bc1e-4e73-a3eb-c39a1a6720c4,2,1,108,2107,192768,535,333,195410,194875,2107,1233,0,2
ed3f5438-bc1e-4e73-a3eb-c39a1a6720c4,2,1,109,2274,195328,302,197,197904,197602,2274,800,0,1
ed3f5438-bc1e-4e73-a3eb-c39a1a6720c4,2,1,110,1105,197888,2438,2038,201431,198993,1105,6876,0,2
ed3f5438-bc1e-4e73-a3eb-c39a1a6720c4,2,1,111,200,201344,534,340,202078,201544,200,1179,0,1
ed3f5438-bc1e-4e73-a3eb-c39a1a6720c4,2,1,112,318,201984,2581,2349,204883,202302,318,9453,0,1
ed3f5438-bc1e-4e73-a3eb-c39a1a6720c4,2,1,113,1310,204800,546,269,206656,206110,1310,1110,0,1
ed3f5438-bc1e-4e73-a3eb-c39a1a6720c4,2,1,114,223,206592,13143,657,219958,206815,223,2327,72,1
ed3f5438-bc1e-4e73-a3eb-c39a1a6720c4,2,1,115,6509,213504,970,225,220983,220013,6509,816,0,2
ed3f5438-bc1e-4e73-a3eb-c39a1a6720c4,2,1,116,261,220800,945,61,222006,221061,261,250,0,2
ed3f5438-bc1e-4e73-a3eb-c39a1a6720c4,2,1,117,581,221952,169,62,222702,222533,581,275,0,1
ed3f5438-bc1e-4e73-a3eb-c39a1a6720c4,2,1,118,7355,222592,327,202,230274,229947,7355,746,0,1
ed3f5438-bc1e-4e73-a3eb-c39a1a6720c4,2,1,119,215,230144,426,53,230785,230359,215,233,0,1
ed3f5438-bc1e-4e73-a3eb-c39a1a6720c4,2,1,120,180,230656,209,0,231045,230836,180,0,75,2
ed3f5438-bc1e-4e73-a3eb-c39a1a6720c4,2,1,121,386,231040,1456,71,232882,231426,386,309,0,1
ed3f5438-bc1e-4e73-a3eb-c39a1a6720c4,2,1,122,219,232704,309,29,233232,232923,219,129,0,1
ed3f5438-bc1e-4e73-a3eb-c39a1a6720c4,2,1,123,172,233088,1232,0,234492,233260,172,0,4549,0
edb0f8d3-0c07-4a47-9834-d2bb6ae9a3ac,2,1,1,3123,7936,195,0,11254,11059,3123,0,76,2
edb0f8d3-0c07-4a47-9834-d2bb6ae9a3ac,2,1,2,2332,11136,213,25,13681,13468,2332,119,0,2
edb0f8d3-0c07-4a47-9834-d2bb6ae9a3ac,2,1,3,2497,13568,287,111,16352,16065,2497,428,0,2
edb0f8d3-0c07-4a47-9834-d2bb6ae9a3ac,2,1,4,873,16256,408,133,17537,17129,873,603,0,2
edb0f8d3-0c07-4a47-9834-d2bb6ae9a3ac,2,1,5,3632,17536,859,355,22027,21168,3632,1469,124,2
edb0f8d3-0c07-4a47-9834-d2bb6ae9a3ac,2,1,6,190,21888,304,21,22382,22078,190,86,0,2
edb0f8d3-0c07-4a47-9834-d2bb6ae9a3ac,2,1,7,462,22272,138,46,22872,22734,462,170,65,1
edb0f8d3-0c07-4a47-9834-d2bb6ae9a3ac,2,1,8,2419,22784,869,611,26072,25203,2419,2814,54,2
edb0f8d3-0c07-4a47-9834-d2bb6ae9a3ac,2,1,9,1413,25984,2871,810,30268,27397,1413,3111,150,2
edb0f8d3-0c07-4a47-9834-d2bb6ae9a3ac,2,1,10,138,30208,1558,1177,31904,30346,138,4591,71,2
edb0f8d3-0c07-4a47-9834-d2bb6ae9a3ac,2,1,11,1854,31872,769,419,34495,33726,1854,1562,54,2
edb0f8d3-0c07-4a47-9834-d2bb6ae9a3ac,2,1,12,3907,34432,926,527,39265,38339,3907,1928,75,2
edb0f8d3-0c07-4a47-9834-d2bb6ae9a3ac,2,1,13,2408,39168,626,179,42202,41576,2408,650,45,2
edb0f8d3-0c07-4a47-9834-d2bb6ae9a3ac,2,1,14,524,42112,673,222,43309,42636,524,874,0,2
edb0f8d3-0c07-4a47-9834-d2bb6ae9a3ac,2,1,15,254,43264,993,485,44511,43518,254,2044,0,1
edb0f8d3-0c07-4a47-9834-d2bb6ae9a3ac,2,1,16,1531,44416,400,79,46347,45947,1531,312,89,1
edb0f8d3-0c07-4a47-9834-d2bb6ae9a3ac,2,1,17,169,46336,316,55,46821,46505,169,236,0,1
edb0f8d3-0c07-4a47-9834-d2bb6ae9a3ac,2,1,18,373,46720,569,241,47662,47093,373,1118,0,1
edb0f8d3-0c07-4a47-9834-d2bb6ae9a3ac,2,1,19,1076,47616,1528,1047,50220,48692,1076,4516,105,2
edb0f8d3-0c07-4a47-9834-d2bb6ae9a3ac,2,1,20,6536,50176,3822,1642,60534,56712,6536,6822,79,2
edb0f8d3-0c07-4a47-9834-d2bb6ae9a3ac,2,1,21,191,60416,614,306,61221,60607,191,1193,70,2
edb0f8d3-0c07-4a47-9834-d2bb6ae9a3ac,2,1,22,6771,61184,1051,492,69006,67955,6771,1823,0,2
edb0f8d3-0c07-4a47-9834-d2bb6ae9a3ac,2,1,23,7680,68992,839,298,77511,76672,7680,1310,78,2
edb0f8d3-0c07-4a47-9834-d2bb6ae9a3ac,2,1,24,1625,77440,617,250,79682,79065,1625,1020,0,2
edb0f8d3-0c07-4a47-9834-d2bb6ae9a3ac,2,1,25,1358,79616,301,68,81275,80974,1358,278,87,1
edb0f8d3-0c07-4a47-9834-d2bb6ae9a3ac,2,1,26,1114,81152,357,143,82623,82266,1114,570,0,1
edb0f8d3-0c07-4a47-9834-d2bb6ae9a3ac,2,1,27,708,82560,910,467,84178,83268,708,1732,100,1
edb0f8d3-0c07-4a47-9834-d2bb6ae9a3ac,2,1,28,1420,84096,1041,475,86557,85516,1420,2012,0,2
edb0f8d3-0c07-4a47-9834-d2bb6ae9a3ac,2,1,29,409,86528,586,195,87523,86937,409,681,0,1
edb0f8d3-0c07-4a47-9834-d2bb6ae9a3ac,2,1,30,1172,87424,1182,701,89778,88596,1172,2902,71,2
edb0f8d3-0c07-4a47-9834-d2bb6ae9a3ac,2,1,31,3402,89728,1316,891,94446,93130,3402,3993,0,2
edb0f8d3-0c07-4a47-9834-d2bb6ae9a3ac,2,1,32,614,94336,679,320,95629,94950,614,1282,0,2
edb0f8d3-0c07-4a47-9834-d2bb6ae9a3ac,2,1,33,657,95616,488,236,96761,96273,657,958,44,2
edb0f8d3-0c07-4a47-9834-d2bb6ae9a3ac,2,1,34,1101,96640,820,402,98561,97741,1101,1782,0,1
edb0f8d3-0c07-4a47-9834-d2bb6ae9a3ac,2,1,35,1314,98048,551,330,99913,99362,1314,1367,0,1
edb0f8d3-0c07-4a47-9834-d2bb6ae9a3ac,2,1,36,3241,99840,1658,1093,104739,103081,3241,4266,118,2
edb0f8d3-0c07-4a47-9834-d2bb6ae9a3ac,2,1,37,2041,104704,802,555,107547,106745,2041,2204,0,2
edb0f8d3-0c07-4a47-9834-d2bb6ae9a3ac,2,1,38,591,107520,225,148,108336,108111,591,662,0,1
edb0f8d3-0c07-4a47-9834-d2bb6ae9a3ac,2,1,39,721,108288,571,284,109580,109009,721,1172,0,1
edb0f8d3-0c07-4a47-9834-d2bb6ae9a3ac,2,1,40,185,109568,338,73,110091,109753,185,268,0,1
edb0f8d3-0c07-4a47-9834-d2bb6ae9a3ac,2,1,41,202,109952,511,229,110665,110154,202,1033,0,1
edb0f8d3-0c07-4a47-9834-d2bb6ae9a3ac,2,1,42,1806,110592,524,197,112922,112398,1806,850,0,1
edb0f8d3-0c07-4a47-9834-d2bb6ae9a3ac,2,1,43,210,112896,280,56,113386,113106,210,272,0,1
edb0f8d3-0c07-4a47-9834-d2bb6ae9a3ac,2,1,44,565,113280,923,474,114768,113845,565,2019,0,2
edb0f8d3-0c07-4a47-9834-d2bb6ae9a3ac,2,1,45,233,114560,1168,740,115961,114793,233,3116,0,2
edb0f8d3-0c07-4a47-9834-d2bb6ae9a3ac,2,1,46,492,115840,423,172,116755,116332,492,712,0,2
edb0f8d3-0c07-4a47-9834-d2bb6ae9a3ac,2,1,47,228,116736,440,173,117404,116964,228,712,0,1
edb0f8d3-0c07-4a47-9834-d2bb6ae9a3ac,2,1,48,170,117248,371,245,117789,117418,170,970,80,1
edb0f8d3-0c07-4a47-9834-d2bb6ae9a3ac,2,1,49,5049,117760,1248,908,124057,122809,5049,3638,113,1
edb0f8d3-0c07-4a47-9834-d2bb6ae9a3ac,2,1,50,390,124032,1261,1078,125683,124422,390,4359,0,1
edb0f8d3-0c07-4a47-9834-d2bb6ae9a3ac,2,1,51,1970,124800,6612,1796,133382,126770,1970,7717,113,1
edb0f8d3-0c07-4a47-9834-d2bb6ae9a3ac,2,1,52,189,133248,148,22,133585,133437,189,98,0,1
edb0f8d3-0c07-4a47-9834-d2bb6ae9a3ac,2,1,53,242,133376,190,148,133808,133618,242,531,88,1
edb0f8d3-0c07-4a47-9834-d2bb6ae9a3ac,2,1,54,199,133760,4027,283,137986,133959,199,1148,55,1
edb0f8d3-0c07-4a47-9834-d2bb6ae9a3ac,2,1,55,185,137856,135,20,138176,138041,185,88,0,1
edb0f8d3-0c07-4a47-9834-d2bb6ae9a3ac,2,1,56,221,137984,584,257,138789,138205,221,1054,113,1
edb0f8d3-0c07-4a47-9834-d2bb6ae9a3ac,2,1,57,205,138752,487,251,139444,138957,205,1135,0,1
edb0f8d3-0c07-4a47-9834-d2bb6ae9a3ac,2,1,58,583,139392,713,426,140688,139975,583,1720,0,1
edb0f8d3-0c07-4a47-9834-d2bb6ae9a3ac,2,1,59,424,140672,541,227,141637,141096,424,990,0,1
edb0f8d3-0c07-4a47-9834-d2bb6ae9a3ac,2,1,60,243,141440,377,161,142060,141683,243,710,0,2
edb0f8d3-0c07-4a47-9834-d2bb6ae9a3ac,2,1,61,449,141952,508,252,142909,142401,449,1101,0,1
edb0f8d3-0c07-4a47-9834-d2bb6ae9a3ac,2,1,62,666,142848,323,89,143837,143514,666,341,0,1
edb0f8d3-0c07-4a47-9834-d2bb6ae9a3ac,2,1,63,852,143744,542,219,145138,144596,852,946,61,1
edb0f8d3-0c07-4a47-9834-d2bb6ae9a3ac,2,1,64,155,145024,225,112,145404,145179,155,492,0,1
edb0f8d3-0c07-4a47-9834-d2bb6ae9a3ac,2,1,65,293,145280,538,42,146111,145573,293,179,47,3
edb0f8d3-0c07-4a47-9834-d2bb6ae9a3ac,2,1,66,171,146048,447,140,146666,146219,171,489,0,1
edb0f8d3-0c07-4a47-9834-d2bb6ae9a3ac,2,1,67,168,146560,323,101,147051,146728,168,392,0,1
edb0f8d3-0c07-4a47-9834-d2bb6ae9a3ac,2,1,68,148,146944,146,23,147238,147092,148,84,0,1
edb0f8d3-0c07-4a47-9834-d2bb6ae9a3ac,2,1,69,181,147072,239,116,147492,147253,181,548,0,1
edb0f8d3-0c07-4a47-9834-d2bb6ae9a3ac,2,1,70,4703,147456,3453,2281,155612,152159,4703,8913,86,2
edb0f8d3-0c07-4a47-9834-d2bb6ae9a3ac,2,1,71,170,155520,1588,5,157278,155690,170,13,0,2
edb0f8d3-0c07-4a47-9834-d2bb6ae9a3ac,2,1,72,172,157184,116,33,157472,157356,172,152,0,1
edb0f8d3-0c07-4a47-9834-d2bb6ae9a3ac,2,1,73,184,157312,284,195,157780,157496,184,743,51,1
edb0f8d3-0c07-4a47-9834-d2bb6ae9a3ac,2,1,74,3805,157696,1884,234,163385,161501,3805,728,0,2
edb0f8d3-0c07-4a47-9834-d2bb6ae9a3ac,2,1,75,135,163328,1340,27,164803,163463,135,103,0,2
edb0f8d3-0c07-4a47-9834-d2bb6ae9a3ac,2,1,76,145,164736,111,8,164992,164881,145,32,0,1
edb0f8d3-0c07-4a47-9834-d2bb6ae9a3ac,2,1,77,1406,164992,1465,279,167863,166398,1406,911,0,4
edb0f8d3-0c07-4a47-9834-d2bb6ae9a3ac,2,1,78,207,167808,82,0,168097,168015,207,0,0,1
edb0f8d3-0c07-4a47-9834-d2bb6ae9a3ac,2,1,79,185,167936,2278,1017,170399,168121,185,3816,0,2
edb0f8d3-0c07-4a47-9834-d2bb6ae9a3ac,2,1,80,237,170240,82,0,170559,170477,237,0,0,1
edb0f8d3-0c07-4a47-9834-d2bb6ae9a3ac,2,1,81,215,170368,2939,1343,173522,170583,215,5109,0,2
edb0f8d3-0c07-4a47-9834-d2bb6ae9a3ac,2,1,82,160,173440,102,0,173702,173600,160,0,0,1
edb0f8d3-0c07-4a47-9834-d2bb6ae9a3ac,2,1,83,160,173568,651,556,174379,173728,160,2256,71,1
edb0f8d3-0c07-4a47-9834-d2bb6ae9a3ac,2,1,84,2874,174336,521,179,177731,177210,2874,702,91,1
edb0f8d3-0c07-4a47-9834-d2bb6ae9a3ac,2,1,85,134,177664,1709,0,179507,177798,134,0,0,1
edb0f8d3-0c07-4a47-9834-d2bb6ae9a3ac,2,1,86,219,179328,411,62,179958,179547,219,268,0,1
edb0f8d3-0c07-4a47-9834-d2bb6ae9a3ac,2,1,87,146,179840,1025,0,181011,179986,146,0,4209,0
eeb7ab60-2a68-4c2c-ac20-2ecd68401faa,3,1,1,3090,7936,188,0,11214,11026,3090,0,62,2
eeb7ab60-2a68-4c2c-ac20-2ecd68401faa,3,1,2,2757,11136,448,107,14341,13893,2757,425,46,4
eeb7ab60-2a68-4c2c-ac20-2ecd68401faa,3,1,3,10192,14336,688,225,25216,24528,10192,822,75,4
eeb7ab60-2a68-4c2c-ac20-2ecd68401faa,3,1,4,13572,25216,830,148,39618,38788,13572,534,81,4
eeb7ab60-2a68-4c2c-ac20-2ecd68401faa,3,1,5,5587,39552,1173,546,46312,45139,5587,1879,97,4
eeb7ab60-2a68-4c2c-ac20-2ecd68401faa,3,1,6,2667,46208,824,261,49699,48875,2667,933,0,4
eeb7ab60-2a68-4c2c-ac20-2ecd68401faa,3,1,7,6731,49664,1305,591,57700,56395,6731,2250,83,4
eeb7ab60-2a68-4c2c-ac20-2ecd68401faa,3,1,8,2307,57600,827,227,60734,59907,2307,835,0,4
eeb7ab60-2a68-4c2c-ac20-2ecd68401faa,3,1,9,30671,60672,1197,588,92540,91343,30671,2409,57,4
eeb7ab60-2a68-4c2c-ac20-2ecd68401faa,3,1,10,8037,91392,1671,946,101100,99429,8037,3388,0,4
eeb7ab60-2a68-4c2c-ac20-2ecd68401faa,3,1,11,4619,100992,4244,550,109855,105611,4619,2078,110,4
eeb7ab60-2a68-4c2c-ac20-2ecd68401faa,3,1,12,986,109824,791,190,111601,110810,986,671,102,4
eeb7ab60-2a68-4c2c-ac20-2ecd68401faa,3,1,13,3719,111488,1034,277,116241,115207,3719,935,0,4
eeb7ab60-2a68-4c2c-ac20-2ecd68401faa,3,1,14,940,116224,668,132,117832,117164,940,535,0,4
eeb7ab60-2a68-4c2c-ac20-2ecd68401faa,3,1,15,7586,117760,1854,1305,127200,125346,7586,4717,112,4
eeb7ab60-2a68-4c2c-ac20-2ecd68401faa,3,1,16,26789,126080,892,211,153761,152869,26789,877,0,4
eeb7ab60-2a68-4c2c-ac20-2ecd68401faa,3,1,17,1127,153728,658,251,155513,154855,1127,918,0,2
eeb7ab60-2a68-4c2c-ac20-2ecd68401faa,3,1,18,284,155392,294,70,155970,155676,284,236,0,1
eeb7ab60-2a68-4c2c-ac20-2ecd68401faa,3,1,19,937,155904,6143,2412,162984,156841,937,9208,54,1
eeb7ab60-2a68-4c2c-ac20-2ecd68401faa,3,1,20,230,162816,119,9,163165,163046,230,38,0,1
eeb7ab60-2a68-4c2c-ac20-2ecd68401faa,3,1,21,164,163072,3367,146,166603,163236,164,562,71,1
eeb7ab60-2a68-4c2c-ac20-2ecd68401faa,3,1,22,137,166528,90,0,166755,166665,137,0,0,1
eeb7ab60-2a68-4c2c-ac20-2ecd68401faa,3,1,23,258,166528,211,99,166997,166786,258,444,0,1
eeb7ab60-2a68-4c2c-ac20-2ecd68401faa,3,1,24,242,166784,1527,0,168553,167026,242,0,0,1
eeb7ab60-2a68-4c2c-ac20-2ecd68401faa,3,1,25,148,168448,867,0,169463,168596,148,0,3241,0
f075487c-22fd-44f1-b4d8-b5fe1df11602,2,1,1,2939,7936,137,0,11012,10875,2939,0,72,2
f075487c-22fd-44f1-b4d8-b5fe1df11602,2,1,2,11413,11008,119,8,22540,22421,11413,32,0,2
f075487c-22fd-44f1-b4d8-b5fe1df11602,2,1,3,10960,22528,649,369,34137,33488,10960,1408,0,2
f075487c-22fd-44f1-b4d8-b5fe1df11602,2,1,4,835,34048,345,45,35228,34883,835,209,0,3
f075487c-22fd-44f1-b4d8-b5fe1df11602,2,1,5,190,35072,167,21,35429,35262,190,81,0,1
f075487c-22fd-44f1-b4d8-b5fe1df11602,2,1,6,273,35328,226,42,35827,35601,273,134,0,1
f075487c-22fd-44f1-b4d8-b5fe1df11602,2,1,7,139,35712,156,61,36007,35851,139,263,0,1
f075487c-22fd-44f1-b4d8-b5fe1df11602,2,1,8,184,35840,314,85,36338,36024,184,340,0,1
f075487c-22fd-44f1-b4d8-b5fe1df11602,2,1,9,154,36224,517,73,36895,36378,154,258,0,1
f075487c-22fd-44f1-b4d8-b5fe1df11602,2,1,10,1992,36864,427,199,39283,38856,1992,601,0,3
f075487c-22fd-44f1-b4d8-b5fe1df11602,2,1,11,8882,39168,610,293,48660,48050,8882,1164,0,3
f075487c-22fd-44f1-b4d8-b5fe1df11602,2,1,12,266,48640,164,77,49070,48906,266,363,0,1
f075487c-22fd-44f1-b4d8-b5fe1df11602,2,1,13,435,49024,818,550,50277,49459,435,1791,0,2
f075487c-22fd-44f1-b4d8-b5fe1df11602,2,1,14,1124,50176,627,294,51927,51300,1124,947,0,2
f075487c-22fd-44f1-b4d8-b5fe1df11602,2,1,15,389,51840,356,125,52585,52229,389,480,0,2
f075487c-22fd-44f1-b4d8-b5fe1df11602,2,1,16,457,52480,356,79,53293,52937,457,229,0,1
f075487c-22fd-44f1-b4d8-b5fe1df11602,2,1,17,189,53120,163,8,53472,53309,189,31,0,1
f075487c-22fd-44f1-b4d8-b5fe1df11602,2,1,18,169,53376,498,157,54043,53545,169,569,0,1
f075487c-22fd-44f1-b4d8-b5fe1df11602,2,1,19,242,54016,333,91,54591,54258,242,322,0,1
f075487c-22fd-44f1-b4d8-b5fe1df11602,2,1,20,472,54528,877,435,55877,55000,472,1334,0,2
f075487c-22fd-44f1-b4d8-b5fe1df11602,2,1,21,216,55808,355,105,56379,56024,216,336,0,2
f075487c-22fd-44f1-b4d8-b5fe1df11602,2,1,22,231,56320,545,105,57096,56551,231,387,0,1
f075487c-22fd-44f1-b4d8-b5fe1df11602,2,1,23,421,57088,776,568,58285,57509,421,1934,0,2
f075487c-22fd-44f1-b4d8-b5fe1df11602,2,1,24,1976,58240,717,279,60933,60216,1976,817,0,1
f075487c-22fd-44f1-b4d8-b5fe1df11602,2,1,25,286,60928,390,81,61604,61214,286,339,0,1
f075487c-22fd-44f1-b4d8-b5fe1df11602,2,1,26,137,61568,333,75,62038,61705,137,274,0,1
f075487c-22fd-44f1-b4d8-b5fe1df11602,2,1,27,1275,61952,842,395,64069,63227,1275,1510,0,2
f075487c-22fd-44f1-b4d8-b5fe1df11602,2,1,28,937,64000,1316,1063,66253,64937,937,4080,0,2
f075487c-22fd-44f1-b4d8-b5fe1df11602,2,1,29,393,66176,989,760,67558,66569,393,2596,0,2
f075487c-22fd-44f1-b4d8-b5fe1df11602,2,1,30,52162,67456,4030,641,123648,119618,52162,2605,102,2
f075487c-22fd-44f1-b4d8-b5fe1df11602,2,1,31,200,123520,133,44,123853,123720,200,159,0,1
f075487c-22fd-44f1-b4d8-b5fe1df11602,2,1,32,48111,123776,133,24,172020,171887,48111,93,0,1
f075487c-22fd-44f1-b4d8-b5fe1df11602,2,1,33,146,171904,314,175,172364,172050,146,717,0,2
f075487c-22fd-44f1-b4d8-b5fe1df11602,2,1,34,455,172288,550,268,173293,172743,455,921,0,1
f075487c-22fd-44f1-b4d8-b5fe1df11602,2,1,35,542,173184,273,16,173999,173726,542,71,0,1
f075487c-22fd-44f1-b4d8-b5fe1df11602,2,1,36,1212,173952,1808,1517,176972,175164,1212,5276,0,2
f075487c-22fd-44f1-b4d8-b5fe1df11602,2,1,37,7734,176896,529,218,185159,184630,7734,800,0,1
f075487c-22fd-44f1-b4d8-b5fe1df11602,2,1,38,251,185088,364,152,185703,185339,251,522,0,1
f075487c-22fd-44f1-b4d8-b5fe1df11602,2,1,39,463,185600,334,51,186397,186063,463,167,0,1
f075487c-22fd-44f1-b4d8-b5fe1df11602,2,1,40,183,186368,208,52,186759,186551,183,175,0,1
f075487c-22fd-44f1-b4d8-b5fe1df11602,2,1,41,181,186624,221,17,187026,186805,181,72,0,1
f075487c-22fd-44f1-b4d8-b5fe1df11602,2,1,42,238,187008,328,141,187574,187246,238,453,0,1
f075487c-22fd-44f1-b4d8-b5fe1df11602,2,1,43,172,187520,780,546,188472,187692,172,1847,0,1
f075487c-22fd-44f1-b4d8-b5fe1df11602,2,1,44,994,188416,537,246,189947,189410,994,784,0,1
f075487c-22fd-44f1-b4d8-b5fe1df11602,2,1,45,490,189824,396,181,190710,190314,490,647,0,1
f075487c-22fd-44f1-b4d8-b5fe1df11602,2,1,46,563,190592,388,236,191543,191155,563,792,0,1
f075487c-22fd-44f1-b4d8-b5fe1df11602,2,1,47,1476,191488,1009,643,193973,192964,1476,2457,0,2
f075487c-22fd-44f1-b4d8-b5fe1df11602,2,1,48,2310,193920,335,137,196565,196230,2310,531,0,1
f075487c-22fd-44f1-b4d8-b5fe1df11602,2,1,49,277,196480,757,468,197514,196757,277,1541,0,1
f075487c-22fd-44f1-b4d8-b5fe1df11602,2,1,50,240,197504,354,155,198098,197744,240,573,0,1
f075487c-22fd-44f1-b4d8-b5fe1df11602,2,1,51,227,198016,119,0,198362,198243,227,0,0,1
f075487c-22fd-44f1-b4d8-b5fe1df11602,2,1,52,210,198272,78,0,198560,198482,210,0,0,1
f075487c-22fd-44f1-b4d8-b5fe1df11602,2,1,53,1126,198528,421,222,200075,199654,1126,746,0,1
f075487c-22fd-44f1-b4d8-b5fe1df11602,2,1,54,1100,200064,176,97,201340,201164,1100,377,0,1
f075487c-22fd-44f1-b4d8-b5fe1df11602,2,1,55,1259,201216,158,36,202633,202475,1259,120,0,1
f075487c-22fd-44f1-b4d8-b5fe1df11602,2,1,56,1167,202624,313,99,204104,203791,1167,404,0,1
f075487c-22fd-44f1-b4d8-b5fe1df11602,2,1,57,807,204032,209,102,205048,204839,807,377,0,1
f075487c-22fd-44f1-b4d8-b5fe1df11602,2,1,58,1827,204928,718,442,207473,206755,1827,1829,0,2
f075487c-22fd-44f1-b4d8-b5fe1df11602,2,1,59,7906,207360,1371,1040,216637,215266,7906,3663,0,2
f075487c-22fd-44f1-b4d8-b5fe1df11602,2,1,60,2386,216576,942,536,219904,218962,2386,1894,0,1
f075487c-22fd-44f1-b4d8-b5fe1df11602,2,1,61,164,219904,559,98,220627,220068,164,368,0,1
f075487c-22fd-44f1-b4d8-b5fe1df11602,2,1,62,235,220416,1025,402,221676,220651,235,1471,0,1
f075487c-22fd-44f1-b4d8-b5fe1df11602,2,1,63,393,221568,275,114,222236,221961,393,357,0,1
f075487c-22fd-44f1-b4d8-b5fe1df11602,2,1,64,140,222208,180,96,222528,222348,140,412,0,1
f075487c-22fd-44f1-b4d8-b5fe1df11602,2,1,65,1063,222464,1513,1001,225040,223527,1063,4060,108,2
f075487c-22fd-44f1-b4d8-b5fe1df11602,2,1,66,685,225024,1407,521,227116,225709,685,2165,0,1
f075487c-22fd-44f1-b4d8-b5fe1df11602,2,1,67,191,226944,563,227,227698,227135,191,645,0,2
f075487c-22fd-44f1-b4d8-b5fe1df11602,2,1,68,1710,227584,492,238,229786,229294,1710,874,0,2
f075487c-22fd-44f1-b4d8-b5fe1df11602,2,1,69,3973,229760,668,408,234401,233733,3973,1223,0,2
f075487c-22fd-44f1-b4d8-b5fe1df11602,2,1,70,446,234368,471,237,235285,234814,446,938,0,1
f075487c-22fd-44f1-b4d8-b5fe1df11602,2,1,71,170,235136,461,195,235767,235306,170,689,0,1
f075487c-22fd-44f1-b4d8-b5fe1df11602,2,1,72,384,235648,771,463,236803,236032,384,1726,0,1
f075487c-22fd-44f1-b4d8-b5fe1df11602,2,1,73,185,236672,912,710,237769,236857,185,2520,0,1
f075487c-22fd-44f1-b4d8-b5fe1df11602,2,1,74,266,237696,347,35,238309,237962,266,150,0,1
f075487c-22fd-44f1-b4d8-b5fe1df11602,2,1,75,256,238208,457,85,238921,238464,256,289,0,1
f075487c-22fd-44f1-b4d8-b5fe1df11602,2,1,76,744,238848,572,221,240164,239592,744,708,0,1
f075487c-22fd-44f1-b4d8-b5fe1df11602,2,1,77,233,240128,618,277,240979,240361,233,923,0,2
f075487c-22fd-44f1-b4d8-b5fe1df11602,2,1,78,944,240896,710,233,242550,241840,944,858,0,2
f075487c-22fd-44f1-b4d8-b5fe1df11602,2,1,79,672,242432,366,157,243470,243104,672,511,0,2
f075487c-22fd-44f1-b4d8-b5fe1df11602,2,1,80,859,243456,512,120,244827,244315,859,403,0,2
f075487c-22fd-44f1-b4d8-b5fe1df11602,2,1,81,316,244736,844,506,245896,245052,316,1708,0,1
f075487c-22fd-44f1-b4d8-b5fe1df11602,2,1,82,381,245888,435,217,246704,246269,381,796,0,1
f075487c-22fd-44f1-b4d8-b5fe1df11602,2,1,83,201,246656,291,129,247148,246857,201,437,0,1
f075487c-22fd-44f1-b4d8-b5fe1df11602,2,1,84,308,247040,276,17,247624,247348,308,58,0,1
f075487c-22fd-44f1-b4d8-b5fe1df11602,2,1,85,220,247424,236,42,247880,247644,220,157,0,1
f075487c-22fd-44f1-b4d8-b5fe1df11602,2,1,86,217,247808,875,660,248900,248025,217,2110,0,2
f075487c-22fd-44f1-b4d8-b5fe1df11602,2,1,87,688,248832,1446,1213,250966,249520,688,4388,0,1
f075487c-22fd-44f1-b4d8-b5fe1df11602,2,1,88,248,250880,372,223,251500,251128,248,838,0,2
f075487c-22fd-44f1-b4d8-b5fe1df11602,2,1,89,294,251392,795,375,252481,251686,294,1320,0,2
f075487c-22fd-44f1-b4d8-b5fe1df11602,2,1,90,735,252416,253,156,253404,253151,735,551,0,1
f075487c-22fd-44f1-b4d8-b5fe1df11602,2,1,91,439,253312,455,270,254206,253751,439,1068,0,1
f075487c-22fd-44f1-b4d8-b5fe1df11602,2,1,92,1174,254080,575,275,255829,255254,1174,1050,0,1
f075487c-22fd-44f1-b4d8-b5fe1df11602,2,1,93,239,255616,145,28,256000,255855,239,101,0,1
f075487c-22fd-44f1-b4d8-b5fe1df11602,2,1,94,642,256000,433,253,257075,256642,642,958,0,1
f075487c-22fd-44f1-b4d8-b5fe1df11602,2,1,95,923,257024,378,263,258325,257947,923,1050,0,2
f075487c-22fd-44f1-b4d8-b5fe1df11602,2,1,96,218,258304,671,218,259193,258522,218,732,0,2
f075487c-22fd-44f1-b4d8-b5fe1df11602,2,1,97,926,259072,311,159,260309,259998,926,589,0,1
f075487c-22fd-44f1-b4d8-b5fe1df11602,2,1,98,1061,260224,230,97,261515,261285,1061,387,0,1
f075487c-22fd-44f1-b4d8-b5fe1df11602,2,1,99,1242,261504,145,48,262891,262746,1242,172,0,1
f075487c-22fd-44f1-b4d8-b5fe1df11602,2,1,100,841,262784,558,232,264183,263625,841,893,0,2
f075487c-22fd-44f1-b4d8-b5fe1df11602,2,1,101,628,264064,698,441,265390,264692,628,1689,0,2
f075487c-22fd-44f1-b4d8-b5fe1df11602,2,1,102,1260,265344,513,206,267117,266604,1260,858,0,2
f075487c-22fd-44f1-b4d8-b5fe1df11602,2,1,103,182,267008,183,63,267373,267190,182,282,0,1
f075487c-22fd-44f1-b4d8-b5fe1df11602,2,1,104,411,267264,495,228,268170,267675,411,818,0,2
f075487c-22fd-44f1-b4d8-b5fe1df11602,2,1,105,1573,268160,865,408,270598,269733,1573,1594,0,1
f075487c-22fd-44f1-b4d8-b5fe1df11602,2,1,106,264,270592,337,155,271193,270856,264,568,0,1
f075487c-22fd-44f1-b4d8-b5fe1df11602,2,1,107,557,271104,124,0,271785,271661,557,0,0,1
f075487c-22fd-44f1-b4d8-b5fe1df11602,2,1,108,1400,271744,548,423,273692,273144,1400,1847,0,1
f075487c-22fd-44f1-b4d8-b5fe1df11602,2,1,109,159,273664,354,103,274177,273823,159,394,0,1
f075487c-22fd-44f1-b4d8-b5fe1df11602,2,1,110,186,274048,205,66,274439,274234,186,257,0,1
f075487c-22fd-44f1-b4d8-b5fe1df11602,2,1,111,5380,274432,299,276,280111,279812,5380,1094,0,1
f075487c-22fd-44f1-b4d8-b5fe1df11602,2,1,112,247,279936,4721,202,284904,280183,247,846,0,1
f075487c-22fd-44f1-b4d8-b5fe1df11602,2,1,113,3629,284800,232,95,288661,288429,3629,401,0,1
f075487c-22fd-44f1-b4d8-b5fe1df11602,2,1,114,219,288512,254,145,288985,288731,219,622,0,1
f075487c-22fd-44f1-b4d8-b5fe1df11602,2,1,115,2213,288896,421,258,291530,291109,2213,856,0,1
f075487c-22fd-44f1-b4d8-b5fe1df11602,2,1,116,275,291456,324,43,292055,291731,275,166,0,1
f075487c-22fd-44f1-b4d8-b5fe1df11602,2,1,117,180,291968,168,69,292316,292148,180,197,0,1
f075487c-22fd-44f1-b4d8-b5fe1df11602,2,1,118,235,292096,526,257,292857,292331,235,992,0,1
f075487c-22fd-44f1-b4d8-b5fe1df11602,2,1,119,988,292736,305,110,294029,293724,988,455,0,1
f075487c-22fd-44f1-b4d8-b5fe1df11602,2,1,120,251,294016,195,97,294462,294267,251,386,0,1
f075487c-22fd-44f1-b4d8-b5fe1df11602,2,1,121,205,294272,471,287,294948,294477,205,975,0,1
f075487c-22fd-44f1-b4d8-b5fe1df11602,2,1,122,524,294912,443,152,295879,295436,524,568,0,2
f075487c-22fd-44f1-b4d8-b5fe1df11602,2,1,123,537,295808,269,246,296614,296345,537,910,0,1
f075487c-22fd-44f1-b4d8-b5fe1df11602,2,1,124,238,296448,3050,1056,299736,296686,238,3924,0,2
f075487c-22fd-44f1-b4d8-b5fe1df11602,2,1,125,172,299648,595,66,300415,299820,172,260,0,1
f075487c-22fd-44f1-b4d8-b5fe1df11602,2,1,126,178,300288,2132,55,302598,300466,178,235,0,1
f075487c-22fd-44f1-b4d8-b5fe1df11602,2,1,127,184,302464,231,128,302879,302648,184,551,0,1
f075487c-22fd-44f1-b4d8-b5fe1df11602,2,1,128,174,302720,403,274,303297,302894,174,1136,0,1
f075487c-22fd-44f1-b4d8-b5fe1df11602,2,1,129,227,303104,96,17,303427,303331,227,62,0,1
f075487c-22fd-44f1-b4d8-b5fe1df11602,2,1,130,206,303360,326,225,303892,303566,206,929,0,1
f075487c-22fd-44f1-b4d8-b5fe1df11602,2,1,131,164,303744,324,30,304232,303908,164,134,0,2
f075487c-22fd-44f1-b4d8-b5fe1df11602,2,1,132,160,304128,3549,0,307837,304288,160,0,0,1
f075487c-22fd-44f1-b4d8-b5fe1df11602,2,1,133,166,307712,262,202,308140,307878,166,950,0,1
f075487c-22fd-44f1-b4d8-b5fe1df11602,2,1,134,210,307968,3542,0,311720,308178,210,0,12013,0
f075487c-22fd-44f1-b4d8-b5fe1df11602,2,1,135,206,311552,677,444,312435,311758,206,1732,0,1
f075487c-22fd-44f1-b4d8-b5fe1df11602,2,1,136,1606,312320,322,171,314248,313926,1606,618,0,1
f075487c-22fd-44f1-b4d8-b5fe1df11602,2,1,137,196,314112,264,110,314572,314308,196,511,0,1
f075487c-22fd-44f1-b4d8-b5fe1df11602,2,1,138,218,314368,893,21,315479,314586,218,92,0,1
f075487c-22fd-44f1-b4d8-b5fe1df11602,2,1,139,256,315264,575,0,316095,315520,256,0,1951,0
f38af81e-dc28-419d-ba96-1e5e64b5619c,3,1,1,2892,7936,390,0,11218,10828,2892,0,102,2
f38af81e-dc28-419d-ba96-1e5e64b5619c,3,1,2,1775,11136,283,64,13194,12911,1775,304,115,2
f38af81e-dc28-419d-ba96-1e5e64b5619c,3,1,3,3076,13184,370,75,16630,16260,3076,373,107,2
f38af81e-dc28-419d-ba96-1e5e64b5619c,3,1,4,19637,16512,790,495,36939,36149,19637,1857,89,2
f38af81e-dc28-419d-ba96-1e5e64b5619c,3,1,5,1268,36864,450,80,38582,38132,1268,322,87,2
f38af81e-dc28-419d-ba96-1e5e64b5619c,3,1,6,2821,38528,370,165,41719,41349,2821,661,110,2
f38af81e-dc28-419d-ba96-1e5e64b5619c,3,1,7,413,41600,352,98,42365,42013,413,365,76,2
f38af81e-dc28-419d-ba96-1e5e64b5619c,3,1,8,2830,42240,650,322,45720,45070,2830,1298,85,2
f38af81e-dc28-419d-ba96-1e5e64b5619c,3,1,9,911,45696,809,272,47416,46607,911,944,113,2
f38af81e-dc28-419d-ba96-1e5e64b5619c,3,1,10,831,47360,426,70,48617,48191,831,250,84,2
f38af81e-dc28-419d-ba96-1e5e64b5619c,3,1,11,233,48512,340,87,49085,48745,233,316,85,2
f38af81e-dc28-419d-ba96-1e5e64b5619c,3,1,12,1497,49024,1524,169,52045,50521,1497,662,118,2
f38af81e-dc28-419d-ba96-1e5e64b5619c,3,1,13,314,51968,900,341,53182,52282,314,1295,119,2
f38af81e-dc28-419d-ba96-1e5e64b5619c,3,1,14,854,53120,446,251,54420,53974,854,1016,84,2
f38af81e-dc28-419d-ba96-1e5e64b5619c,3,1,15,1492,54400,524,164,56416,55892,1492,621,55,2
f38af81e-dc28-419d-ba96-1e5e64b5619c,3,1,16,152,56320,878,267,57350,56472,152,1072,77,2
f38af81e-dc28-419d-ba96-1e5e64b5619c,3,1,17,236,57344,587,190,58167,57580,236,757,77,2
f38af81e-dc28-419d-ba96-1e5e64b5619c,3,1,18,153,58112,498,261,58763,58265,153,1056,74,1
f38af81e-dc28-419d-ba96-1e5e64b5619c,3,1,19,266,58752,234,71,59252,59018,266,259,0,1
f38af81e-dc28-419d-ba96-1e5e64b5619c,3,1,20,441,59136,280,19,59857,59577,441,67,60,1
f38af81e-dc28-419d-ba96-1e5e64b5619c,3,1,21,1225,59776,636,173,61637,61001,1225,661,62,1
f38af81e-dc28-419d-ba96-1e5e64b5619c,3,1,22,164,61568,183,47,61915,61732,164,172,0,1
f38af81e-dc28-419d-ba96-1e5e64b5619c,3,1,23,4587,61824,515,252,66926,66411,4587,1131,110,2
f38af81e-dc28-419d-ba96-1e5e64b5619c,3,1,24,16044,66816,1285,814,84145,82860,16044,3380,167,2
f38af81e-dc28-419d-ba96-1e5e64b5619c,3,1,25,3529,84096,588,224,88213,87625,3529,755,66,2
f38af81e-dc28-419d-ba96-1e5e64b5619c,3,1,26,199,88192,601,158,88992,88391,199,586,87,2
f38af81e-dc28-419d-ba96-1e5e64b5619c,3,1,27,7613,88960,772,374,97345,96573,7613,1319,94,2
f38af81e-dc28-419d-ba96-1e5e64b5619c,3,1,28,1066,97280,567,351,98913,98346,1066,1700,95,1
f38af81e-dc28-419d-ba96-1e5e64b5619c,3,1,29,819,98816,492,114,100127,99635,819,378,0,2
f38af81e-dc28-419d-ba96-1e5e64b5619c,3,1,30,1146,100096,800,628,102042,101242,1146,2351,75,2
f38af81e-dc28-419d-ba96-1e5e64b5619c,3,1,31,940,102016,190,38,103146,102956,940,160,48,1
f38af81e-dc28-419d-ba96-1e5e64b5619c,3,1,32,208,103040,901,557,104149,103248,208,2160,80,2
f38af81e-dc28-419d-ba96-1e5e64b5619c,3,1,33,3146,104064,793,483,108003,107210,3146,1850,110,2
f38af81e-dc28-419d-ba96-1e5e64b5619c,3,1,34,9569,107904,1119,527,118592,117473,9569,1958,102,2
f38af81e-dc28-419d-ba96-1e5e64b5619c,3,1,35,245,118400,910,308,119555,118645,245,1141,46,1
f38af81e-dc28-419d-ba96-1e5e64b5619c,3,1,36,269,119552,541,130,120362,119821,269,457,61,1
f38af81e-dc28-419d-ba96-1e5e64b5619c,3,1,37,197,120320,884,334,121401,120517,197,1168,76,2
f38af81e-dc28-419d-ba96-1e5e64b5619c,3,1,38,1153,121344,554,113,123051,122497,1153,377,32,2
f38af81e-dc28-419d-ba96-1e5e64b5619c,3,1,39,923,123008,678,343,124609,123931,923,1178,119,2
f38af81e-dc28-419d-ba96-1e5e64b5619c,3,1,40,257,124416,655,187,125328,124673,257,692,55,2
f38af81e-dc28-419d-ba96-1e5e64b5619c,3,1,41,1437,125312,907,600,127656,126749,1437,2690,81,1
f38af81e-dc28-419d-ba96-1e5e64b5619c,3,1,42,1381,127616,1208,633,130205,128997,1381,2513,73,2
f38af81e-dc28-419d-ba96-1e5e64b5619c,3,1,43,351,130176,390,61,130917,130527,351,213,0,2
f38af81e-dc28-419d-ba96-1e5e64b5619c,3,1,44,193,130816,480,100,131489,131009,193,353,0,2
f38af81e-dc28-419d-ba96-1e5e64b5619c,3,1,45,218,131328,671,291,132217,131546,218,1065,0,2
f38af81e-dc28-419d-ba96-1e5e64b5619c,3,1,46,379,132096,605,276,133080,132475,379,1025,0,2
f38af81e-dc28-419d-ba96-1e5e64b5619c,3,1,47,8394,132992,1200,415,142586,141386,8394,1685,121,2
f38af81e-dc28-419d-ba96-1e5e64b5619c,3,1,48,3719,142464,1064,534,147247,146183,3719,2288,62,2
f38af81e-dc28-419d-ba96-1e5e64b5619c,3,1,49,5656,147200,942,318,153798,152856,5656,1188,0,2
f38af81e-dc28-419d-ba96-1e5e64b5619c,3,1,50,438,153728,468,267,154634,154166,438,974,0,2
f38af81e-dc28-419d-ba96-1e5e64b5619c,3,1,51,3783,154624,747,264,159154,158407,3783,1091,0,2
f38af81e-dc28-419d-ba96-1e5e64b5619c,3,1,52,821,159104,439,45,160364,159925,821,190,53,1
f38af81e-dc28-419d-ba96-1e5e64b5619c,3,1,53,336,160256,194,77,160786,160592,336,362,0,1
f38af81e-dc28-419d-ba96-1e5e64b5619c,3,1,54,415,160768,321,126,161504,161183,415,508,0,1
f38af81e-dc28-419d-ba96-1e5e64b5619c,3,1,55,516,161408,527,268,162451,161924,516,885,79,1
f38af81e-dc28-419d-ba96-1e5e64b5619c,3,1,56,467,162432,515,135,163414,162899,467,547,89,1
f38af81e-dc28-419d-ba96-1e5e64b5619c,3,1,57,223,163328,482,45,164033,163551,223,177,64,1
f38af81e-dc28-419d-ba96-1e5e64b5619c,3,1,58,261,163968,194,68,164423,164229,261,301,81,1
f38af81e-dc28-419d-ba96-1e5e64b5619c,3,1,59,385,164352,4010,1197,168747,164737,385,4679,22,1
f38af81e-dc28-419d-ba96-1e5e64b5619c,3,1,60,229,168576,1674,33,170479,168805,229,155,47,1
f38af81e-dc28-419d-ba96-1e5e64b5619c,3,1,61,154,170368,102,0,170624,170522,154,0,0,1
f38af81e-dc28-419d-ba96-1e5e64b5619c,3,1,62,153,170496,2535,16,173184,170649,153,73,9517,0
f46b62e3-769c-456c-86bf-bdc081345c27,3,1,1,3790,7936,191,0,11917,11726,3790,0,47,2
f46b62e3-769c-456c-86bf-bdc081345c27,3,1,2,3249,11904,497,50,15650,15153,3249,237,0,2
f46b62e3-769c-456c-86bf-bdc081345c27,3,1,3,1464,15616,1257,42,18337,17080,1464,199,153,2
f46b62e3-769c-456c-86bf-bdc081345c27,3,1,4,468,18304,1063,644,19835,18772,468,2342,148,1
f46b62e3-769c-456c-86bf-bdc081345c27,3,1,5,1380,18816,529,50,20725,20196,1380,218,76,1
f46b62e3-769c-456c-86bf-bdc081345c27,3,1,6,1624,20608,725,609,22957,22232,1624,2481,0,1
f46b62e3-769c-456c-86bf-bdc081345c27,3,1,7,2676,22912,822,558,26410,25588,2676,2252,103,1
f46b62e3-769c-456c-86bf-bdc081345c27,3,1,8,184,26240,368,0,26792,26424,184,0,0,2
f46b62e3-769c-456c-86bf-bdc081345c27,3,1,9,202,26624,763,0,27589,26826,202,0,0,3
f46b62e3-769c-456c-86bf-bdc081345c27,3,1,10,1987,27520,1292,742,30799,29507,1987,2671,61,1
f46b62e3-769c-456c-86bf-bdc081345c27,3,1,11,1649,30720,1172,673,33541,32369,1649,2678,0,2
f46b62e3-769c-456c-86bf-bdc081345c27,3,1,12,2434,33536,1276,644,37246,35970,2434,2600,0,2
f46b62e3-769c-456c-86bf-bdc081345c27,3,1,13,1823,37120,1490,791,40433,38943,1823,3027,70,2
f46b62e3-769c-456c-86bf-bdc081345c27,3,1,14,1376,40320,1144,157,42840,41696,1376,532,0,2
f46b62e3-769c-456c-86bf-bdc081345c27,3,1,15,229,42752,392,51,43373,42981,229,236,0,2
f46b62e3-769c-456c-86bf-bdc081345c27,3,1,16,4456,43264,1256,769,48976,47720,4456,2460,0,2
f46b62e3-769c-456c-86bf-bdc081345c27,3,1,17,7648,48896,1024,383,57568,56544,7648,1457,73,2
f46b62e3-769c-456c-86bf-bdc081345c27,3,1,18,1093,57472,526,263,59091,58565,1093,933,0,2
f46b62e3-769c-456c-86bf-bdc081345c27,3,1,19,6503,59008,1412,657,66923,65511,6503,2629,140,2
f46b62e3-769c-456c-86bf-bdc081345c27,3,1,20,826,66816,1765,919,69407,67642,826,3581,0,2
f46b62e3-769c-456c-86bf-bdc081345c27,3,1,21,866,69376,265,56,70507,70242,866,205,0,2
f46b62e3-769c-456c-86bf-bdc081345c27,3,1,22,2150,70400,1280,429,73830,72550,2150,1577,0,2
f46b62e3-769c-456c-86bf-bdc081345c27,3,1,23,907,73728,311,60,74946,74635,907,266,0,2
f46b62e3-769c-456c-86bf-bdc081345c27,3,1,24,3128,74880,1837,325,79845,78008,3128,1284,0,2
f46b62e3-769c-456c-86bf-bdc081345c27,3,1,25,719,79744,347,27,80810,80463,719,109,0,2
f46b62e3-769c-456c-86bf-bdc081345c27,3,1,26,4150,80768,1272,474,86190,84918,4150,1931,150,2
f46b62e3-769c-456c-86bf-bdc081345c27,3,1,27,1355,86144,980,655,88479,87499,1355,2425,0,2
f46b62e3-769c-456c-86bf-bdc081345c27,3,1,28,2765,88448,1143,225,92356,91213,2765,881,0,2
f46b62e3-769c-456c-86bf-bdc081345c27,3,1,29,1800,92288,1383,452,95471,94088,1800,1567,98,2
f46b62e3-769c-456c-86bf-bdc081345c27,3,1,30,749,95360,498,136,96607,96109,749,489,0,2
f46b62e3-769c-456c-86bf-bdc081345c27,3,1,31,5728,96512,1392,343,103632,102240,5728,1364,0,2
f46b62e3-769c-456c-86bf-bdc081345c27,3,1,32,996,103552,583,217,105131,104548,996,849,0,2
f46b62e3-769c-456c-86bf-bdc081345c27,3,1,33,2483,105088,1091,126,108662,107571,2483,525,0,2
f46b62e3-769c-456c-86bf-bdc081345c27,3,1,34,1222,108544,889,237,110655,109766,1222,927,0,1
f46b62e3-769c-456c-86bf-bdc081345c27,3,1,35,437,110592,937,256,111966,111029,437,1008,123,2
f46b62e3-769c-456c-86bf-bdc081345c27,3,1,36,606,111872,525,94,113003,112478,606,360,106,1
f46b62e3-769c-456c-86bf-bdc081345c27,3,1,37,1086,112896,729,239,114711,113982,1086,971,91,2
f46b62e3-769c-456c-86bf-bdc081345c27,3,1,38,3140,113920,1677,304,118737,117060,3140,1077,0,2
f46b62e3-769c-456c-86bf-bdc081345c27,3,1,39,351,118656,725,160,119732,119007,351,707,0,2
f46b62e3-769c-456c-86bf-bdc081345c27,3,1,40,145,119680,427,179,120252,119825,145,817,0,1
f46b62e3-769c-456c-86bf-bdc081345c27,3,1,41,216,120192,4405,3833,124813,120408,216,13577,0,2
f46b62e3-769c-456c-86bf-bdc081345c27,3,1,42,2669,124800,1098,314,128567,127469,2669,1389,0,1
f46b62e3-769c-456c-86bf-bdc081345c27,3,1,43,487,128512,20209,228,149208,128999,487,769,38,1
f46b62e3-769c-456c-86bf-bdc081345c27,3,1,44,148,149120,455,58,149723,149268,148,241,67,1
f46b62e3-769c-456c-86bf-bdc081345c27,3,1,45,632,149632,479,43,150743,150264,632,187,0,1
f46b62e3-769c-456c-86bf-bdc081345c27,3,1,46,557,150656,714,209,151927,151213,557,831,148,1
f46b62e3-769c-456c-86bf-bdc081345c27,3,1,47,227,151808,481,0,152516,152035,227,0,0,2
f46b62e3-769c-456c-86bf-bdc081345c27,3,1,48,156,152448,94,0,152698,152604,156,0,0,1
f46b62e3-769c-456c-86bf-bdc081345c27,3,1,49,149,152576,1338,0,154063,152725,149,0,0,1
f46b62e3-769c-456c-86bf-bdc081345c27,3,1,50,245,153856,843,0,154944,154101,245,0,2619,0
f51e95e9-cb4e-4789-88f1-e8f8db604767,3,1,1,2660,7936,171,0,10767,10596,2660,0,107,2
f51e95e9-cb4e-4789-88f1-e8f8db604767,3,1,2,7341,10752,590,260,18683,18093,7341,880,80,4
f51e95e9-cb4e-4789-88f1-e8f8db604767,3,1,3,735,18560,254,90,19549,19295,735,367,0,2
f51e95e9-cb4e-4789-88f1-e8f8db604767,3,1,4,1335,19456,294,91,21085,20791,1335,352,0,2
f51e95e9-cb4e-4789-88f1-e8f8db604767,3,1,5,2277,20992,415,48,23684,23269,2277,197,78,1
f51e95e9-cb4e-4789-88f1-e8f8db604767,3,1,6,191,23552,269,82,24012,23743,191,317,0,2
f51e95e9-cb4e-4789-88f1-e8f8db604767,3,1,7,4383,23936,623,291,28942,28319,4383,1205,0,1
f51e95e9-cb4e-4789-88f1-e8f8db604767,3,1,8,180,28928,187,37,29295,29108,180,141,0,1
f51e95e9-cb4e-4789-88f1-e8f8db604767,3,1,9,497,29184,517,139,30198,29681,497,591,85,1
f51e95e9-cb4e-4789-88f1-e8f8db604767,3,1,10,169,30080,131,0,30380,30249,169,0,0,1
f51e95e9-cb4e-4789-88f1-e8f8db604767,3,1,11,282,30336,365,175,30983,30618,282,672,0,3
f51e95e9-cb4e-4789-88f1-e8f8db604767,3,1,12,3153,30976,534,289,34663,34129,3153,1316,116,1
f51e95e9-cb4e-4789-88f1-e8f8db604767,3,1,13,153,34560,347,0,35060,34713,153,0,0,2
f51e95e9-cb4e-4789-88f1-e8f8db604767,3,1,14,278,34944,277,167,35499,35222,278,510,0,2
f51e95e9-cb4e-4789-88f1-e8f8db604767,3,1,15,441,35456,854,644,36751,35897,441,2539,0,3
f51e95e9-cb4e-4789-88f1-e8f8db604767,3,1,16,9126,36736,134,93,45996,45862,9126,425,0,1
f51e95e9-cb4e-4789-88f1-e8f8db604767,3,1,17,193,45824,328,194,46345,46017,193,807,0,2
f51e95e9-cb4e-4789-88f1-e8f8db604767,3,1,18,1992,46336,267,136,48595,48328,1992,507,0,1
f51e95e9-cb4e-4789-88f1-e8f8db604767,3,1,19,257,48384,253,90,48894,48641,257,336,0,1
f51e95e9-cb4e-4789-88f1-e8f8db604767,3,1,20,785,48768,216,54,49769,49553,785,170,0,1
f51e95e9-cb4e-4789-88f1-e8f8db604767,3,1,21,453,49664,162,0,50279,50117,453,0,0,1
f51e95e9-cb4e-4789-88f1-e8f8db604767,3,1,22,554,50176,328,137,51058,50730,554,489,0,1
f51e95e9-cb4e-4789-88f1-e8f8db604767,3,1,23,148,50944,196,0,51288,51092,148,0,0,1
f51e95e9-cb4e-4789-88f1-e8f8db604767,3,1,24,235,51072,53,12,51360,51307,235,56,0,1
f51e95e9-cb4e-4789-88f1-e8f8db604767,3,1,25,197,51200,112,0,51509,51397,197,0,0,1
f51e95e9-cb4e-4789-88f1-e8f8db604767,3,1,26,1429,51456,519,278,53404,52885,1429,1001,0,4
f51e95e9-cb4e-4789-88f1-e8f8db604767,3,1,27,15674,53376,191,119,69241,69050,15674,448,0,2
f51e95e9-cb4e-4789-88f1-e8f8db604767,3,1,28,159,69120,1050,879,70329,69279,159,3203,0,3
f51e95e9-cb4e-4789-88f1-e8f8db604767,3,1,29,11265,70272,194,122,81731,81537,11265,490,0,2
f51e95e9-cb4e-4789-88f1-e8f8db604767,3,1,30,233,81536,151,40,81920,81769,233,167,0,1
f51e95e9-cb4e-4789-88f1-e8f8db604767,3,1,31,271,81920,267,46,82458,82191,271,166,0,1
f51e95e9-cb4e-4789-88f1-e8f8db604767,3,1,32,227,82304,155,29,82686,82531,227,122,0,1
f51e95e9-cb4e-4789-88f1-e8f8db604767,3,1,33,737,82560,642,461,83939,83297,737,1692,0,3
f51e95e9-cb4e-4789-88f1-e8f8db604767,3,1,34,4674,83840,353,217,88867,88514,4674,846,0,1
f51e95e9-cb4e-4789-88f1-e8f8db604767,3,1,35,797,88832,379,215,90008,89629,797,724,0,3
f51e95e9-cb4e-4789-88f1-e8f8db604767,3,1,36,10632,89984,669,480,101285,100616,10632,1850,73,2
f51e95e9-cb4e-4789-88f1-e8f8db604767,3,1,37,564,101248,462,289,102274,101812,564,1023,0,3
f51e95e9-cb4e-4789-88f1-e8f8db604767,3,1,38,14838,102272,364,212,117474,117110,14838,810,0,1
f51e95e9-cb4e-4789-88f1-e8f8db604767,3,1,39,812,117376,338,173,118526,118188,812,576,0,2
f51e95e9-cb4e-4789-88f1-e8f8db604767,3,1,40,193,118400,264,99,118857,118593,193,401,0,2
f51e95e9-cb4e-4789-88f1-e8f8db604767,3,1,41,541,118784,633,293,119958,119325,541,1195,0,2
f51e95e9-cb4e-4789-88f1-e8f8db604767,3,1,42,5854,119936,326,177,126116,125790,5854,655,0,1
f51e95e9-cb4e-4789-88f1-e8f8db604767,3,1,43,374,126080,569,459,127023,126454,374,1645,0,2
f51e95e9-cb4e-4789-88f1-e8f8db604767,3,1,44,11476,126976,267,97,138719,138452,11476,396,0,1
f51e95e9-cb4e-4789-88f1-e8f8db604767,3,1,45,533,138624,344,72,139501,139157,533,263,0,2
f51e95e9-cb4e-4789-88f1-e8f8db604767,3,1,46,1667,139392,657,449,141716,141059,1667,1631,0,1
f51e95e9-cb4e-4789-88f1-e8f8db604767,3,1,47,798,141696,163,40,142657,142494,798,140,0,1
f51e95e9-cb4e-4789-88f1-e8f8db604767,3,1,48,816,142592,122,25,143530,143408,816,100,0,1
f51e95e9-cb4e-4789-88f1-e8f8db604767,3,1,49,1575,143488,417,237,145480,145063,1575,1073,0,1
f51e95e9-cb4e-4789-88f1-e8f8db604767,3,1,50,191,145408,277,163,145876,145599,191,537,0,1
f51e95e9-cb4e-4789-88f1-e8f8db604767,3,1,51,1348,145792,519,351,147659,147140,1348,1251,0,3
f51e95e9-cb4e-4789-88f1-e8f8db604767,3,1,52,8215,147584,647,470,156446,155799,8215,1815,0,1
f51e95e9-cb4e-4789-88f1-e8f8db604767,3,1,53,1510,156416,1053,888,158979,157926,1510,3334,0,1
f51e95e9-cb4e-4789-88f1-e8f8db604767,3,1,54,625,158976,161,19,159762,159601,625,73,60,1
f51e95e9-cb4e-4789-88f1-e8f8db604767,3,1,55,1138,159744,125,0,161007,160882,1138,0,0,1
f51e95e9-cb4e-4789-88f1-e8f8db604767,3,1,56,1238,160896,225,90,162359,162134,1238,352,0,1
f51e95e9-cb4e-4789-88f1-e8f8db604767,3,1,57,1376,162304,182,57,163862,163680,1376,189,0,1
f51e95e9-cb4e-4789-88f1-e8f8db604767,3,1,58,1106,163840,392,266,165338,164946,1106,1285,0,1
f51e95e9-cb4e-4789-88f1-e8f8db604767,3,1,59,1206,165248,334,228,166788,166454,1206,890,0,1
f51e95e9-cb4e-4789-88f1-e8f8db604767,3,1,60,231,166784,160,44,167175,167015,231,171,76,1
f51e95e9-cb4e-4789-88f1-e8f8db604767,3,1,61,934,167168,461,187,168563,168102,934,700,0,2
f51e95e9-cb4e-4789-88f1-e8f8db604767,3,1,62,477,168448,4338,1306,173263,168925,477,4410,53,1
f51e95e9-cb4e-4789-88f1-e8f8db604767,3,1,63,260,173056,73,32,173389,173316,260,123,0,1
f51e95e9-cb4e-4789-88f1-e8f8db604767,3,1,64,226,173184,235,82,173645,173410,226,348,0,1
f51e95e9-cb4e-4789-88f1-e8f8db604767,3,1,65,577,173568,172,28,174317,174145,577,108,0,1
f51e95e9-cb4e-4789-88f1-e8f8db604767,3,1,66,1546,174208,671,310,176425,175754,1546,1320,50,1
f51e95e9-cb4e-4789-88f1-e8f8db604767,3,1,67,208,176256,562,0,177026,176464,208,0,0,1
f51e95e9-cb4e-4789-88f1-e8f8db604767,3,1,68,169,176896,591,0,177656,177065,169,0,0,1
f51e95e9-cb4e-4789-88f1-e8f8db604767,3,1,69,159,177536,192,0,177887,177695,159,0,0,1
f51e95e9-cb4e-4789-88f1-e8f8db604767,3,1,70,134,177792,86,0,178012,177926,134,0,0,1
f51e95e9-cb4e-4789-88f1-e8f8db604767,3,1,71,241,177792,2175,0,180208,178033,241,0,0,1
f51e95e9-cb4e-4789-88f1-e8f8db604767,3,1,72,1819,178432,768,0,181019,180251,1819,0,2876,0
f54b15a3-b0aa-4d8a-961f-1cd6fa0548d6,1,1,1,2628,7936,198,0,10762,10564,2628,0,76,2
f54b15a3-b0aa-4d8a-961f-1cd6fa0548d6,1,1,2,2098,10752,208,15,13058,12850,2098,84,0,2
f54b15a3-b0aa-4d8a-961f-1cd6fa0548d6,1,1,3,1899,13056,2242,1952,17197,14955,1899,7870,0,2
f54b15a3-b0aa-4d8a-961f-1cd6fa0548d6,1,1,4,598,17152,596,98,18346,17750,598,339,0,2
f54b15a3-b0aa-4d8a-961f-1cd6fa0548d6,1,1,5,3193,18304,3124,611,24621,21497,3193,2611,161,2
f54b15a3-b0aa-4d8a-961f-1cd6fa0548d6,1,1,6,248,24448,2645,6,27341,24696,248,25,0,3
f54b15a3-b0aa-4d8a-961f-1cd6fa0548d6,1,1,7,2583,27264,1088,708,30935,29847,2583,2822,62,2
f54b15a3-b0aa-4d8a-961f-1cd6fa0548d6,1,1,8,4560,30848,810,417,36218,35408,4560,1747,0,2
f54b15a3-b0aa-4d8a-961f-1cd6fa0548d6,1,1,9,4835,36096,976,328,41907,40931,4835,1364,0,2
f54b15a3-b0aa-4d8a-961f-1cd6fa0548d6,1,1,10,191,41856,760,170,42807,42047,191,700,0,2
f54b15a3-b0aa-4d8a-961f-1cd6fa0548d6,1,1,11,210,42624,268,68,43102,42834,210,268,0,2
f54b15a3-b0aa-4d8a-961f-1cd6fa0548d6,1,1,12,803,43008,824,316,44635,43811,803,1266,0,2
f54b15a3-b0aa-4d8a-961f-1cd6fa0548d6,1,1,13,4926,44544,839,320,50309,49470,4926,1212,69,2
f54b15a3-b0aa-4d8a-961f-1cd6fa0548d6,1,1,14,860,50304,331,181,51495,51164,860,686,0,2
f54b15a3-b0aa-4d8a-961f-1cd6fa0548d6,1,1,15,2575,51456,600,213,54631,54031,2575,862,0,2
f54b15a3-b0aa-4d8a-961f-1cd6fa0548d6,1,1,16,3685,54528,478,84,58691,58213,3685,381,0,2
f54b15a3-b0aa-4d8a-961f-1cd6fa0548d6,1,1,17,2399,58624,691,251,61714,61023,2399,1120,0,2
f54b15a3-b0aa-4d8a-961f-1cd6fa0548d6,1,1,18,7183,61696,375,177,69254,68879,7183,740,0,2
f54b15a3-b0aa-4d8a-961f-1cd6fa0548d6,1,1,19,7691,69248,1011,747,77950,76939,7691,3004,0,2
f54b15a3-b0aa-4d8a-961f-1cd6fa0548d6,1,1,20,974,77824,714,292,79512,78798,974,1296,0,2
f54b15a3-b0aa-4d8a-961f-1cd6fa0548d6,1,1,21,334,79488,391,87,80213,79822,334,367,0,2
f54b15a3-b0aa-4d8a-961f-1cd6fa0548d6,1,1,22,166,80128,334,97,80628,80294,166,410,0,2
f54b15a3-b0aa-4d8a-961f-1cd6fa0548d6,1,1,23,295,80512,1372,307,82179,80807,295,1260,102,4
f54b15a3-b0aa-4d8a-961f-1cd6fa0548d6,1,1,24,150,82176,656,0,82982,82326,150,0,0,2
f54b15a3-b0aa-4d8a-961f-1cd6fa0548d6,1,1,25,652,82944,553,58,84149,83596,652,224,0,2
f54b15a3-b0aa-4d8a-961f-1cd6fa0548d6,1,1,26,3435,84096,618,260,88149,87531,3435,1028,0,2
f54b15a3-b0aa-4d8a-961f-1cd6fa0548d6,1,1,27,740,88064,508,274,89312,88804,740,1088,89,2
f54b15a3-b0aa-4d8a-961f-1cd6fa0548d6,1,1,28,3051,89216,525,195,92792,92267,3051,879,0,1
f54b15a3-b0aa-4d8a-961f-1cd6fa0548d6,1,1,29,1461,92672,2115,1903,96248,94133,1461,7763,0,2
f54b15a3-b0aa-4d8a-961f-1cd6fa0548d6,1,1,30,2223,96128,634,262,98985,98351,2223,1085,0,2
f54b15a3-b0aa-4d8a-961f-1cd6fa0548d6,1,1,31,3738,98944,506,483,103188,102682,3738,1940,0,1
f54b15a3-b0aa-4d8a-961f-1cd6fa0548d6,1,1,32,166,103168,1001,573,104335,103334,166,2453,0,2
f54b15a3-b0aa-4d8a-961f-1cd6fa0548d6,1,1,33,2277,104320,7646,947,114243,106597,2277,4334,106,1
f54b15a3-b0aa-4d8a-961f-1cd6fa0548d6,1,1,34,953,114176,786,323,115915,115129,953,1452,0,2
f54b15a3-b0aa-4d8a-961f-1cd6fa0548d6,1,1,35,1494,115840,253,151,117587,117334,1494,632,0,2
f54b15a3-b0aa-4d8a-961f-1cd6fa0548d6,1,1,36,173,117504,320,72,117997,117677,173,274,0,1
f54b15a3-b0aa-4d8a-961f-1cd6fa0548d6,1,1,37,259,117760,126,0,118145,118019,259,0,0,1
f54b15a3-b0aa-4d8a-961f-1cd6fa0548d6,1,1,38,1196,118144,496,231,119836,119340,1196,1091,0,2
f54b15a3-b0aa-4d8a-961f-1cd6fa0548d6,1,1,39,191,119680,122,0,119993,119871,191,0,0,1
f54b15a3-b0aa-4d8a-961f-1cd6fa0548d6,1,1,40,548,119936,496,131,120980,120484,548,573,78,1
f54b15a3-b0aa-4d8a-961f-1cd6fa0548d6,1,1,41,192,120832,660,0,121684,121024,192,0,0,1
f54b15a3-b0aa-4d8a-961f-1cd6fa0548d6,1,1,42,256,121472,488,33,122216,121728,256,165,0,2
f54b15a3-b0aa-4d8a-961f-1cd6fa0548d6,1,1,43,188,122112,419,205,122719,122300,188,927,0,2
f54b15a3-b0aa-4d8a-961f-1cd6fa0548d6,1,1,44,2278,122624,1137,740,126039,124902,2278,2503,123,2
f54b15a3-b0aa-4d8a-961f-1cd6fa0548d6,1,1,45,1421,125952,6903,812,134276,127373,1421,2712,95,1
f54b15a3-b0aa-4d8a-961f-1cd6fa0548d6,1,1,46,190,134144,86,0,134420,134334,190,0,0,1
f54b15a3-b0aa-4d8a-961f-1cd6fa0548d6,1,1,47,175,134272,201,38,134648,134447,175,141,0,1
f54b15a3-b0aa-4d8a-961f-1cd6fa0548d6,1,1,48,222,134528,6399,455,141149,134750,222,1179,59,1
f54b15a3-b0aa-4d8a-961f-1cd6fa0548d6,1,1,49,151,141056,140,0,141347,141207,151,0,0,1
f54b15a3-b0aa-4d8a-961f-1cd6fa0548d6,1,1,50,148,141312,381,243,141841,141460,148,844,0,1
f54b15a3-b0aa-4d8a-961f-1cd6fa0548d6,1,1,51,162,141824,6230,434,148216,141986,162,1269,62,1
f54b15a3-b0aa-4d8a-961f-1cd6fa0548d6,1,1,52,178,148096,149,0,148423,148274,178,0,0,1
f54b15a3-b0aa-4d8a-961f-1cd6fa0548d6,1,1,53,238,148224,2133,433,150595,148462,238,1454,51,2
f54b15a3-b0aa-4d8a-961f-1cd6fa0548d6,1,1,54,151,150528,898,0,151577,150679,151,0,0,2
f54b15a3-b0aa-4d8a-961f-1cd6fa0548d6,1,1,55,237,151424,888,0,152549,151661,237,0,0,2
f54b15a3-b0aa-4d8a-961f-1cd6fa0548d6,1,1,56,185,152448,226,69,152859,152633,185,276,0,1
f54b15a3-b0aa-4d8a-961f-1cd6fa0548d6,1,1,57,174,152832,467,378,153473,153006,174,1264,0,1
f54b15a3-b0aa-4d8a-961f-1cd6fa0548d6,1,1,58,227,153472,466,353,154165,153699,227,1388,64,1
f54b15a3-b0aa-4d8a-961f-1cd6fa0548d6,1,1,59,884,154112,973,36,155969,154996,884,126,0,1
f54b15a3-b0aa-4d8a-961f-1cd6fa0548d6,1,1,60,237,155776,113,0,156126,156013,237,0,0,1
f54b15a3-b0aa-4d8a-961f-1cd6fa0548d6,1,1,61,214,156032,2168,274,158414,156246,214,835,0,2
f54b15a3-b0aa-4d8a-961f-1cd6fa0548d6,1,1,62,162,158336,1308,96,159806,158498,162,369,0,2
f54b15a3-b0aa-4d8a-961f-1cd6fa0548d6,1,1,63,146,159744,6163,521,166053,159890,146,1763,65,1
f54b15a3-b0aa-4d8a-961f-1cd6fa0548d6,1,1,64,223,165888,86,0,166197,166111,223,0,0,1
f54b15a3-b0aa-4d8a-961f-1cd6fa0548d6,1,1,65,208,166016,2645,668,168869,166224,208,1862,97,2
f54b15a3-b0aa-4d8a-961f-1cd6fa0548d6,1,1,66,249,168704,2942,0,171895,168953,249,0,0,1
f54b15a3-b0aa-4d8a-961f-1cd6fa0548d6,1,1,67,163,171776,84,0,172023,171939,163,0,0,1
f54b15a3-b0aa-4d8a-961f-1cd6fa0548d6,1,1,68,146,171904,2019,250,174069,172050,146,771,0,1
f54b15a3-b0aa-4d8a-961f-1cd6fa0548d6,1,1,69,161,173952,1938,54,176051,174113,161,180,0,1
f54b15a3-b0aa-4d8a-961f-1cd6fa0548d6,1,1,70,223,175872,84,0,176179,176095,223,0,0,1
f54b15a3-b0aa-4d8a-961f-1cd6fa0548d6,1,1,71,206,176000,1134,177,177340,176206,206,377,0,2
f54b15a3-b0aa-4d8a-961f-1cd6fa0548d6,1,1,72,144,177280,494,302,177918,177424,144,1175,0,1
f54b15a3-b0aa-4d8a-961f-1cd6fa0548d6,1,1,73,156,177792,1550,397,179498,177948,156,1388,80,2
f54b15a3-b0aa-4d8a-961f-1cd6fa0548d6,1,1,74,254,179328,271,87,179853,179582,254,364,0,2
f54b15a3-b0aa-4d8a-961f-1cd6fa0548d6,1,1,75,1335,179840,1340,494,182515,181175,1335,1866,63,1
f54b15a3-b0aa-4d8a-961f-1cd6fa0548d6,1,1,76,159,182400,1337,210,183896,182559,159,760,0,2
f54b15a3-b0aa-4d8a-961f-1cd6fa0548d6,1,1,77,172,183808,207,60,184187,183980,172,260,0,1
f54b15a3-b0aa-4d8a-961f-1cd6fa0548d6,1,1,78,148,184064,1266,165,185478,184212,148,578,0,1
f54b15a3-b0aa-4d8a-961f-1cd6fa0548d6,1,1,79,178,185344,455,0,185977,185522,178,0,0,2
f54b15a3-b0aa-4d8a-961f-1cd6fa0548d6,1,1,80,205,185856,145,0,186206,186061,205,0,0,1
f54b15a3-b0aa-4d8a-961f-1cd6fa0548d6,1,1,81,2737,186112,1925,865,190774,188849,2737,3202,82,2
f54b15a3-b0aa-4d8a-961f-1cd6fa0548d6,1,1,82,138,190720,1148,0,192006,190858,138,0,0,2
f54b15a3-b0aa-4d8a-961f-1cd6fa0548d6,1,1,83,218,191872,145,0,192235,192090,218,0,0,1
f54b15a3-b0aa-4d8a-961f-1cd6fa0548d6,1,1,84,260,192000,2000,288,194260,192260,260,712,52,1
f54b15a3-b0aa-4d8a-961f-1cd6fa0548d6,1,1,85,2579,194176,613,455,197368,196755,2579,1768,59,1
f54b15a3-b0aa-4d8a-961f-1cd6fa0548d6,1,1,86,815,197248,1178,286,199241,198063,815,771,0,2
f54b15a3-b0aa-4d8a-961f-1cd6fa0548d6,1,1,87,157,199168,1924,0,201249,199325,157,0,0,2
f54b15a3-b0aa-4d8a-961f-1cd6fa0548d6,1,1,88,245,201088,1127,38,202460,201333,245,85,0,2
f54b15a3-b0aa-4d8a-961f-1cd6fa0548d6,1,1,89,176,202368,1344,0,203888,202544,176,0,0,2
f54b15a3-b0aa-4d8a-961f-1cd6fa0548d6,1,1,90,196,203776,145,0,204117,203972,196,0,0,1
f54b15a3-b0aa-4d8a-961f-1cd6fa0548d6,1,1,91,238,203904,7408,1083,211550,204142,238,3448,100,1
f54b15a3-b0aa-4d8a-961f-1cd6fa0548d6,1,1,92,152,211456,188,0,211796,211608,152,0,0,1
f54b15a3-b0aa-4d8a-961f-1cd6fa0548d6,1,1,93,242,211584,2151,982,213977,211826,242,3496,48,1
f54b15a3-b0aa-4d8a-961f-1cd6fa0548d6,1,1,94,245,213760,189,52,214194,214005,245,178,0,1
f54b15a3-b0aa-4d8a-961f-1cd6fa0548d6,1,1,95,195,214144,1929,212,216268,214339,195,439,0,2
f54b15a3-b0aa-4d8a-961f-1cd6fa0548d6,1,1,96,190,216192,118,22,216500,216382,190,96,0,1
f54b15a3-b0aa-4d8a-961f-1cd6fa0548d6,1,1,97,1734,216448,1717,0,219899,218182,1734,0,0,2
f54b15a3-b0aa-4d8a-961f-1cd6fa0548d6,1,1,98,207,219776,1700,331,221683,219983,207,1153,0,2
f54b15a3-b0aa-4d8a-961f-1cd6fa0548d6,1,1,99,199,221568,145,0,221912,221767,199,0,0,1
f54b15a3-b0aa-4d8a-961f-1cd6fa0548d6,1,1,100,241,221696,1695,218,223632,221937,241,689,0,2
f54b15a3-b0aa-4d8a-961f-1cd6fa0548d6,1,1,101,228,223488,145,0,223861,223716,228,0,0,1
f54b15a3-b0aa-4d8a-961f-1cd6fa0548d6,1,1,102,142,223744,2152,1019,226038,223886,142,3843,0,1
f54b15a3-b0aa-4d8a-961f-1cd6fa0548d6,1,1,103,146,225920,457,361,226523,226066,146,1382,0,1
f54b15a3-b0aa-4d8a-961f-1cd6fa0548d6,1,1,104,2704,226432,2328,117,231464,229136,2704,331,0,1
f54b15a3-b0aa-4d8a-961f-1cd6fa0548d6,1,1,105,196,231296,1734,237,233226,231492,196,778,0,1
f54b15a3-b0aa-4d8a-961f-1cd6fa0548d6,1,1,106,166,233088,1561,372,234815,233254,166,1239,0,1
f54b15a3-b0aa-4d8a-961f-1cd6fa0548d6,1,1,107,219,234624,1469,220,236312,234843,219,696,0,1
f54b15a3-b0aa-4d8a-961f-1cd6fa0548d6,1,1,108,180,236160,816,147,237156,236340,180,471,0,1
f54b15a3-b0aa-4d8a-961f-1cd6fa0548d6,1,1,109,256,236928,898,111,238082,237184,256,324,0,1
f54b15a3-b0aa-4d8a-961f-1cd6fa0548d6,1,1,110,238,237952,783,125,238973,238190,238,377,0,1
f54b15a3-b0aa-4d8a-961f-1cd6fa0548d6,1,1,111,153,238848,170,63,239171,239001,153,272,53,1
f54b15a3-b0aa-4d8a-961f-1cd6fa0548d6,1,1,112,2329,239104,531,322,241964,241433,2329,1328,0,1
f54b15a3-b0aa-4d8a-961f-1cd6fa0548d6,1,1,113,2933,241920,2599,1036,247452,244853,2933,3391,95,1
f54b15a3-b0aa-4d8a-961f-1cd6fa0548d6,1,1,114,1537,247424,2225,192,251186,248961,1537,632,0,1
f54b15a3-b0aa-4d8a-961f-1cd6fa0548d6,1,1,115,206,251008,2215,466,253429,251214,206,1743,0,1
f54b15a3-b0aa-4d8a-961f-1cd6fa0548d6,1,1,116,145,253312,2323,498,255780,253457,145,1874,43,1
f54b15a3-b0aa-4d8a-961f-1cd6fa0548d6,1,1,117,192,255616,1533,619,257341,255808,192,2308,0,1
f54b15a3-b0aa-4d8a-961f-1cd6fa0548d6,1,1,118,217,257152,1251,147,258620,257369,217,452,0,1
f54b15a3-b0aa-4d8a-961f-1cd6fa0548d6,1,1,119,216,258432,856,208,259504,258648,216,641,0,1
f54b15a3-b0aa-4d8a-961f-1cd6fa0548d6,1,1,120,157,259456,259,152,259872,259613,157,536,52,1
f54b15a3-b0aa-4d8a-961f-1cd6fa0548d6,1,1,121,2000,259840,142,46,261982,261840,2000,168,0,1
f54b15a3-b0aa-4d8a-961f-1cd6fa0548d6,1,1,122,2250,261888,418,123,264556,264138,2250,404,0,1
f54b15a3-b0aa-4d8a-961f-1cd6fa0548d6,1,1,123,139,264448,99,0,264686,264587,139,0,0,1
f54b15a3-b0aa-4d8a-961f-1cd6fa0548d6,1,1,124,135,264576,1818,35,266529,264711,135,170,0,1
f54b15a3-b0aa-4d8a-961f-1cd6fa0548d6,1,1,125,204,266368,279,256,266851,266572,204,1013,0,1
f54b15a3-b0aa-4d8a-961f-1cd6fa0548d6,1,1,126,246,266752,438,309,267436,266998,246,1400,0,1
f54b15a3-b0aa-4d8a-961f-1cd6fa0548d6,1,1,127,956,267392,502,0,268850,268348,956,0,2154,0
f54b15a3-b0aa-4d8a-961f-1cd6fa0548d6,1,2,1,3058,268800,2189,767,274047,271858,3058,3122,115,1
f54b15a3-b0aa-4d8a-961f-1cd6fa0548d6,1,2,2,1557,273920,2044,360,277521,275477,1557,1148,0,1
f54b15a3-b0aa-4d8a-961f-1cd6fa0548d6,1,2,3,173,277376,1487,391,279036,277549,173,1472,0,1
f54b15a3-b0aa-4d8a-961f-1cd6fa0548d6,1,2,4,152,278912,537,441,279601,279064,152,1705,0,1
f54b15a3-b0aa-4d8a-961f-1cd6fa0548d6,1,2,5,1735,279552,242,149,281529,281287,1735,697,0,1
f54b15a3-b0aa-4d8a-961f-1cd6fa0548d6,1,2,6,210,281344,888,0,282442,281554,210,0,0,1
f54b15a3-b0aa-4d8a-961f-1cd6fa0548d6,1,2,7,245,282240,540,0,283025,282485,245,0,2571,0
f55f1385-9dbe-48d0-bdb9-b173663b724d,3,1,1,2905,7936,145,0,10986,10841,2905,0,56,2
f55f1385-9dbe-48d0-bdb9-b173663b724d,3,1,2,2715,10880,630,28,14225,13595,2715,112,50,2
f55f1385-9dbe-48d0-bdb9-b173663b724d,3,1,3,304,14208,381,28,14893,14512,304,113,42,1
f55f1385-9dbe-48d0-bdb9-b173663b724d,3,1,4,3059,14848,677,95,18584,17907,3059,343,83,1
f55f1385-9dbe-48d0-bdb9-b173663b724d,3,1,5,186,18432,124,27,18742,18618,186,133,0,1
f55f1385-9dbe-48d0-bdb9-b173663b724d,3,1,6,176,18688,644,28,19508,18864,176,126,66,2
f55f1385-9dbe-48d0-bdb9-b173663b724d,3,1,7,214,19328,361,0,19903,19542,214,0,88,1
f55f1385-9dbe-48d0-bdb9-b173663b724d,3,1,8,1788,19840,528,251,22156,21628,1788,775,69,2
f55f1385-9dbe-48d0-bdb9-b173663b724d,3,1,9,497,22144,835,145,23476,22641,497,564,105,2
f55f1385-9dbe-48d0-bdb9-b173663b724d,3,1,10,951,23424,646,76,25021,24375,951,270,97,2
f55f1385-9dbe-48d0-bdb9-b173663b724d,3,1,11,565,24960,233,48,25758,25525,565,176,87,1
f55f1385-9dbe-48d0-bdb9-b173663b724d,3,1,12,1568,25728,972,442,28268,27296,1568,1590,87,2
f55f1385-9dbe-48d0-bdb9-b173663b724d,3,1,13,5929,28160,52,11,34141,34089,5929,37,0,1
f55f1385-9dbe-48d0-bdb9-b173663b724d,3,1,14,315,34048,238,35,34601,34363,315,115,79,1
f55f1385-9dbe-48d0-bdb9-b173663b724d,3,1,15,1673,34560,292,101,36525,36233,1673,420,82,2
f55f1385-9dbe-48d0-bdb9-b173663b724d,3,1,16,3003,36480,1025,463,40508,39483,3003,1655,119,2
f55f1385-9dbe-48d0-bdb9-b173663b724d,3,1,17,231,40448,727,259,41406,40679,231,870,86,1
f55f1385-9dbe-48d0-bdb9-b173663b724d,3,1,18,444,41344,878,67,42666,41788,444,196,0,2
f55f1385-9dbe-48d0-bdb9-b173663b724d,3,1,19,2180,42624,997,224,45801,44804,2180,847,106,2
f55f1385-9dbe-48d0-bdb9-b173663b724d,3,1,20,923,45696,596,113,47215,46619,923,501,108,1
f55f1385-9dbe-48d0-bdb9-b173663b724d,3,1,21,5178,47104,846,289,53128,52282,5178,1192,107,2
f55f1385-9dbe-48d0-bdb9-b173663b724d,3,1,22,1881,53120,772,337,55773,55001,1881,1077,88,1
f55f1385-9dbe-48d0-bdb9-b173663b724d,3,1,23,1810,55680,645,319,58135,57490,1810,1211,81,1
f55f1385-9dbe-48d0-bdb9-b173663b724d,3,1,24,175,57984,658,264,58817,58159,175,1049,0,1
f55f1385-9dbe-48d0-bdb9-b173663b724d,3,1,25,1810,58752,1115,403,61677,60562,1810,1332,135,2
f55f1385-9dbe-48d0-bdb9-b173663b724d,3,1,26,1550,61568,900,502,64018,63118,1550,1767,115,1
f55f1385-9dbe-48d0-bdb9-b173663b724d,3,1,27,625,64000,755,101,65380,64625,625,401,0,2
f55f1385-9dbe-48d0-bdb9-b173663b724d,3,1,28,232,65280,441,157,65953,65512,232,487,0,1
f55f1385-9dbe-48d0-bdb9-b173663b724d,3,1,29,2690,65920,990,527,69600,68610,2690,1998,98,1
f55f1385-9dbe-48d0-bdb9-b173663b724d,3,1,30,3448,69504,1017,213,73969,72952,3448,715,79,2
f55f1385-9dbe-48d0-bdb9-b173663b724d,3,1,31,5499,73856,1134,538,80489,79355,5499,1704,85,1
f55f1385-9dbe-48d0-bdb9-b173663b724d,3,1,32,2782,80384,922,185,84088,83166,2782,669,84,2
f55f1385-9dbe-48d0-bdb9-b173663b724d,3,1,33,1793,83968,5870,3491,91631,85761,1793,11959,116,1
f55f1385-9dbe-48d0-bdb9-b173663b724d,3,1,34,162,91520,208,82,91890,91682,162,345,0,1
f55f1385-9dbe-48d0-bdb9-b173663b724d,3,1,35,138,91776,2402,150,94316,91914,138,589,56,1
f55f1385-9dbe-48d0-bdb9-b173663b724d,3,1,36,159,94208,120,0,94487,94367,159,0,0,1
f55f1385-9dbe-48d0-bdb9-b173663b724d,3,1,37,174,94336,623,181,95133,94510,174,754,0,1
f55f1385-9dbe-48d0-bdb9-b173663b724d,3,1,38,194,94976,1523,0,96693,95170,194,0,0,1
f55f1385-9dbe-48d0-bdb9-b173663b724d,3,1,39,218,96512,122,0,96852,96730,218,0,0,1
f55f1385-9dbe-48d0-bdb9-b173663b724d,3,1,40,235,96640,2848,720,99723,96875,235,2299,0,1
f55f1385-9dbe-48d0-bdb9-b173663b724d,3,1,41,190,99584,120,0,99894,99774,190,0,0,1
f55f1385-9dbe-48d0-bdb9-b173663b724d,3,1,42,205,99712,640,259,100557,99917,205,1057,0,1
f55f1385-9dbe-48d0-bdb9-b173663b724d,3,1,43,242,100352,461,0,101055,100594,242,0,0,1
f55f1385-9dbe-48d0-bdb9-b173663b724d,3,1,44,228,100864,121,0,101213,101092,228,0,0,1
f55f1385-9dbe-48d0-bdb9-b173663b724d,3,1,45,244,100992,124,67,101360,101236,244,298,0,1
f55f1385-9dbe-48d0-bdb9-b173663b724d,3,1,46,2340,101248,125,0,103713,103588,2340,0,60,1
f55f1385-9dbe-48d0-bdb9-b173663b724d,3,1,47,195,103552,3245,0,106992,103747,195,0,0,2
f55f1385-9dbe-48d0-bdb9-b173663b724d,3,1,48,196,106880,2205,97,109281,107076,196,432,6688,0
f5d926fb-1c4e-4c16-af8f-c7dce00748fd,1,1,1,2642,7936,195,0,10773,10578,2642,0,88,2
f5d926fb-1c4e-4c16-af8f-c7dce00748fd,1,1,2,2441,10752,205,16,13398,13193,2441,97,0,2
f5d926fb-1c4e-4c16-af8f-c7dce00748fd,1,1,3,2005,13312,267,67,15584,15317,2005,291,0,2
f5d926fb-1c4e-4c16-af8f-c7dce00748fd,1,1,4,187,15488,111,0,15786,15675,187,0,0,2
f5d926fb-1c4e-4c16-af8f-c7dce00748fd,1,1,5,10990,15744,649,458,27383,26734,10990,1998,0,2
f5d926fb-1c4e-4c16-af8f-c7dce00748fd,1,1,6,6781,27264,659,255,34704,34045,6781,1035,0,2
f5d926fb-1c4e-4c16-af8f-c7dce00748fd,1,1,7,4365,34688,427,248,39480,39053,4365,1069,0,2
f5d926fb-1c4e-4c16-af8f-c7dce00748fd,1,1,8,9610,39424,318,84,49352,49034,9610,336,0,2
f5d926fb-1c4e-4c16-af8f-c7dce00748fd,1,1,9,6210,49280,256,20,55746,55490,6210,92,0,1
f5d926fb-1c4e-4c16-af8f-c7dce00748fd,1,1,10,10293,55680,3111,882,69084,65973,10293,3562,137,2
f5d926fb-1c4e-4c16-af8f-c7dce00748fd,1,1,11,166,68992,1326,23,70484,69158,166,109,0,2
f5d926fb-1c4e-4c16-af8f-c7dce00748fd,1,1,12,1359,70400,324,93,72083,71759,1359,407,0,2
f5d926fb-1c4e-4c16-af8f-c7dce00748fd,1,1,13,316,72064,334,11,72714,72380,316,51,0,2
f5d926fb-1c4e-4c16-af8f-c7dce00748fd,1,1,14,183,72576,162,69,72921,72759,183,316,0,1
f5d926fb-1c4e-4c16-af8f-c7dce00748fd,1,1,15,989,72832,199,0,74020,73821,989,0,0,2
f5d926fb-1c4e-4c16-af8f-c7dce00748fd,1,1,16,381,73984,334,46,74699,74365,381,190,0,2
f5d926fb-1c4e-4c16-af8f-c7dce00748fd,1,1,17,7827,74624,774,572,83225,82451,7827,2321,0,2
f5d926fb-1c4e-4c16-af8f-c7dce00748fd,1,1,18,217,83072,354,49,83643,83289,217,220,0,2
f5d926fb-1c4e-4c16-af8f-c7dce00748fd,1,1,19,2660,83584,717,530,86961,86244,2660,2075,0,2
f5d926fb-1c4e-4c16-af8f-c7dce00748fd,1,1,20,315,86912,236,92,87463,87227,315,349,0,2
f5d926fb-1c4e-4c16-af8f-c7dce00748fd,1,1,21,12681,87424,486,181,100591,100105,12681,696,0,2
f5d926fb-1c4e-4c16-af8f-c7dce00748fd,1,1,22,10040,100480,1005,750,111525,110520,10040,3025,0,2
f5d926fb-1c4e-4c16-af8f-c7dce00748fd,1,1,23,7570,111488,1007,719,120065,119058,7570,2970,0,2
f5d926fb-1c4e-4c16-af8f-c7dce00748fd,1,1,24,2002,120064,542,310,122608,122066,2002,1368,0,1
f5d926fb-1c4e-4c16-af8f-c7dce00748fd,1,1,25,3254,122496,603,425,126353,125750,3254,1728,0,2
f5d926fb-1c4e-4c16-af8f-c7dce00748fd,1,1,26,769,126336,159,38,127264,127105,769,167,0,2
f5d926fb-1c4e-4c16-af8f-c7dce00748fd,1,1,27,1984,127232,1622,1487,130838,129216,1984,5997,0,1
f5d926fb-1c4e-4c16-af8f-c7dce00748fd,1,1,28,4980,130816,613,337,136409,135796,4980,1227,0,2
f5d926fb-1c4e-4c16-af8f-c7dce00748fd,1,1,29,4420,136320,954,597,141694,140740,4420,2272,0,2
f5d926fb-1c4e-4c16-af8f-c7dce00748fd,1,1,30,1543,141568,335,206,143446,143111,1543,818,0,2
f5d926fb-1c4e-4c16-af8f-c7dce00748fd,1,1,31,355,143360,495,181,144210,143715,355,764,0,2
f5d926fb-1c4e-4c16-af8f-c7dce00748fd,1,1,32,248,144000,373,95,144621,144248,248,398,0,1
f5d926fb-1c4e-4c16-af8f-c7dce00748fd,1,1,33,1051,144512,262,158,145825,145563,1051,700,0,1
f5d926fb-1c4e-4c16-af8f-c7dce00748fd,1,1,34,3563,145792,696,343,150051,149355,3563,1387,0,2
f5d926fb-1c4e-4c16-af8f-c7dce00748fd,1,1,35,251,149888,229,132,150368,150139,251,551,0,1
f5d926fb-1c4e-4c16-af8f-c7dce00748fd,1,1,36,409,150272,403,126,151084,150681,409,493,0,2
f5d926fb-1c4e-4c16-af8f-c7dce00748fd,1,1,37,295,151040,466,147,151801,151335,295,616,0,2
f5d926fb-1c4e-4c16-af8f-c7dce00748fd,1,1,38,664,151680,494,209,152838,152344,664,882,0,2
f5d926fb-1c4e-4c16-af8f-c7dce00748fd,1,1,39,248,152832,464,129,153544,153080,248,562,0,2
f5d926fb-1c4e-4c16-af8f-c7dce00748fd,1,1,40,548,153472,174,65,154194,154020,548,293,0,1
f5d926fb-1c4e-4c16-af8f-c7dce00748fd,1,1,41,229,153984,277,85,154490,154213,229,342,0,1
f5d926fb-1c4e-4c16-af8f-c7dce00748fd,1,1,42,838,154368,2179,1092,157385,155206,838,2759,91,2
f5d926fb-1c4e-4c16-af8f-c7dce00748fd,1,1,43,4315,157312,335,259,161962,161627,4315,1098,0,1
f5d926fb-1c4e-4c16-af8f-c7dce00748fd,1,1,44,5428,161920,637,561,167985,167348,5428,2383,0,1
f5d926fb-1c4e-4c16-af8f-c7dce00748fd,1,1,45,5625,167936,185,98,173746,173561,5625,410,0,1
f5d926fb-1c4e-4c16-af8f-c7dce00748fd,1,1,46,603,173696,269,112,174568,174299,603,433,0,1
f5d926fb-1c4e-4c16-af8f-c7dce00748fd,1,1,47,319,174464,470,298,175253,174783,319,1167,0,1
f5d926fb-1c4e-4c16-af8f-c7dce00748fd,1,1,48,557,175232,634,206,176423,175789,557,815,0,1
f5d926fb-1c4e-4c16-af8f-c7dce00748fd,1,1,49,3835,176384,533,355,180752,180219,3835,1566,0,2
f5d926fb-1c4e-4c16-af8f-c7dce00748fd,1,1,50,3390,180736,979,870,185105,184126,3390,3592,0,2
f5d926fb-1c4e-4c16-af8f-c7dce00748fd,1,1,51,945,185088,191,110,186224,186033,945,469,95,1
f5d926fb-1c4e-4c16-af8f-c7dce00748fd,1,1,52,7333,186112,379,143,193824,193445,7333,641,0,2
f5d926fb-1c4e-4c16-af8f-c7dce00748fd,1,1,53,2238,193792,172,75,196202,196030,2238,328,0,1
f5d926fb-1c4e-4c16-af8f-c7dce00748fd,1,1,54,2009,196096,482,344,198587,198105,2009,1395,0,1
f5d926fb-1c4e-4c16-af8f-c7dce00748fd,1,1,55,1719,198528,503,318,200750,200247,1719,1195,0,1
f5d926fb-1c4e-4c16-af8f-c7dce00748fd,1,1,56,452,200704,105,0,201261,201156,452,0,0,1
f5d926fb-1c4e-4c16-af8f-c7dce00748fd,1,1,57,805,201216,564,294,202585,202021,805,1051,0,1
f5d926fb-1c4e-4c16-af8f-c7dce00748fd,1,1,58,404,202496,113,0,203013,202900,404,0,0,1
f5d926fb-1c4e-4c16-af8f-c7dce00748fd,1,1,59,1934,203008,640,452,205582,204942,1934,1734,0,2
f5d926fb-1c4e-4c16-af8f-c7dce00748fd,1,1,60,205,205568,100,0,205873,205773,205,0,0,1
f5d926fb-1c4e-4c16-af8f-c7dce00748fd,1,1,61,2017,205824,1040,700,208881,207841,2017,2704,0,2
f5d926fb-1c4e-4c16-af8f-c7dce00748fd,1,1,62,137,208768,4211,3900,213116,208905,137,15930,85,2
f5d926fb-1c4e-4c16-af8f-c7dce00748fd,1,1,63,2707,212992,173,78,215872,215699,2707,269,0,1
f5d926fb-1c4e-4c16-af8f-c7dce00748fd,1,1,64,2541,215808,13246,293,231595,218349,2541,1225,109,1
f5d926fb-1c4e-4c16-af8f-c7dce00748fd,1,1,65,4028,231552,2197,1129,237777,235580,4028,4244,70,1
f5d926fb-1c4e-4c16-af8f-c7dce00748fd,1,1,66,4171,237696,1498,69,243365,241867,4171,288,0,1
f5d926fb-1c4e-4c16-af8f-c7dce00748fd,1,1,67,209,243200,924,0,244333,243409,209,0,0,1
f5d926fb-1c4e-4c16-af8f-c7dce00748fd,1,1,68,153,244224,1445,93,245822,244377,153,336,0,1
f5d926fb-1c4e-4c16-af8f-c7dce00748fd,1,1,69,234,245632,255,89,246121,245866,234,369,0,2
f5d926fb-1c4e-4c16-af8f-c7dce00748fd,1,1,70,260,246016,13030,458,259306,246276,260,1730,99,1
f5d926fb-1c4e-4c16-af8f-c7dce00748fd,1,1,71,5099,259200,5513,3369,269812,264299,5099,13061,94,1
f5d926fb-1c4e-4c16-af8f-c7dce00748fd,1,1,72,160,269696,310,174,270166,269856,160,594,0,1
f5d926fb-1c4e-4c16-af8f-c7dce00748fd,1,1,73,245,269952,13098,616,283295,270197,245,2104,67,1
f5d926fb-1c4e-4c16-af8f-c7dce00748fd,1,1,74,217,283136,251,31,283604,283353,217,136,0,1
f5d926fb-1c4e-4c16-af8f-c7dce00748fd,1,1,75,141,283520,199,61,283860,283661,141,243,0,1
f5d926fb-1c4e-4c16-af8f-c7dce00748fd,1,1,76,300,283776,12234,495,296310,284076,300,1740,63,1
f5d926fb-1c4e-4c16-af8f-c7dce00748fd,1,1,77,176,296192,12698,1549,309066,296368,176,6127,70,1
f5d926fb-1c4e-4c16-af8f-c7dce00748fd,1,1,78,260,308864,212,54,309336,309124,260,275,0,1
f5d926fb-1c4e-4c16-af8f-c7dce00748fd,1,1,79,302,309248,11226,920,320776,309550,302,3229,0,1
f5d926fb-1c4e-4c16-af8f-c7dce00748fd,1,1,80,194,320640,174,0,321008,320834,194,0,0,1
f5d926fb-1c4e-4c16-af8f-c7dce00748fd,1,1,81,156,320896,315,171,321367,321052,156,703,0,1
f5d926fb-1c4e-4c16-af8f-c7dce00748fd,1,1,82,297,321280,11370,1663,332947,321577,297,6775,59,1
f5d926fb-1c4e-4c16-af8f-c7dce00748fd,1,1,83,205,332800,165,0,333170,333005,205,0,0,1
f5d926fb-1c4e-4c16-af8f-c7dce00748fd,1,1,84,330,333056,1362,927,334748,333386,330,3390,0,1
f5d926fb-1c4e-4c16-af8f-c7dce00748fd,1,1,85,200,334592,746,98,335538,334792,200,437,0,1
f5d926fb-1c4e-4c16-af8f-c7dce00748fd,1,1,86,222,335360,320,0,335902,335582,222,0,0,1
f5d926fb-1c4e-4c16-af8f-c7dce00748fd,1,1,87,202,335744,942,140,336888,335946,202,510,0,1
f5d926fb-1c4e-4c16-af8f-c7dce00748fd,1,1,88,164,336768,615,0,337547,336932,164,0,0,1
f5d926fb-1c4e-4c16-af8f-c7dce00748fd,1,1,89,183,337408,513,0,338104,337591,183,0,0,1
f5d926fb-1c4e-4c16-af8f-c7dce00748fd,1,1,90,228,337920,205,50,338353,338148,228,189,0,1
f5d926fb-1c4e-4c16-af8f-c7dce00748fd,1,1,91,256,338304,10326,1104,348886,338560,256,4388,0,1
f5d926fb-1c4e-4c16-af8f-c7dce00748fd,1,1,92,144,348800,137,0,349081,348944,144,0,0,1
f5d926fb-1c4e-4c16-af8f-c7dce00748fd,1,1,93,186,348928,1265,1032,350379,349114,186,3879,121,1
f5d926fb-1c4e-4c16-af8f-c7dce00748fd,1,1,94,320,350336,2332,188,352988,350656,320,815,0,1
f5d926fb-1c4e-4c16-af8f-c7dce00748fd,1,1,95,135,352896,90,0,353121,353031,135,0,0,1
f5d926fb-1c4e-4c16-af8f-c7dce00748fd,1,1,96,250,352896,660,0,353806,353146,250,0,2781,0
f5df77f0-07e0-4f4c-b651-3c39c0ad7fc5,3,1,1,3222,7936,189,0,11347,11158,3222,0,93,2
f5df77f0-07e0-4f4c-b651-3c39c0ad7fc5,3,1,2,2249,11264,444,77,13957,13513,2249,386,0,2
f5df77f0-07e0-4f4c-b651-3c39c0ad7fc5,3,1,3,2797,13952,370,88,17119,16749,2797,378,55,2
f5df77f0-07e0-4f4c-b651-3c39c0ad7fc5,3,1,4,170,17024,564,223,17758,17194,170,810,0,2
f5df77f0-07e0-4f4c-b651-3c39c0ad7fc5,3,1,5,10506,17664,322,185,28492,28170,10506,716,0,2
f5df77f0-07e0-4f4c-b651-3c39c0ad7fc5,3,1,6,363,28416,205,64,28984,28779,363,297,0,1
f5df77f0-07e0-4f4c-b651-3c39c0ad7fc5,3,1,7,3554,28928,335,129,32817,32482,3554,516,0,2
f5df77f0-07e0-4f4c-b651-3c39c0ad7fc5,3,1,8,3193,32768,234,17,36195,35961,3193,72,0,1
f5df77f0-07e0-4f4c-b651-3c39c0ad7fc5,3,1,9,764,36096,359,115,37219,36860,764,428,0,1
f5df77f0-07e0-4f4c-b651-3c39c0ad7fc5,3,1,10,514,37120,753,465,38387,37634,514,1732,0,2
f5df77f0-07e0-4f4c-b651-3c39c0ad7fc5,3,1,11,8987,38272,423,335,47682,47259,8987,1269,0,1
f5df77f0-07e0-4f4c-b651-3c39c0ad7fc5,3,1,12,1283,47616,181,32,49080,48899,1283,128,0,1
f5df77f0-07e0-4f4c-b651-3c39c0ad7fc5,3,1,13,249,48896,307,13,49452,49145,249,49,0,2
f5df77f0-07e0-4f4c-b651-3c39c0ad7fc5,3,1,14,134,49408,240,83,49782,49542,134,319,0,2
f5df77f0-07e0-4f4c-b651-3c39c0ad7fc5,3,1,15,4734,49664,231,62,54629,54398,4734,221,0,1
f5df77f0-07e0-4f4c-b651-3c39c0ad7fc5,3,1,16,2439,54528,682,249,57649,56967,2439,835,0,1
f5df77f0-07e0-4f4c-b651-3c39c0ad7fc5,3,1,17,2611,57600,341,203,60552,60211,2611,713,0,1
f5df77f0-07e0-4f4c-b651-3c39c0ad7fc5,3,1,18,2319,60544,825,396,63688,62863,2319,1447,0,2
f5df77f0-07e0-4f4c-b651-3c39c0ad7fc5,3,1,19,1366,63616,548,281,65530,64982,1366,1072,0,2
f5df77f0-07e0-4f4c-b651-3c39c0ad7fc5,3,1,20,1220,65408,2002,197,68630,66628,1220,803,113,2
f5df77f0-07e0-4f4c-b651-3c39c0ad7fc5,3,1,21,194,68480,438,206,69112,68674,194,748,0,1
f5df77f0-07e0-4f4c-b651-3c39c0ad7fc5,3,1,22,493,68992,496,29,69981,69485,493,109,0,2
f5df77f0-07e0-4f4c-b651-3c39c0ad7fc5,3,1,23,1310,69888,166,44,71364,71198,1310,186,0,1
f5df77f0-07e0-4f4c-b651-3c39c0ad7fc5,3,1,24,1443,71296,561,180,73300,72739,1443,651,0,2
f5df77f0-07e0-4f4c-b651-3c39c0ad7fc5,3,1,25,2168,73216,598,336,75982,75384,2168,1196,0,2
f5df77f0-07e0-4f4c-b651-3c39c0ad7fc5,3,1,26,230,75776,982,643,76988,76006,230,2540,0,2
f5df77f0-07e0-4f4c-b651-3c39c0ad7fc5,3,1,27,269,76928,846,295,78043,77197,269,1167,0,2
f5df77f0-07e0-4f4c-b651-3c39c0ad7fc5,3,1,28,255,77824,167,59,78246,78079,255,223,0,2
f5df77f0-07e0-4f4c-b651-3c39c0ad7fc5,3,1,29,582,78208,582,269,79372,78790,582,1096,0,2
f5df77f0-07e0-4f4c-b651-3c39c0ad7fc5,3,1,30,1635,79360,868,446,81863,80995,1635,1724,0,2
f5df77f0-07e0-4f4c-b651-3c39c0ad7fc5,3,1,31,807,81792,390,84,82989,82599,807,345,0,2
f5df77f0-07e0-4f4c-b651-3c39c0ad7fc5,3,1,32,3204,82944,781,375,86929,86148,3204,1413,0,2
f5df77f0-07e0-4f4c-b651-3c39c0ad7fc5,3,1,33,233,86784,322,55,87339,87017,233,192,0,2
f5df77f0-07e0-4f4c-b651-3c39c0ad7fc5,3,1,34,1758,87296,644,314,89698,89054,1758,1338,0,2
f5df77f0-07e0-4f4c-b651-3c39c0ad7fc5,3,1,35,1390,89600,455,104,91445,90990,1390,492,0,2
f5df77f0-07e0-4f4c-b651-3c39c0ad7fc5,3,1,36,1224,91392,357,79,92973,92616,1224,329,0,2
f5df77f0-07e0-4f4c-b651-3c39c0ad7fc5,3,1,37,805,92928,178,78,93911,93733,805,295,0,2
f5df77f0-07e0-4f4c-b651-3c39c0ad7fc5,3,1,38,3166,93824,400,100,97390,96990,3166,412,0,2
f5df77f0-07e0-4f4c-b651-3c39c0ad7fc5,3,1,39,755,97280,687,250,98722,98035,755,1009,0,2
f5df77f0-07e0-4f4c-b651-3c39c0ad7fc5,3,1,40,551,98688,489,187,99728,99239,551,622,0,1
f5df77f0-07e0-4f4c-b651-3c39c0ad7fc5,3,1,41,199,99584,763,337,100546,99783,199,1214,0,2
f5df77f0-07e0-4f4c-b651-3c39c0ad7fc5,3,1,42,1184,100480,739,371,102403,101664,1184,1364,0,2
f5df77f0-07e0-4f4c-b651-3c39c0ad7fc5,3,1,43,1280,102400,395,111,104075,103680,1280,424,0,2
f5df77f0-07e0-4f4c-b651-3c39c0ad7fc5,3,1,44,1638,104064,524,382,106226,105702,1638,1453,0,1
f5df77f0-07e0-4f4c-b651-3c39c0ad7fc5,3,1,45,2765,106112,620,167,109497,108877,2765,695,0,2
f5df77f0-07e0-4f4c-b651-3c39c0ad7fc5,3,1,46,1262,109440,668,152,111370,110702,1262,579,0,2
f5df77f0-07e0-4f4c-b651-3c39c0ad7fc5,3,1,47,2709,111360,735,447,114804,114069,2709,1673,0,2
f5df77f0-07e0-4f4c-b651-3c39c0ad7fc5,3,1,48,1994,114688,785,382,117467,116682,1994,1280,0,2
f5df77f0-07e0-4f4c-b651-3c39c0ad7fc5,3,1,49,1738,117376,454,171,119568,119114,1738,653,0,2
f5df77f0-07e0-4f4c-b651-3c39c0ad7fc5,3,1,50,648,119552,552,250,120752,120200,648,984,0,2
f5df77f0-07e0-4f4c-b651-3c39c0ad7fc5,3,1,51,762,120704,502,167,121968,121466,762,596,0,2
f5df77f0-07e0-4f4c-b651-3c39c0ad7fc5,3,1,52,520,121856,1390,1253,123766,122376,520,4617,0,1
f5df77f0-07e0-4f4c-b651-3c39c0ad7fc5,3,1,53,888,123648,504,116,125040,124536,888,536,0,1
f5df77f0-07e0-4f4c-b651-3c39c0ad7fc5,3,1,54,234,124928,181,12,125343,125162,234,37,0,2
f5df77f0-07e0-4f4c-b651-3c39c0ad7fc5,3,1,55,13202,125312,7657,1930,146171,138514,13202,6812,62,1
f5df77f0-07e0-4f4c-b651-3c39c0ad7fc5,3,1,56,186,146048,554,267,146788,146234,186,1102,0,1
f5df77f0-07e0-4f4c-b651-3c39c0ad7fc5,3,1,57,313,146688,5432,273,152433,147001,313,1045,45,1
f5df77f0-07e0-4f4c-b651-3c39c0ad7fc5,3,1,58,176,152320,101,0,152597,152496,176,0,0,1
f5df77f0-07e0-4f4c-b651-3c39c0ad7fc5,3,1,59,408,152576,228,121,153212,152984,408,488,0,1
f5df77f0-07e0-4f4c-b651-3c39c0ad7fc5,3,1,60,154,153088,1300,0,154542,153242,154,0,0,1
f5df77f0-07e0-4f4c-b651-3c39c0ad7fc5,3,1,61,213,154368,261,24,154842,154581,213,107,0,1
f5df77f0-07e0-4f4c-b651-3c39c0ad7fc5,3,1,62,246,154624,850,0,155720,154870,246,0,3047,0
f5e96aa3-70c9-4e26-9382-93d9e43e4ad1,3,1,1,2877,7936,258,64,11071,10813,2877,285,80,2
f5e96aa3-70c9-4e26-9382-93d9e43e4ad1,3,1,2,2856,11008,854,123,14718,13864,2856,552,79,4
f5e96aa3-70c9-4e26-9382-93d9e43e4ad1,3,1,3,18584,14592,950,331,34126,33176,18584,1248,48,4
f5e96aa3-70c9-4e26-9382-93d9e43e4ad1,3,1,4,13472,34048,628,313,48148,47520,13472,1178,0,2
f5e96aa3-70c9-4e26-9382-93d9e43e4ad1,3,1,5,1127,48128,228,90,49483,49255,1127,358,0,1
f5e96aa3-70c9-4e26-9382-93d9e43e4ad1,3,1,6,225,49280,890,244,50395,49505,225,1039,0,2
f5e96aa3-70c9-4e26-9382-93d9e43e4ad1,3,1,7,284,50304,890,386,51478,50588,284,1481,0,2
f5e96aa3-70c9-4e26-9382-93d9e43e4ad1,3,1,8,373,51456,796,170,52625,51829,373,713,0,3
f5e96aa3-70c9-4e26-9382-93d9e43e4ad1,3,1,9,20229,52608,827,407,73664,72837,20229,1805,70,2
f5e96aa3-70c9-4e26-9382-93d9e43e4ad1,3,1,10,169,73600,305,42,74074,73769,169,168,0,2
f5e96aa3-70c9-4e26-9382-93d9e43e4ad1,3,1,11,765,73984,610,366,75359,74749,765,1459,0,2
f5e96aa3-70c9-4e26-9382-93d9e43e4ad1,3,1,12,8290,75264,644,290,84198,83554,8290,1216,0,1
f5e96aa3-70c9-4e26-9382-93d9e43e4ad1,3,1,13,238,84096,269,60,84603,84334,238,234,0,1
f5e96aa3-70c9-4e26-9382-93d9e43e4ad1,3,1,14,178,84480,481,201,85139,84658,178,787,0,1
f5e96aa3-70c9-4e26-9382-93d9e43e4ad1,3,1,15,478,85120,422,46,86020,85598,478,183,0,1
f5e96aa3-70c9-4e26-9382-93d9e43e4ad1,3,1,16,409,86016,853,312,87278,86425,409,1252,74,1
f5e96aa3-70c9-4e26-9382-93d9e43e4ad1,3,1,17,723,87168,229,97,88120,87891,723,398,0,1
f5e96aa3-70c9-4e26-9382-93d9e43e4ad1,3,1,18,844,88064,798,266,89706,88908,844,1077,0,1
f5e96aa3-70c9-4e26-9382-93d9e43e4ad1,3,1,19,1083,89600,752,173,91435,90683,1083,622,0,1
f5e96aa3-70c9-4e26-9382-93d9e43e4ad1,3,1,20,313,91392,468,94,92173,91705,313,386,0,1
f5e96aa3-70c9-4e26-9382-93d9e43e4ad1,3,1,21,211,92160,795,245,93166,92371,211,960,0,1
f5e96aa3-70c9-4e26-9382-93d9e43e4ad1,3,1,22,253,92928,353,231,93534,93181,253,931,0,1
f5e96aa3-70c9-4e26-9382-93d9e43e4ad1,3,1,23,2595,93440,390,242,96425,96035,2595,956,0,1
f5e96aa3-70c9-4e26-9382-93d9e43e4ad1,3,1,24,1403,96384,867,397,98654,97787,1403,1727,168,3
f5e96aa3-70c9-4e26-9382-93d9e43e4ad1,3,1,25,30886,98560,979,613,130425,129446,30886,2518,106,1
f5e96aa3-70c9-4e26-9382-93d9e43e4ad1,3,1,26,2247,130304,287,65,132838,132551,2247,268,0,1
f5e96aa3-70c9-4e26-9382-93d9e43e4ad1,3,1,27,266,132736,853,582,133855,133002,266,2204,0,1
f5e96aa3-70c9-4e26-9382-93d9e43e4ad1,3,1,28,156,133760,1303,607,135219,133916,156,2602,136,1
f5e96aa3-70c9-4e26-9382-93d9e43e4ad1,3,1,29,581,135168,400,87,136149,135749,581,324,0,1
f5e96aa3-70c9-4e26-9382-93d9e43e4ad1,3,1,30,2025,136064,556,132,138645,138089,2025,522,0,2
f5e96aa3-70c9-4e26-9382-93d9e43e4ad1,3,1,31,950,138624,290,72,139864,139574,950,253,0,1
f5e96aa3-70c9-4e26-9382-93d9e43e4ad1,3,1,32,563,139776,1351,922,141690,140339,563,3498,0,3
f5e96aa3-70c9-4e26-9382-93d9e43e4ad1,3,1,33,21682,141568,1004,780,164254,163250,21682,3138,0,1
f5e96aa3-70c9-4e26-9382-93d9e43e4ad1,3,1,34,188,164096,1631,924,165915,164284,188,3041,0,1
f5e96aa3-70c9-4e26-9382-93d9e43e4ad1,3,1,35,546,165888,728,110,167162,166434,546,401,0,3
f5e96aa3-70c9-4e26-9382-93d9e43e4ad1,3,1,36,1558,167040,1223,506,169821,168598,1558,2069,0,1
f5e96aa3-70c9-4e26-9382-93d9e43e4ad1,3,1,37,638,169728,605,71,170971,170366,638,262,0,2
f5e96aa3-70c9-4e26-9382-93d9e43e4ad1,3,1,38,1248,170880,960,274,173088,172128,1248,1045,0,3
f5e96aa3-70c9-4e26-9382-93d9e43e4ad1,3,1,39,13485,173056,1230,695,187771,186541,13485,2833,0,3
f5e96aa3-70c9-4e26-9382-93d9e43e4ad1,3,1,40,12498,187648,768,461,200914,200146,12498,1855,0,2
f5e96aa3-70c9-4e26-9382-93d9e43e4ad1,3,1,41,14251,200832,1305,731,216388,215083,14251,2712,0,2
f5e96aa3-70c9-4e26-9382-93d9e43e4ad1,3,1,42,2949,216320,1067,336,220336,219269,2949,1295,0,2
f5e96aa3-70c9-4e26-9382-93d9e43e4ad1,3,1,43,907,220288,791,409,221986,221195,907,1552,0,2
f5e96aa3-70c9-4e26-9382-93d9e43e4ad1,3,1,44,5959,221952,934,728,228845,227911,5959,2955,0,2
f5e96aa3-70c9-4e26-9382-93d9e43e4ad1,3,1,45,937,228736,17313,4679,246986,229673,937,17645,48,1
f5e96aa3-70c9-4e26-9382-93d9e43e4ad1,3,1,46,261,246784,140,31,247185,247045,261,143,0,1
f5e96aa3-70c9-4e26-9382-93d9e43e4ad1,3,1,47,276,247168,1291,34,248735,247444,276,150,0,2
f5e96aa3-70c9-4e26-9382-93d9e43e4ad1,3,1,48,222,248576,582,0,249380,248798,222,0,2272,0
f638b8fd-d6d5-4a0c-90a4-f56c8d2a833a,3,1,1,2666,7936,425,0,11027,10602,2666,0,113,2
f638b8fd-d6d5-4a0c-90a4-f56c8d2a833a,3,1,2,853,11008,384,16,12245,11861,853,87,66,2
f638b8fd-d6d5-4a0c-90a4-f56c8d2a833a,3,1,3,2766,12160,777,329,15703,14926,2766,1162,105,2
f638b8fd-d6d5-4a0c-90a4-f56c8d2a833a,3,1,4,1002,15616,343,33,16961,16618,1002,132,70,2
f638b8fd-d6d5-4a0c-90a4-f56c8d2a833a,3,1,5,1261,16896,1121,447,19278,18157,1261,1828,189,2
f638b8fd-d6d5-4a0c-90a4-f56c8d2a833a,3,1,6,337,19200,873,301,20410,19537,337,1252,114,2
f638b8fd-d6d5-4a0c-90a4-f56c8d2a833a,3,1,7,1727,20352,1132,406,23211,22079,1727,1730,106,2
f638b8fd-d6d5-4a0c-90a4-f56c8d2a833a,3,1,8,522,23168,1009,590,24699,23690,522,2332,71,2
f638b8fd-d6d5-4a0c-90a4-f56c8d2a833a,3,1,9,268,24576,646,118,25490,24844,268,535,0,2
f638b8fd-d6d5-4a0c-90a4-f56c8d2a833a,3,1,10,1390,25472,1110,466,27972,26862,1390,2085,94,2
f638b8fd-d6d5-4a0c-90a4-f56c8d2a833a,3,1,11,4125,27904,1459,873,33488,32029,4125,3541,147,2
f638b8fd-d6d5-4a0c-90a4-f56c8d2a833a,3,1,12,1601,33408,1038,411,36047,35009,1601,1724,119,2
f638b8fd-d6d5-4a0c-90a4-f56c8d2a833a,3,1,13,651,35968,891,191,37510,36619,651,824,142,2
f638b8fd-d6d5-4a0c-90a4-f56c8d2a833a,3,1,14,1157,37504,1090,576,39751,38661,1157,2313,103,2
f638b8fd-d6d5-4a0c-90a4-f56c8d2a833a,3,1,15,654,39680,1088,442,41422,40334,654,1984,126,2
f638b8fd-d6d5-4a0c-90a4-f56c8d2a833a,3,1,16,1018,41344,1451,895,43813,42362,1018,3417,142,2
f638b8fd-d6d5-4a0c-90a4-f56c8d2a833a,3,1,17,171,43776,1009,380,44956,43947,171,1345,0,2
f638b8fd-d6d5-4a0c-90a4-f56c8d2a833a,3,1,18,903,44928,1202,814,47033,45831,903,3290,139,2
f638b8fd-d6d5-4a0c-90a4-f56c8d2a833a,3,1,19,1168,46976,1725,1080,49869,48144,1168,4396,122,2
f638b8fd-d6d5-4a0c-90a4-f56c8d2a833a,3,1,20,332,49792,707,187,50831,50124,332,715,0,2
f638b8fd-d6d5-4a0c-90a4-f56c8d2a833a,3,1,21,539,50816,1447,1025,52802,51355,539,3746,97,2
f638b8fd-d6d5-4a0c-90a4-f56c8d2a833a,3,1,22,2590,52736,848,357,56174,55326,2590,1301,140,2
f638b8fd-d6d5-4a0c-90a4-f56c8d2a833a,3,1,23,249,56064,863,346,57176,56313,249,1310,88,2
f638b8fd-d6d5-4a0c-90a4-f56c8d2a833a,3,1,24,795,57088,1186,755,59069,57883,795,3113,252,2
f638b8fd-d6d5-4a0c-90a4-f56c8d2a833a,3,1,25,1803,59008,1490,819,62301,60811,1803,3237,132,2
f638b8fd-d6d5-4a0c-90a4-f56c8d2a833a,3,1,26,1099,62208,1804,1084,65111,63307,1099,4272,112,2
f638b8fd-d6d5-4a0c-90a4-f56c8d2a833a,3,1,27,370,65024,1175,613,66569,65394,370,2509,119,2
f638b8fd-d6d5-4a0c-90a4-f56c8d2a833a,3,1,28,270,66560,2564,1484,69394,66830,270,5772,96,1
f638b8fd-d6d5-4a0c-90a4-f56c8d2a833a,3,1,29,187,69248,1144,11,70579,69435,187,50,4098,0
f73d55cf-1c48-412b-9e84-8cd33f0e1045,2,1,1,2994,7936,237,0,11167,10930,2994,0,109,2
f73d55cf-1c48-412b-9e84-8cd33f0e1045,2,1,2,5507,11136,505,90,17148,16643,5507,418,91,2
f73d55cf-1c48-412b-9e84-8cd33f0e1045,2,1,3,10489,17024,354,49,27867,27513,10489,212,0,2
f73d55cf-1c48-412b-9e84-8cd33f0e1045,2,1,4,10320,27776,1033,598,39129,38096,10320,2229,86,2
f73d55cf-1c48-412b-9e84-8cd33f0e1045,2,1,5,941,39040,869,398,40850,39981,941,1421,79,2
f73d55cf-1c48-412b-9e84-8cd33f0e1045,2,1,6,2839,40832,322,103,43993,43671,2839,436,0,2
f73d55cf-1c48-412b-9e84-8cd33f0e1045,2,1,7,4729,43904,238,47,48871,48633,4729,176,0,1
f73d55cf-1c48-412b-9e84-8cd33f0e1045,2,1,8,1308,48768,869,607,50945,50076,1308,2140,0,2
f73d55cf-1c48-412b-9e84-8cd33f0e1045,2,1,9,3096,50944,579,307,54619,54040,3096,1051,0,2
f73d55cf-1c48-412b-9e84-8cd33f0e1045,2,1,10,3434,54528,1269,605,59231,57962,3434,1953,94,2
f73d55cf-1c48-412b-9e84-8cd33f0e1045,2,1,11,591,59136,1179,482,60906,59727,591,1671,0,2
f73d55cf-1c48-412b-9e84-8cd33f0e1045,2,1,12,749,60800,490,80,62039,61549,749,320,0,2
f73d55cf-1c48-412b-9e84-8cd33f0e1045,2,1,13,1753,61952,667,292,64372,63705,1753,1199,78,2
f73d55cf-1c48-412b-9e84-8cd33f0e1045,2,1,14,1801,64256,674,323,66731,66057,1801,1296,0,2
f73d55cf-1c48-412b-9e84-8cd33f0e1045,2,1,15,432,66688,396,188,67516,67120,432,794,0,2
f73d55cf-1c48-412b-9e84-8cd33f0e1045,2,1,16,5444,67456,574,464,73474,72900,5444,1839,0,2
f73d55cf-1c48-412b-9e84-8cd33f0e1045,2,1,17,167,73472,720,148,74359,73639,167,584,0,2
f73d55cf-1c48-412b-9e84-8cd33f0e1045,2,1,18,2196,74240,1064,698,77500,76436,2196,2446,0,2
f73d55cf-1c48-412b-9e84-8cd33f0e1045,2,1,19,366,77440,372,135,78178,77806,366,557,0,1
f73d55cf-1c48-412b-9e84-8cd33f0e1045,2,1,20,2174,78080,1306,695,81560,80254,2174,2541,0,2
f73d55cf-1c48-412b-9e84-8cd33f0e1045,2,1,21,193,81408,418,184,82019,81601,193,723,0,2
f73d55cf-1c48-412b-9e84-8cd33f0e1045,2,1,22,1407,81920,615,324,83942,83327,1407,1354,0,2
f73d55cf-1c48-412b-9e84-8cd33f0e1045,2,1,23,2903,83840,301,39,87044,86743,2903,131,0,1
f73d55cf-1c48-412b-9e84-8cd33f0e1045,2,1,24,1515,87040,1073,876,89628,88555,1515,3515,0,2
f73d55cf-1c48-412b-9e84-8cd33f0e1045,2,1,25,228,89600,382,100,90210,89828,228,391,0,2
f73d55cf-1c48-412b-9e84-8cd33f0e1045,2,1,26,856,90112,351,275,91319,90968,856,1075,0,1
f73d55cf-1c48-412b-9e84-8cd33f0e1045,2,1,27,146,91264,691,419,92101,91410,146,1628,0,2
f73d55cf-1c48-412b-9e84-8cd33f0e1045,2,1,28,247,92032,570,311,92849,92279,247,1104,0,1
f73d55cf-1c48-412b-9e84-8cd33f0e1045,2,1,29,430,92800,483,246,93713,93230,430,995,0,1
f73d55cf-1c48-412b-9e84-8cd33f0e1045,2,1,30,154,93696,489,101,94339,93850,154,373,0,2
f73d55cf-1c48-412b-9e84-8cd33f0e1045,2,1,31,19007,94336,290,112,113633,113343,19007,441,0,1
f73d55cf-1c48-412b-9e84-8cd33f0e1045,2,1,32,399,113536,676,257,114611,113935,399,875,0,1
f73d55cf-1c48-412b-9e84-8cd33f0e1045,2,1,33,181,114560,234,64,114975,114741,181,192,0,1
f73d55cf-1c48-412b-9e84-8cd33f0e1045,2,1,34,4070,114944,1237,720,120251,119014,4070,2494,62,1
f73d55cf-1c48-412b-9e84-8cd33f0e1045,2,1,35,201,120192,200,108,120593,120393,201,456,0,1
f73d55cf-1c48-412b-9e84-8cd33f0e1045,2,1,36,1289,120576,223,34,122088,121865,1289,142,0,2
f73d55cf-1c48-412b-9e84-8cd33f0e1045,2,1,37,4730,121984,346,150,127060,126714,4730,541,0,2
f73d55cf-1c48-412b-9e84-8cd33f0e1045,2,1,38,1689,126976,348,121,129013,128665,1689,400,0,2
f73d55cf-1c48-412b-9e84-8cd33f0e1045,2,1,39,4816,128896,470,171,134182,133712,4816,600,0,2
f73d55cf-1c48-412b-9e84-8cd33f0e1045,2,1,40,3515,134144,394,191,138053,137659,3515,737,0,1
f73d55cf-1c48-412b-9e84-8cd33f0e1045,2,1,41,2700,137984,579,348,141263,140684,2700,1385,0,2
f73d55cf-1c48-412b-9e84-8cd33f0e1045,2,1,42,1871,141184,829,515,143884,143055,1871,2001,0,2
f73d55cf-1c48-412b-9e84-8cd33f0e1045,2,1,43,182,143872,354,47,144408,144054,182,189,0,2
f73d55cf-1c48-412b-9e84-8cd33f0e1045,2,1,44,1591,144384,1100,460,147075,145975,1591,1684,0,2
f73d55cf-1c48-412b-9e84-8cd33f0e1045,2,1,45,314,147072,460,59,147846,147386,314,241,0,2
f73d55cf-1c48-412b-9e84-8cd33f0e1045,2,1,46,973,147840,498,108,149311,148813,973,412,0,1
f73d55cf-1c48-412b-9e84-8cd33f0e1045,2,1,47,3198,149248,697,351,153143,152446,3198,1254,0,2
f73d55cf-1c48-412b-9e84-8cd33f0e1045,2,1,48,6693,153088,870,431,160651,159781,6693,1839,0,2
f73d55cf-1c48-412b-9e84-8cd33f0e1045,2,1,49,3491,160640,748,355,164879,164131,3491,1430,0,2
f73d55cf-1c48-412b-9e84-8cd33f0e1045,2,1,50,2509,164864,847,475,168220,167373,2509,2119,0,2
f73d55cf-1c48-412b-9e84-8cd33f0e1045,2,1,51,1034,168192,546,176,169772,169226,1034,786,0,2
f73d55cf-1c48-412b-9e84-8cd33f0e1045,2,1,52,230,169728,985,609,170943,169958,230,2520,0,2
f73d55cf-1c48-412b-9e84-8cd33f0e1045,2,1,53,282,170880,590,250,171752,171162,282,895,0,2
f73d55cf-1c48-412b-9e84-8cd33f0e1045,2,1,54,2657,171648,764,383,175069,174305,2657,1572,0,1
f73d55cf-1c48-412b-9e84-8cd33f0e1045,2,1,55,257,174976,525,371,175758,175233,257,1524,0,1
f73d55cf-1c48-412b-9e84-8cd33f0e1045,2,1,56,865,175744,188,57,176797,176609,865,261,0,1
f73d55cf-1c48-412b-9e84-8cd33f0e1045,2,1,57,7490,176768,468,307,184726,184258,7490,1409,0,1
f73d55cf-1c48-412b-9e84-8cd33f0e1045,2,1,58,3384,184704,9055,3838,197143,188088,3384,15035,62,1
f73d55cf-1c48-412b-9e84-8cd33f0e1045,2,1,59,205,196992,144,50,197341,197197,205,196,0,1
f73d55cf-1c48-412b-9e84-8cd33f0e1045,2,1,60,142,197248,762,298,198152,197390,142,1052,51,1
f73d55cf-1c48-412b-9e84-8cd33f0e1045,2,1,61,176,198016,1492,0,199684,198192,176,0,0,1
f73d55cf-1c48-412b-9e84-8cd33f0e1045,2,1,62,172,199552,1575,21,201299,199724,172,92,0,1
f73d55cf-1c48-412b-9e84-8cd33f0e1045,2,1,63,251,201088,802,0,202141,201339,251,0,0,1
f73d55cf-1c48-412b-9e84-8cd33f0e1045,2,1,64,197,201984,95,0,202276,202181,197,0,0,1
f73d55cf-1c48-412b-9e84-8cd33f0e1045,2,1,65,186,202112,5052,512,207350,202298,186,1686,122,1
f73d55cf-1c48-412b-9e84-8cd33f0e1045,2,1,66,172,207232,83,0,207487,207404,172,0,0,1
f73d55cf-1c48-412b-9e84-8cd33f0e1045,2,1,67,147,207360,663,246,208170,207507,147,857,0,1
f73d55cf-1c48-412b-9e84-8cd33f0e1045,2,1,68,210,208000,1655,0,209865,208210,210,0,0,1
f73d55cf-1c48-412b-9e84-8cd33f0e1045,2,1,69,241,209664,731,0,210636,209905,241,0,0,1
f73d55cf-1c48-412b-9e84-8cd33f0e1045,2,1,70,244,210432,101,0,210777,210676,244,0,0,1
f73d55cf-1c48-412b-9e84-8cd33f0e1045,2,1,71,693,210688,2723,866,214104,211381,693,3483,0,2
f73d55cf-1c48-412b-9e84-8cd33f0e1045,2,1,72,145,214016,744,0,214905,214161,145,0,2872,0
f77cc8b8-0dbc-4a09-bc93-2b32146d1abb,3,1,1,4100,7936,193,0,12229,12036,4100,0,47,2
f77cc8b8-0dbc-4a09-bc93-2b32146d1abb,3,1,2,4629,12160,230,38,17019,16789,4629,173,0,2
f77cc8b8-0dbc-4a09-bc93-2b32146d1abb,3,1,3,1947,16896,781,161,19624,18843,1947,607,0,2
f77cc8b8-0dbc-4a09-bc93-2b32146d1abb,3,1,4,1094,19584,826,52,21504,20678,1094,216,0,1
f77cc8b8-0dbc-4a09-bc93-2b32146d1abb,3,1,5,911,21504,637,513,23052,22415,911,1990,0,1
f77cc8b8-0dbc-4a09-bc93-2b32146d1abb,3,1,6,1665,23040,288,93,24993,24705,1665,375,0,2
f77cc8b8-0dbc-4a09-bc93-2b32146d1abb,3,1,7,205,24832,384,45,25421,25037,205,189,0,2
f77cc8b8-0dbc-4a09-bc93-2b32146d1abb,3,1,8,243,25344,437,105,26024,25587,243,426,0,1
f77cc8b8-0dbc-4a09-bc93-2b32146d1abb,3,1,9,217,25856,754,53,26827,26073,217,177,0,1
f77cc8b8-0dbc-4a09-bc93-2b32146d1abb,3,1,10,221,26624,141,30,26986,26845,221,124,0,1
f77cc8b8-0dbc-4a09-bc93-2b32146d1abb,3,1,11,529,26880,186,0,27595,27409,529,0,0,1
f77cc8b8-0dbc-4a09-bc93-2b32146d1abb,3,1,12,579,27520,836,130,28935,28099,579,392,0,1
f77cc8b8-0dbc-4a09-bc93-2b32146d1abb,3,1,13,547,28928,524,178,29999,29475,547,747,0,1
f77cc8b8-0dbc-4a09-bc93-2b32146d1abb,3,1,14,221,29952,347,187,30520,30173,221,732,0,2
f77cc8b8-0dbc-4a09-bc93-2b32146d1abb,3,1,15,2532,30464,463,217,33459,32996,2532,800,0,1
f77cc8b8-0dbc-4a09-bc93-2b32146d1abb,3,1,16,178,33408,499,251,34085,33586,178,914,0,2
f77cc8b8-0dbc-4a09-bc93-2b32146d1abb,3,1,17,589,34048,344,73,34981,34637,589,263,0,2
f77cc8b8-0dbc-4a09-bc93-2b32146d1abb,3,1,18,771,34944,910,658,36625,35715,771,2402,0,1
f77cc8b8-0dbc-4a09-bc93-2b32146d1abb,3,1,19,377,36608,405,52,37390,36985,377,206,0,1
f77cc8b8-0dbc-4a09-bc93-2b32146d1abb,3,1,20,177,37248,1052,588,38477,37425,177,2012,0,2
f77cc8b8-0dbc-4a09-bc93-2b32146d1abb,3,1,21,1033,38400,944,309,40377,39433,1033,1105,0,2
f77cc8b8-0dbc-4a09-bc93-2b32146d1abb,3,1,22,370,40320,415,50,41105,40690,370,201,0,1
f77cc8b8-0dbc-4a09-bc93-2b32146d1abb,3,1,23,2255,41088,744,288,44087,43343,2255,1062,0,2
f77cc8b8-0dbc-4a09-bc93-2b32146d1abb,3,1,24,1473,44032,966,150,46471,45505,1473,527,0,1
f77cc8b8-0dbc-4a09-bc93-2b32146d1abb,3,1,25,906,46464,530,95,47900,47370,906,403,0,2
f77cc8b8-0dbc-4a09-bc93-2b32146d1abb,3,1,26,406,47872,204,0,48482,48278,406,0,0,2
f77cc8b8-0dbc-4a09-bc93-2b32146d1abb,3,1,27,4597,48384,164,123,53145,52981,4597,640,0,1
f77cc8b8-0dbc-4a09-bc93-2b32146d1abb,3,1,28,179,52992,101,0,53272,53171,179,0,0,1
f77cc8b8-0dbc-4a09-bc93-2b32146d1abb,3,1,29,9129,53248,1100,440,63477,62377,9129,1737,0,2
f77cc8b8-0dbc-4a09-bc93-2b32146d1abb,3,1,30,180,63360,495,223,64035,63540,180,663,0,2
f77cc8b8-0dbc-4a09-bc93-2b32146d1abb,3,1,31,776,64000,646,341,65422,64776,776,1204,0,1
f77cc8b8-0dbc-4a09-bc93-2b32146d1abb,3,1,32,189,65408,372,33,65969,65597,189,149,0,1
f77cc8b8-0dbc-4a09-bc93-2b32146d1abb,3,1,33,203,65792,402,114,66397,65995,203,412,0,1
f77cc8b8-0dbc-4a09-bc93-2b32146d1abb,3,1,34,255,66304,562,47,67121,66559,255,186,0,1
f77cc8b8-0dbc-4a09-bc93-2b32146d1abb,3,1,35,229,66944,309,18,67482,67173,229,80,0,1
f77cc8b8-0dbc-4a09-bc93-2b32146d1abb,3,1,36,273,67456,685,98,68414,67729,273,407,0,1
f77cc8b8-0dbc-4a09-bc93-2b32146d1abb,3,1,37,224,68224,950,363,69398,68448,224,1490,0,2
f77cc8b8-0dbc-4a09-bc93-2b32146d1abb,3,1,38,193,69376,611,329,70180,69569,193,1236,0,1
f77cc8b8-0dbc-4a09-bc93-2b32146d1abb,3,1,39,757,70144,147,51,71048,70901,757,194,0,2
f77cc8b8-0dbc-4a09-bc93-2b32146d1abb,3,1,40,223,70912,278,159,71413,71135,223,597,0,1
f77cc8b8-0dbc-4a09-bc93-2b32146d1abb,3,1,41,6821,71296,502,157,78619,78117,6821,638,0,1
f77cc8b8-0dbc-4a09-bc93-2b32146d1abb,3,1,42,198,78592,503,90,79293,78790,198,379,0,1
f77cc8b8-0dbc-4a09-bc93-2b32146d1abb,3,1,43,216,79104,855,338,80175,79320,216,1253,0,2
f77cc8b8-0dbc-4a09-bc93-2b32146d1abb,3,1,44,241,80000,305,99,80546,80241,241,411,0,2
f77cc8b8-0dbc-4a09-bc93-2b32146d1abb,3,1,45,183,80512,567,161,81262,80695,183,636,0,1
f77cc8b8-0dbc-4a09-bc93-2b32146d1abb,3,1,46,252,81024,173,48,81449,81276,252,236,0,1
f77cc8b8-0dbc-4a09-bc93-2b32146d1abb,3,1,47,254,81280,675,155,82209,81534,254,551,0,1
f77cc8b8-0dbc-4a09-bc93-2b32146d1abb,3,1,48,317,82176,1194,528,83687,82493,317,2168,0,2
f77cc8b8-0dbc-4a09-bc93-2b32146d1abb,3,1,49,1873,83584,761,543,86218,85457,1873,2119,0,2
f77cc8b8-0dbc-4a09-bc93-2b32146d1abb,3,1,50,3428,86144,136,59,89708,89572,3428,258,0,1
f77cc8b8-0dbc-4a09-bc93-2b32146d1abb,3,1,51,158,89600,230,149,89988,89758,158,635,0,1
f77cc8b8-0dbc-4a09-bc93-2b32146d1abb,3,1,52,215,89984,291,47,90490,90199,215,215,0,2
f77cc8b8-0dbc-4a09-bc93-2b32146d1abb,3,1,53,1354,90368,974,632,92696,91722,1354,2364,0,1
f77cc8b8-0dbc-4a09-bc93-2b32146d1abb,3,1,54,342,92672,589,246,93603,93014,342,778,0,1
f77cc8b8-0dbc-4a09-bc93-2b32146d1abb,3,1,55,597,93568,307,132,94472,94165,597,453,0,1
f77cc8b8-0dbc-4a09-bc93-2b32146d1abb,3,1,56,513,94464,424,204,95401,94977,513,704,0,1
f77cc8b8-0dbc-4a09-bc93-2b32146d1abb,3,1,57,474,95360,620,96,96454,95834,474,319,0,1
f77cc8b8-0dbc-4a09-bc93-2b32146d1abb,3,1,58,373,96384,250,119,97007,96757,373,424,0,1
f77cc8b8-0dbc-4a09-bc93-2b32146d1abb,3,1,59,1119,96896,838,268,98853,98015,1119,877,0,1
f77cc8b8-0dbc-4a09-bc93-2b32146d1abb,3,1,60,2500,98816,416,276,101732,101316,2500,947,0,1
f77cc8b8-0dbc-4a09-bc93-2b32146d1abb,3,1,61,5362,101632,1102,724,108096,106994,5362,2358,0,2
f77cc8b8-0dbc-4a09-bc93-2b32146d1abb,3,1,62,3786,108032,1031,502,112849,111818,3786,1592,0,1
f77cc8b8-0dbc-4a09-bc93-2b32146d1abb,3,1,63,835,112768,214,78,113817,113603,835,323,0,1
f77cc8b8-0dbc-4a09-bc93-2b32146d1abb,3,1,64,1888,113792,512,375,116192,115680,1888,1505,0,1
f77cc8b8-0dbc-4a09-bc93-2b32146d1abb,3,1,65,3109,116096,463,214,119668,119205,3109,847,0,2
f77cc8b8-0dbc-4a09-bc93-2b32146d1abb,3,1,66,1770,119296,572,368,121638,121066,1770,1450,0,2
f77cc8b8-0dbc-4a09-bc93-2b32146d1abb,3,1,67,3950,121600,598,157,126148,125550,3950,579,0,2
f77cc8b8-0dbc-4a09-bc93-2b32146d1abb,3,1,68,1356,126080,566,171,128002,127436,1356,578,0,2
f77cc8b8-0dbc-4a09-bc93-2b32146d1abb,3,1,69,196,128000,519,186,128715,128196,196,662,0,2
f77cc8b8-0dbc-4a09-bc93-2b32146d1abb,3,1,70,2287,128640,1595,1016,132522,130927,2287,4062,0,2
f77cc8b8-0dbc-4a09-bc93-2b32146d1abb,3,1,71,246,132352,512,111,133110,132598,246,481,0,2
f77cc8b8-0dbc-4a09-bc93-2b32146d1abb,3,1,72,615,132992,904,173,134511,133607,615,617,0,2
f77cc8b8-0dbc-4a09-bc93-2b32146d1abb,3,1,73,404,134400,612,115,135416,134804,404,373,0,2
f77cc8b8-0dbc-4a09-bc93-2b32146d1abb,3,1,74,2362,135296,616,173,138274,137658,2362,668,0,2
f77cc8b8-0dbc-4a09-bc93-2b32146d1abb,3,1,75,1902,138240,1279,590,141421,140142,1902,2213,0,1
f77cc8b8-0dbc-4a09-bc93-2b32146d1abb,3,1,76,626,141312,573,162,142511,141938,626,551,0,2
f77cc8b8-0dbc-4a09-bc93-2b32146d1abb,3,1,77,1421,142464,421,201,144306,143885,1421,754,0,2
f77cc8b8-0dbc-4a09-bc93-2b32146d1abb,3,1,78,621,144256,147,51,145024,144877,621,242,0,1
f77cc8b8-0dbc-4a09-bc93-2b32146d1abb,3,1,79,862,145024,347,143,146233,145886,862,636,0,2
f77cc8b8-0dbc-4a09-bc93-2b32146d1abb,3,1,80,1035,146176,361,173,147572,147211,1035,722,0,2
f77cc8b8-0dbc-4a09-bc93-2b32146d1abb,3,1,81,2237,147456,371,248,150064,149693,2237,1085,0,1
f77cc8b8-0dbc-4a09-bc93-2b32146d1abb,3,1,82,791,150016,531,162,151338,150807,791,640,0,2
f77cc8b8-0dbc-4a09-bc93-2b32146d1abb,3,1,83,570,151296,471,111,152337,151866,570,335,0,2
f77cc8b8-0dbc-4a09-bc93-2b32146d1abb,3,1,84,1546,152320,1026,290,154892,153866,1546,1075,0,1
f77cc8b8-0dbc-4a09-bc93-2b32146d1abb,3,1,85,161,154880,314,100,155355,155041,161,399,0,2
f77cc8b8-0dbc-4a09-bc93-2b32146d1abb,3,1,86,331,155264,216,73,155811,155595,331,309,0,2
f77cc8b8-0dbc-4a09-bc93-2b32146d1abb,3,1,87,3130,155776,1344,527,160250,158906,3130,1627,0,1
f77cc8b8-0dbc-4a09-bc93-2b32146d1abb,3,1,88,859,160128,262,72,161249,160987,859,220,0,1
f77cc8b8-0dbc-4a09-bc93-2b32146d1abb,3,1,89,1798,161152,831,509,163781,162950,1798,1972,0,2
f77cc8b8-0dbc-4a09-bc93-2b32146d1abb,3,1,90,1589,163712,686,255,165987,165301,1589,1139,0,2
f77cc8b8-0dbc-4a09-bc93-2b32146d1abb,3,1,91,1060,165888,409,249,167357,166948,1060,1120,0,1
f77cc8b8-0dbc-4a09-bc93-2b32146d1abb,3,1,92,719,167296,424,281,168439,168015,719,978,0,1
f77cc8b8-0dbc-4a09-bc93-2b32146d1abb,3,1,93,163,168320,152,25,168635,168483,163,103,0,1
f77cc8b8-0dbc-4a09-bc93-2b32146d1abb,3,1,94,148,168576,471,49,169195,168724,148,245,0,1
f77cc8b8-0dbc-4a09-bc93-2b32146d1abb,3,1,95,325,169088,226,70,169639,169413,325,326,0,1
f77cc8b8-0dbc-4a09-bc93-2b32146d1abb,3,1,96,1041,169600,640,457,171281,170641,1041,1623,0,2
f77cc8b8-0dbc-4a09-bc93-2b32146d1abb,3,1,97,1195,171264,1039,787,173498,172459,1195,3223,0,2
f77cc8b8-0dbc-4a09-bc93-2b32146d1abb,3,1,98,7974,173440,728,575,182142,181414,7974,2403,0,2
f77cc8b8-0dbc-4a09-bc93-2b32146d1abb,3,1,99,1828,182016,1625,662,185469,183844,1828,2707,0,2
f77cc8b8-0dbc-4a09-bc93-2b32146d1abb,3,1,100,380,185344,317,32,186041,185724,380,139,0,2
f77cc8b8-0dbc-4a09-bc93-2b32146d1abb,3,1,101,1173,185984,239,122,187396,187157,1173,569,0,1
f77cc8b8-0dbc-4a09-bc93-2b32146d1abb,3,1,102,720,187392,471,395,188583,188112,720,1849,0,1
f77cc8b8-0dbc-4a09-bc93-2b32146d1abb,3,1,103,4205,188544,562,252,193311,192749,4205,897,0,2
f77cc8b8-0dbc-4a09-bc93-2b32146d1abb,3,1,104,3295,193280,487,65,197062,196575,3295,220,0,2
f77cc8b8-0dbc-4a09-bc93-2b32146d1abb,3,1,105,1924,196992,707,268,199623,198916,1924,1104,0,1
f77cc8b8-0dbc-4a09-bc93-2b32146d1abb,3,1,106,192,199552,1081,115,200825,199744,192,504,0,1
f77cc8b8-0dbc-4a09-bc93-2b32146d1abb,3,1,107,861,200704,505,107,202070,201565,861,410,0,2
f77cc8b8-0dbc-4a09-bc93-2b32146d1abb,3,1,108,1338,201984,14946,1196,218268,203322,1338,5273,0,1
f77cc8b8-0dbc-4a09-bc93-2b32146d1abb,3,1,109,215,218112,1236,731,219563,218327,215,2538,0,1
f77cc8b8-0dbc-4a09-bc93-2b32146d1abb,3,1,110,478,219520,724,517,220722,219998,478,1498,0,2
f77cc8b8-0dbc-4a09-bc93-2b32146d1abb,3,1,111,230,220544,1321,0,222095,220774,230,0,0,1
f77cc8b8-0dbc-4a09-bc93-2b32146d1abb,3,1,112,181,221952,800,16,222933,222133,181,63,2824,0
fc1be9de-04ba-4111-abe0-c4c21b4b864c,3,1,1,3258,7936,220,0,11414,11194,3258,0,78,2
fc1be9de-04ba-4111-abe0-c4c21b4b864c,3,1,2,3530,11392,784,293,15706,14922,3530,1318,0,3
fc1be9de-04ba-4111-abe0-c4c21b4b864c,3,1,3,700,15616,473,87,16789,16316,700,333,0,2
fc1be9de-04ba-4111-abe0-c4c21b4b864c,3,1,4,594,16768,2960,108,20322,17362,594,458,0,3
fc1be9de-04ba-4111-abe0-c4c21b4b864c,3,1,5,1647,20224,366,168,22237,21871,1647,646,102,1
fc1be9de-04ba-4111-abe0-c4c21b4b864c,3,1,6,2036,22144,1144,647,25324,24180,2036,2035,0,2
fc1be9de-04ba-4111-abe0-c4c21b4b864c,3,1,7,1939,25216,920,264,28075,27155,1939,1079,0,2
fc1be9de-04ba-4111-abe0-c4c21b4b864c,3,1,8,3123,28032,1375,615,32530,31155,3123,1936,66,2
fc1be9de-04ba-4111-abe0-c4c21b4b864c,3,1,9,2972,32512,706,377,36190,35484,2972,1455,0,2
fc1be9de-04ba-4111-abe0-c4c21b4b864c,3,1,10,3484,36096,1400,1003,40980,39580,3484,3437,0,2
fc1be9de-04ba-4111-abe0-c4c21b4b864c,3,1,11,5389,40960,1570,1067,47919,46349,5389,4041,0,2
fc1be9de-04ba-4111-abe0-c4c21b4b864c,3,1,12,2616,47872,1559,877,52047,50488,2616,3247,0,2
fc1be9de-04ba-4111-abe0-c4c21b4b864c,3,1,13,1558,51968,1105,645,54631,53526,1558,2477,0,2
fc1be9de-04ba-4111-abe0-c4c21b4b864c,3,1,14,3137,54528,574,483,58239,57665,3137,2028,0,1
fc1be9de-04ba-4111-abe0-c4c21b4b864c,3,1,15,1531,58112,361,43,60004,59643,1531,179,78,2
fc1be9de-04ba-4111-abe0-c4c21b4b864c,3,1,16,5405,59904,611,304,65920,65309,5405,1395,0,2
fc1be9de-04ba-4111-abe0-c4c21b4b864c,3,1,17,2843,65920,901,463,69664,68763,2843,1969,0,2
fc1be9de-04ba-4111-abe0-c4c21b4b864c,3,1,18,1317,69632,692,153,71641,70949,1317,590,0,2
fc1be9de-04ba-4111-abe0-c4c21b4b864c,3,1,19,2101,71552,681,234,74334,73653,2101,829,0,2
fc1be9de-04ba-4111-abe0-c4c21b4b864c,3,1,20,1955,74240,875,449,77070,76195,1955,1599,0,2
fc1be9de-04ba-4111-abe0-c4c21b4b864c,3,1,21,2689,77056,1051,618,80796,79745,2689,2497,70,1
fc1be9de-04ba-4111-abe0-c4c21b4b864c,3,1,22,183,80768,243,20,81194,80951,183,102,0,1
fc1be9de-04ba-4111-abe0-c4c21b4b864c,3,1,23,272,81152,592,141,82016,81424,272,600,0,1
fc1be9de-04ba-4111-abe0-c4c21b4b864c,3,1,24,393,81920,531,62,82844,82313,393,249,0,1
fc1be9de-04ba-4111-abe0-c4c21b4b864c,3,1,25,988,82816,1055,566,84859,83804,988,1917,0,2
fc1be9de-04ba-4111-abe0-c4c21b4b864c,3,1,26,2179,84736,967,460,87882,86915,2179,1657,0,2
fc1be9de-04ba-4111-abe0-c4c21b4b864c,3,1,27,1713,87808,826,264,90347,89521,1713,888,0,2
fc1be9de-04ba-4111-abe0-c4c21b4b864c,3,1,28,1597,90240,886,609,92723,91837,1597,2232,0,2
fc1be9de-04ba-4111-abe0-c4c21b4b864c,3,1,29,2473,92672,1024,574,96169,95145,2473,1962,0,2
fc1be9de-04ba-4111-abe0-c4c21b4b864c,3,1,30,778,96128,784,363,97690,96906,778,1441,0,2
fc1be9de-04ba-4111-abe0-c4c21b4b864c,3,1,31,1050,97664,774,212,99488,98714,1050,823,0,2
fc1be9de-04ba-4111-abe0-c4c21b4b864c,3,1,32,913,99456,1051,374,101420,100369,913,1335,0,2
fc1be9de-04ba-4111-abe0-c4c21b4b864c,3,1,33,1765,101376,888,504,104029,103141,1765,1781,0,2
fc1be9de-04ba-4111-abe0-c4c21b4b864c,3,1,34,1083,103936,696,235,105715,105019,1083,965,0,2
fc1be9de-04ba-4111-abe0-c4c21b4b864c,3,1,35,710,105088,2148,1977,107946,105798,710,6258,0,1
fc1be9de-04ba-4111-abe0-c4c21b4b864c,3,1,36,528,107904,579,101,109011,108432,528,392,0,1
fc1be9de-04ba-4111-abe0-c4c21b4b864c,3,1,37,391,108928,395,141,109714,109319,391,651,0,1
fc1be9de-04ba-4111-abe0-c4c21b4b864c,3,1,38,178,109568,360,0,110106,109746,178,0,0,1
fc1be9de-04ba-4111-abe0-c4c21b4b864c,3,1,39,913,110080,363,211,111356,110993,913,955,0,1
fc1be9de-04ba-4111-abe0-c4c21b4b864c,3,1,40,138,111232,212,0,111582,111370,138,0,0,1
fc1be9de-04ba-4111-abe0-c4c21b4b864c,3,1,41,481,111488,11438,154,123407,111969,481,702,63,1
fc1be9de-04ba-4111-abe0-c4c21b4b864c,3,1,42,207,123264,308,132,123779,123471,207,482,0,1
fc1be9de-04ba-4111-abe0-c4c21b4b864c,3,1,43,160,123776,10758,565,134694,123936,160,2090,86,1
fc1be9de-04ba-4111-abe0-c4c21b4b864c,3,1,44,230,134528,231,27,134989,134758,230,90,0,1
fc1be9de-04ba-4111-abe0-c4c21b4b864c,3,1,45,246,134784,10368,270,145398,135030,246,820,57,1
fc1be9de-04ba-4111-abe0-c4c21b4b864c,3,1,46,182,145280,341,123,145803,145462,182,510,0,1
fc1be9de-04ba-4111-abe0-c4c21b4b864c,3,1,47,143,145792,3147,306,149082,145935,143,831,56,2
fc1be9de-04ba-4111-abe0-c4c21b4b864c,3,1,48,186,148992,3960,0,153138,149178,186,0,0,2
fc1be9de-04ba-4111-abe0-c4c21b4b864c,3,1,49,146,153088,3233,0,156467,153234,146,0,0,1
fc1be9de-04ba-4111-abe0-c4c21b4b864c,3,1,50,233,156288,259,47,156780,156521,233,196,0,1
fc1be9de-04ba-4111-abe0-c4c21b4b864c,3,1,51,325,156672,1940,130,158937,156997,325,430,0,2
fc1be9de-04ba-4111-abe0-c4c21b4b864c,3,1,52,193,158848,139,37,159180,159041,193,162,0,1
fc1be9de-04ba-4111-abe0-c4c21b4b864c,3,1,53,1424,159104,539,202,161067,160528,1424,856,0,2
fc1be9de-04ba-4111-abe0-c4c21b4b864c,3,1,54,139,161024,632,83,161795,161163,139,396,0,2
fc1be9de-04ba-4111-abe0-c4c21b4b864c,3,1,55,227,161664,285,37,162176,161891,227,158,0,1
fc1be9de-04ba-4111-abe0-c4c21b4b864c,3,1,56,212,162048,398,264,162658,162260,212,1190,0,1
fc1be9de-04ba-4111-abe0-c4c21b4b864c,3,1,57,145,162560,1662,0,164367,162705,145,0,0,1
fc1be9de-04ba-4111-abe0-c4c21b4b864c,3,1,58,182,164224,228,0,164634,164406,182,0,0,1
fc1be9de-04ba-4111-abe0-c4c21b4b864c,3,1,59,182,164480,1023,0,165685,164662,182,0,3884,0
fd99d7af-8074-4047-8e7d-4e2aa26856b5,3,1,1,3524,7936,250,0,11710,11460,3524,0,109,2
fd99d7af-8074-4047-8e7d-4e2aa26856b5,3,1,2,1730,11648,213,32,13591,13378,1730,166,0,2
fd99d7af-8074-4047-8e7d-4e2aa26856b5,3,1,3,2847,13568,282,81,16697,16415,2847,387,0,2
fd99d7af-8074-4047-8e7d-4e2aa26856b5,3,1,4,3321,16640,821,398,20782,19961,3321,1413,0,2
fd99d7af-8074-4047-8e7d-4e2aa26856b5,3,1,5,212,20608,399,40,21219,20820,212,179,0,4
fd99d7af-8074-4047-8e7d-4e2aa26856b5,3,1,6,8733,21120,803,372,30656,29853,8733,1421,0,3
fd99d7af-8074-4047-8e7d-4e2aa26856b5,3,1,7,39140,30592,5565,640,75297,69732,39140,2590,249,4
fd99d7af-8074-4047-8e7d-4e2aa26856b5,3,1,8,245,75136,256,134,75637,75381,245,576,96,2
fd99d7af-8074-4047-8e7d-4e2aa26856b5,3,1,9,225,75520,419,71,76164,75745,225,297,0,2
fd99d7af-8074-4047-8e7d-4e2aa26856b5,3,1,10,625,76160,560,319,77345,76785,625,1352,0,2
fd99d7af-8074-4047-8e7d-4e2aa26856b5,3,1,11,465,77312,726,154,78503,77777,465,632,0,2
fd99d7af-8074-4047-8e7d-4e2aa26856b5,3,1,12,661,78464,512,250,79637,79125,661,955,0,2
fd99d7af-8074-4047-8e7d-4e2aa26856b5,3,1,13,246,79616,735,138,80597,79862,246,611,92,1
fd99d7af-8074-4047-8e7d-4e2aa26856b5,3,1,14,320,80512,123,0,80955,80832,320,0,0,1
fd99d7af-8074-4047-8e7d-4e2aa26856b5,3,1,15,8902,80896,558,352,90356,89798,8902,1371,0,2
fd99d7af-8074-4047-8e7d-4e2aa26856b5,3,1,16,14276,90240,1336,1014,105852,104516,14276,3834,0,2
fd99d7af-8074-4047-8e7d-4e2aa26856b5,3,1,17,4058,105728,657,157,110443,109786,4058,666,0,2
fd99d7af-8074-4047-8e7d-4e2aa26856b5,3,1,18,18855,110336,521,411,129712,129191,18855,1703,96,2
fd99d7af-8074-4047-8e7d-4e2aa26856b5,3,1,19,783,129664,743,149,131190,130447,783,578,77,2
fd99d7af-8074-4047-8e7d-4e2aa26856b5,3,1,20,1560,131072,531,400,133163,132632,1560,1425,90,2
fd99d7af-8074-4047-8e7d-4e2aa26856b5,3,1,21,3372,133120,1038,525,137530,136492,3372,2082,0,2
fd99d7af-8074-4047-8e7d-4e2aa26856b5,3,1,22,894,137472,438,99,138804,138366,894,374,0,2
fd99d7af-8074-4047-8e7d-4e2aa26856b5,3,1,23,49908,138752,1369,894,190029,188660,49908,3430,88,1
fd99d7af-8074-4047-8e7d-4e2aa26856b5,3,1,24,449,189952,1026,328,191427,190401,449,1322,0,2
fd99d7af-8074-4047-8e7d-4e2aa26856b5,3,1,25,936,191360,719,380,193015,192296,936,1539,0,1
fd99d7af-8074-4047-8e7d-4e2aa26856b5,3,1,26,790,192896,830,365,194516,193686,790,1489,142,2
fd99d7af-8074-4047-8e7d-4e2aa26856b5,3,1,27,408,194432,952,604,195792,194840,408,2181,0,2
fd99d7af-8074-4047-8e7d-4e2aa26856b5,3,1,28,712,195712,499,184,196923,196424,712,679,0,2
fd99d7af-8074-4047-8e7d-4e2aa26856b5,3,1,29,998,196864,621,364,198483,197862,998,1535,0,2
fd99d7af-8074-4047-8e7d-4e2aa26856b5,3,1,30,990,198400,542,290,199932,199390,990,1202,0,2
fd99d7af-8074-4047-8e7d-4e2aa26856b5,3,1,31,885,199808,690,258,201383,200693,885,1023,0,2
fd99d7af-8074-4047-8e7d-4e2aa26856b5,3,1,32,835,201344,458,173,202637,202179,835,665,0,2
fd99d7af-8074-4047-8e7d-4e2aa26856b5,3,1,33,919,202624,623,438,204166,203543,919,1745,0,1
fd99d7af-8074-4047-8e7d-4e2aa26856b5,3,1,34,544,204160,461,202,205165,204704,544,790,0,2
fd99d7af-8074-4047-8e7d-4e2aa26856b5,3,1,35,151,205056,395,36,205602,205207,151,155,0,2
fd99d7af-8074-4047-8e7d-4e2aa26856b5,3,1,36,195,205440,395,101,206030,205635,195,439,0,1
fd99d7af-8074-4047-8e7d-4e2aa26856b5,3,1,37,232,205824,339,172,206395,206056,232,786,0,1
fd99d7af-8074-4047-8e7d-4e2aa26856b5,3,1,38,182,206336,2593,2375,209111,206518,182,8885,0,1
fd99d7af-8074-4047-8e7d-4e2aa26856b5,3,1,39,314,209024,511,203,209849,209338,314,844,0,1
fd99d7af-8074-4047-8e7d-4e2aa26856b5,3,1,40,199,209664,8260,216,218123,209863,199,885,58,1
fd99d7af-8074-4047-8e7d-4e2aa26856b5,3,1,41,201,217984,281,86,218466,218185,201,289,0,1
fd99d7af-8074-4047-8e7d-4e2aa26856b5,3,1,42,178,218368,8236,519,226782,218546,178,1751,130,1
fd99d7af-8074-4047-8e7d-4e2aa26856b5,3,1,43,156,226688,232,0,227076,226844,156,0,0,1
fd99d7af-8074-4047-8e7d-4e2aa26856b5,3,1,44,174,226944,1792,577,228910,227118,174,2134,72,2
fd99d7af-8074-4047-8e7d-4e2aa26856b5,3,1,45,138,228864,2156,0,231158,229002,138,0,0,2
fd99d7af-8074-4047-8e7d-4e2aa26856b5,3,1,46,210,231040,1518,0,232768,231250,210,0,0,2
fd99d7af-8074-4047-8e7d-4e2aa26856b5,3,1,47,156,232704,182,0,233042,232860,156,0,0,1
fd99d7af-8074-4047-8e7d-4e2aa26856b5,3,1,48,297,232960,1717,322,234974,233257,297,1134,0,2
fd99d7af-8074-4047-8e7d-4e2aa26856b5,3,1,49,186,234880,1545,0,236611,235066,186,0,0,2
fd99d7af-8074-4047-8e7d-4e2aa26856b5,3,1,50,159,236544,171,0,236874,236703,159,0,0,1
fd99d7af-8074-4047-8e7d-4e2aa26856b5,3,1,51,153,236800,1041,293,237994,236953,153,1154,64,1
fd99d7af-8074-4047-8e7d-4e2aa26856b5,3,1,52,222,237824,135,33,238181,238046,222,136,0,1
fd99d7af-8074-4047-8e7d-4e2aa26856b5,3,1,53,1160,238080,857,60,240097,239240,1160,238,0,2
fd99d7af-8074-4047-8e7d-4e2aa26856b5,3,1,54,189,240000,930,0,241119,240189,189,0,0,2
fd99d7af-8074-4047-8e7d-4e2aa26856b5,3,1,55,187,241024,155,0,241366,241211,187,0,0,1
fd99d7af-8074-4047-8e7d-4e2aa26856b5,3,1,56,254,241152,599,416,242005,241406,254,1850,0,1
fd99d7af-8074-4047-8e7d-4e2aa26856b5,3,1,57,274,241920,220,86,242414,242194,274,404,0,1
fd99d7af-8074-4047-8e7d-4e2aa26856b5,3,1,58,139,242304,1333,0,243776,242443,139,0,0,1
fd99d7af-8074-4047-8e7d-4e2aa26856b5,3,1,59,231,243584,1263,60,245078,243815,231,252,4660,0
fe9e2e13-60d9-4f06-b9a7-06ae33839116,3,1,1,3334,7936,201,0,11471,11270,3334,0,100,2
fe9e2e13-60d9-4f06-b9a7-06ae33839116,3,1,2,4213,11392,825,408,16430,15605,4213,1815,70,3
fe9e2e13-60d9-4f06-b9a7-06ae33839116,3,1,3,231,16256,218,48,16705,16487,231,222,0,2
fe9e2e13-60d9-4f06-b9a7-06ae33839116,3,1,4,3451,16640,2723,343,22814,20091,3451,1498,154,2
fe9e2e13-60d9-4f06-b9a7-06ae33839116,3,1,5,202,22656,1003,607,23861,22858,202,2333,104,3
fe9e2e13-60d9-4f06-b9a7-06ae33839116,3,1,6,418,23808,562,36,24788,24226,418,164,0,3
fe9e2e13-60d9-4f06-b9a7-06ae33839116,3,1,7,1554,24704,515,54,26773,26258,1554,250,0,2
fe9e2e13-60d9-4f06-b9a7-06ae33839116,3,1,8,219,26752,612,236,27583,26971,219,1004,0,2
fe9e2e13-60d9-4f06-b9a7-06ae33839116,3,1,9,1916,27520,321,58,29757,29436,1916,239,59,2
fe9e2e13-60d9-4f06-b9a7-06ae33839116,3,1,10,214,29568,319,26,30101,29782,214,117,0,2
fe9e2e13-60d9-4f06-b9a7-06ae33839116,3,1,11,371,30080,376,95,30827,30451,371,370,73,2
fe9e2e13-60d9-4f06-b9a7-06ae33839116,3,1,12,3737,30720,703,365,35160,34457,3737,1208,82,3
fe9e2e13-60d9-4f06-b9a7-06ae33839116,3,1,13,1153,35072,432,145,36657,36225,1153,553,76,2
fe9e2e13-60d9-4f06-b9a7-06ae33839116,3,1,14,1586,36608,668,112,38862,38194,1586,403,117,2
fe9e2e13-60d9-4f06-b9a7-06ae33839116,3,1,15,793,38784,1019,404,40596,39577,793,1394,90,2
fe9e2e13-60d9-4f06-b9a7-06ae33839116,3,1,16,2854,40576,1715,593,45145,43430,2854,1827,78,3
fe9e2e13-60d9-4f06-b9a7-06ae33839116,3,1,17,867,45056,1412,413,47335,45923,867,1313,94,3
fe9e2e13-60d9-4f06-b9a7-06ae33839116,3,1,18,2665,47232,1294,978,51191,49897,2665,3871,69,2
fe9e2e13-60d9-4f06-b9a7-06ae33839116,3,1,19,5053,51072,1193,258,57318,56125,5053,1025,127,1
fe9e2e13-60d9-4f06-b9a7-06ae33839116,3,1,20,141,57216,1168,76,58525,57357,141,281,0,3
fe9e2e13-60d9-4f06-b9a7-06ae33839116,3,1,21,3140,58496,1222,278,62858,61636,3140,1060,0,3
fe9e2e13-60d9-4f06-b9a7-06ae33839116,3,1,22,2847,62848,1442,408,67137,65695,2847,1564,0,3
fe9e2e13-60d9-4f06-b9a7-06ae33839116,3,1,23,2542,67072,1228,347,70842,69614,2542,1275,0,3
fe9e2e13-60d9-4f06-b9a7-06ae33839116,3,1,24,562,70784,1019,342,72365,71346,562,1384,0,3
fe9e2e13-60d9-4f06-b9a7-06ae33839116,3,1,25,3178,72320,534,267,76032,75498,3178,1062,0,2
fe9e2e13-60d9-4f06-b9a7-06ae33839116,3,1,26,1760,76032,753,269,78545,77792,1760,1080,0,2
fe9e2e13-60d9-4f06-b9a7-06ae33839116,3,1,27,225,78464,644,201,79333,78689,225,854,0,2
fe9e2e13-60d9-4f06-b9a7-06ae33839116,3,1,28,1664,79232,2590,2100,83486,80896,1664,7404,73,2
fe9e2e13-60d9-4f06-b9a7-06ae33839116,3,1,29,449,83456,11704,666,95609,83905,449,2318,61,1
fe9e2e13-60d9-4f06-b9a7-06ae33839116,3,1,30,180,95488,148,32,95816,95668,180,142,0,1
fe9e2e13-60d9-4f06-b9a7-06ae33839116,3,1,31,470,95744,1234,43,97448,96214,470,170,100,2
fe9e2e13-60d9-4f06-b9a7-06ae33839116,3,1,32,229,97280,764,44,98273,97509,229,190,2540,0
